,report.entry-url,assertion.code,report.base-taxonomy,report.document-type,assertion.run-date,report.accepted-timestamp,report.accession,entity.code,entity.name,assertion.type
0,http://www.sec.gov/Archives/edgar/data/1840317/000121390024108485/ea0224057-s1_veeainc.htm,DQC.US.0099.9533,US GAAP 2024,S-1,2024-12-13,2024-12-13 06:04:00,0001213900-24-108485,0001840317,VEEA INC.,0099
1,http://www.sec.gov/Archives/edgar/data/1980295/000198029524000021/ima10q_31oct2024.htm,DQC.US.0099.9533,US GAAP 2024,10-Q,2024-12-12,2024-12-12 16:38:00,0001980295-24-000021,0001980295,IMA TECH,0099
2,http://www.sec.gov/Archives/edgar/data/1346610/000121390024108286/ea0224177-posam1_soslimited.htm,DQC.US.0099.9533,US GAAP 2024,POS AM,2024-12-12,2024-12-12 15:01:00,0001213900-24-108286,0001346610,SOS Limited,0099
3,http://www.sec.gov/Archives/edgar/data/1504239/000119983524000544/pcnt-10q.htm,DQC.US.0099.9533,US GAAP 2023,10-Q,2024-12-12,2024-12-12 12:42:00,0001199835-24-000544,0001504239,"POINT OF CARE NANO-TECHNOLOGY, INC.",0099
4,http://www.sec.gov/Archives/edgar/data/1474167/000147793224007979/cosm_s1a.htm,DQC.US.0099.9533,US GAAP 2024,S-1/A,2024-12-11,2024-12-10 16:59:00,0001477932-24-007979,0001474167,COSMOS HEALTH INC.,0099
5,http://www.sec.gov/Archives/edgar/data/74046/000007404624000094/odc-20241031.htm,DQC.US.0099.9533,US GAAP 2023,10-Q,2024-12-09,2024-12-09 16:08:00,0000074046-24-000094,0000074046,OIL-DRI CORPORATION OF AMERICA,0099
6,http://www.sec.gov/Archives/edgar/data/1634117/000163411724000130/bned-20241026.htm,DQC.US.0099.9533,US GAAP 2024,10-Q,2024-12-09,2024-12-09 09:06:00,0001634117-24-000130,0001634117,"BARNES & NOBLE EDUCATION, INC.",0099
7,http://www.sec.gov/Archives/edgar/data/1840317/000121390024106542/ea0222796-s1_veeainc.htm,DQC.US.0099.9533,US GAAP 2024,S-1,2024-12-09,2024-12-06 17:02:00,0001213900-24-106542,0001840317,VEEA INC.,0099
8,http://www.sec.gov/Archives/edgar/data/1193311/000119312524271510/d880088ds4.htm,DQC.US.0099.9533,US GAAP 2024,S-4,2024-12-05,2024-12-05 16:07:00,0001193125-24-271510,0001193311,Oncor Electric Delivery Company LLC,0099
9,http://www.sec.gov/Archives/edgar/data/1409171/000140917124000106/titn-20241031.htm,DQC.US.0099.9533,US GAAP 2024,10-Q,2024-12-05,2024-12-05 16:03:00,0001409171-24-000106,0001409171,TITAN MACHINERY INC.,0099
10,http://www.sec.gov/Archives/edgar/data/744187/000093041324003270/c110595_10q-ixbrl.htm,DQC.US.0099.9533,US GAAP 2024,10-Q,2024-12-05,2024-12-05 15:39:00,0000930413-24-003270,0000744187,REX AMERICAN RESOURCES CORPORATION,0099
11,http://www.sec.gov/Archives/edgar/data/1462223/000165495424015188/nixx_s1.htm,DQC.US.0099.9533,US GAAP 2024,S-1,2024-12-05,2024-12-05 11:01:00,0001654954-24-015188,0001462223,"NIXXY, INC.",0099
12,http://www.sec.gov/Archives/edgar/data/1504239/000119983524000539/pcnt-10q.htm,DQC.US.0099.9533,US GAAP 2023,10-Q/A,2024-12-05,2024-12-05 10:56:00,0001199835-24-000539,0001504239,"POINT OF CARE NANO-TECHNOLOGY, INC.",0099
13,http://www.sec.gov/Archives/edgar/data/1888846/000159991624000309/ultimate_10q125o.htm,DQC.US.0099.9533,US GAAP 2024,10-Q,2024-12-05,2024-12-05 07:59:00,0001599916-24-000309,0001888846,"Ultimate Holdings GROUP, Inc.",0099
14,http://www.sec.gov/Archives/edgar/data/1877461/000147793224007829/cbdw_s1a.htm,DQC.US.0099.9533,US GAAP 2024,S-1/A,2024-12-04,2024-12-04 15:08:00,0001477932-24-007829,0001877461,1606 Corp.,0099
15,http://www.sec.gov/Archives/edgar/data/1504239/000119983524000533/pcnt-10q.htm,DQC.US.0099.9533,US GAAP 2023,10-Q,2024-12-04,2024-12-03 17:24:00,0001199835-24-000533,0001504239,"POINT OF CARE NANO-TECHNOLOGY, INC.",0099
16,http://www.sec.gov/Archives/edgar/data/1474167/000147793224007723/cosm_s1a.htm,DQC.US.0099.9533,US GAAP 2024,S-1/A,2024-11-28,2024-11-27 17:27:00,0001477932-24-007723,0001474167,COSMOS HEALTH INC.,0099
17,http://www.sec.gov/Archives/edgar/data/1072725/000107272524000067/gdrzfform6k112724.htm,DQC.US.0099.9533,US GAAP 2024,6-K,2024-11-27,2024-11-27 16:07:00,0001072725-24-000067,0001072725,GOLD RESERVE LTD.,0099
18,http://www.sec.gov/Archives/edgar/data/1605331/000166357724000297/abqq10k_083124.htm,DQC.US.0099.9533,US GAAP 2024,10-K,2024-11-27,2024-11-26 15:48:00,0001663577-24-000297,0001605331,AB International Group Corp.,0099
19,http://www.sec.gov/Archives/edgar/data/1106213/000119983524000525/srfx-10qa.htm,DQC.US.0099.9533,US GAAP 2024,10-Q/A,2024-11-27,2024-11-25 17:59:00,0001199835-24-000525,0001106213,SEAFARER EXPLORATION CORP.,0099
20,http://www.sec.gov/Archives/edgar/data/1442999/000147793224007595/abti_10qa.htm,DQC.US.0099.9533,US GAAP 2024,10-Q/A,2024-11-25,2024-11-25 06:16:00,0001477932-24-007595,0001442999,"Alterola Biotech, Inc.",0099
21,http://www.sec.gov/Archives/edgar/data/797564/000167479624000026/hstc-20240930.htm,DQC.US.0099.9533,US GAAP 2024,10-Q,2024-11-22,2024-11-21 17:32:00,0001674796-24-000026,0000797564,"HST Global, Inc.",0099
22,http://www.sec.gov/Archives/edgar/data/1818152/000159991624000299/zentrum_q324t.htm,DQC.US.0099.9533,US GAAP 2024,10-Q,2024-11-22,2024-11-21 16:28:00,0001599916-24-000299,0001818152,"Zentrum Holdings, Inc.",0099
23,http://www.sec.gov/Archives/edgar/data/1276531/000137647424000714/scgy-20240930.htm,DQC.US.0099.9533,US GAAP 2024,10-Q,2024-11-21,2024-11-21 10:58:00,0001376474-24-000714,0001276531,"SCIENTIFIC ENERGY, INC.",0099
24,http://www.sec.gov/Archives/edgar/data/1813744/000159991624000296/worldscan_q324f.htm,DQC.US.0099.9533,US GAAP 2024,10-Q,2024-11-21,2024-11-19 20:29:00,0001599916-24-000296,0001813744,"World Scan Project, Inc.",0099
25,http://www.sec.gov/Archives/edgar/data/1813744/000159991624000292/worldscan_q224f.htm,DQC.US.0099.9533,US GAAP 2024,10-Q,2024-11-21,2024-11-19 18:55:00,0001599916-24-000292,0001813744,"World Scan Project, Inc.",0099
26,http://www.sec.gov/Archives/edgar/data/1131903/000109690624002191/fccn-20240930.htm,DQC.US.0099.9533,US GAAP 2024,10-Q,2024-11-21,2024-11-19 17:30:00,0001096906-24-002191,0001131903,SPECTRAL CAPITAL CORPORATION,0099
27,http://www.sec.gov/Archives/edgar/data/1813744/000159991624000290/worldscan_qa3filed.htm,DQC.US.0099.9533,US GAAP 2024,10-Q/A,2024-11-20,2024-11-19 17:10:00,0001599916-24-000290,0001813744,"World Scan Project, Inc.",0099
28,http://www.sec.gov/Archives/edgar/data/1813744/000159991624000287/worldscan_q124f.htm,DQC.US.0099.9533,US GAAP 2024,10-Q,2024-11-20,2024-11-19 17:00:00,0001599916-24-000287,0001813744,"World Scan Project, Inc.",0099
29,http://www.sec.gov/Archives/edgar/data/1590715/000147793224007457/arec_10q.htm,DQC.US.0099.9533,US GAAP 2024,10-Q,2024-11-21,2024-11-19 16:20:00,0001477932-24-007457,0001590715,AMERICAN RESOURCES CORPORATION,0099
30,http://www.sec.gov/Archives/edgar/data/1888740/000119983524000522/lseb-10q.htm,DQC.US.0099.9533,US GAAP 2024,10-Q,2024-11-21,2024-11-19 16:09:00,0001199835-24-000522,0001888740,LSEB CREATIVE CORP.,0099
31,http://www.sec.gov/Archives/edgar/data/1813744/000159991624000278/wdsp_10k23t.htm,DQC.US.0099.9533,US GAAP 2023,10-K,2024-11-21,2024-11-19 15:05:00,0001599916-24-000278,0001813744,"World Scan Project, Inc.",0099
32,http://www.sec.gov/Archives/edgar/data/1643301/000147793224007414/avrw_10q.htm,DQC.US.0099.9533,US GAAP 2024,10-Q,2024-11-21,2024-11-19 13:33:00,0001477932-24-007414,0001643301,"AVENIR WELLNESS SOLUTIONS, INC.",0099
33,http://www.sec.gov/Archives/edgar/data/1085277/000166357724000294/skvi10q3_093024.htm,DQC.US.0099.9533,US GAAP 2024,10-Q,2024-11-21,2024-11-19 10:32:00,0001663577-24-000294,0001085277,"Skinvisible, Inc.",0099
34,http://www.sec.gov/Archives/edgar/data/1702015/000159991624000260/aisq2_25o.htm,DQC.US.0099.9533,US GAAP 2024,10-Q,2024-11-21,2024-11-19 09:03:00,0001599916-24-000260,0001702015,"AIS
HOLDINGS GROUP, INC.",0099
35,http://www.sec.gov/Archives/edgar/data/2008748/000093041324003190/c110515_10q-ixbrl.htm,DQC.US.0099.9533,US GAAP 2024,10-Q,2024-11-20,2024-11-18 11:41:00,0000930413-24-003190,0002008748,Lord Abbett Private Credit Fund,0099
36,http://www.sec.gov/Archives/edgar/data/1787803/000149315224046286/ex99-1.htm,DQC.US.0099.9533,US GAAP 2024,6-K,2024-11-20,2024-11-15 16:15:00,0001493152-24-046286,0001787803,Meiwu Technology Co Ltd,0099
37,http://www.sec.gov/Archives/edgar/data/1847345/000149315224046277/forms-4a.htm,DQC.US.0099.9533,US GAAP 2024,S-4/A,2024-11-18,2024-11-15 16:06:00,0001493152-24-046277,0001847345,PowerUp Acquisition Corp.,0099
38,http://www.sec.gov/Archives/edgar/data/1319643/000119983524000512/lsmg-10q.htm,DQC.US.0099.9533,US GAAP 2024,10-Q,2024-11-18,2024-11-15 12:34:00,0001199835-24-000512,0001319643,LODE-STAR MINING INC.,0099
39,http://www.sec.gov/Archives/edgar/data/1352952/000109690624002167/cnfn-20240930.htm,DQC.US.0099.9533,US GAAP 2023,10-Q,2024-11-18,2024-11-15 07:21:00,0001096906-24-002167,0001352952,CFN ENTERPRISES INC.,0099
40,http://www.sec.gov/Archives/edgar/data/1462223/000165495424014482/nixx_10q.htm,DQC.US.0099.9533,US GAAP 2024,10-Q,2024-11-20,2024-11-14 17:14:00,0001654954-24-014482,0001462223,"NIXXY, INC.",0099
41,http://www.sec.gov/Archives/edgar/data/93314/000147793224007207/vnrx_10q.htm,DQC.US.0099.9533,US GAAP 2024,10-Q,2024-11-19,2024-11-14 16:24:00,0001477932-24-007207,0000093314,VolitionRx Limited,0099
42,http://www.sec.gov/Archives/edgar/data/842517/000084251724000201/isba-20240930.htm,DQC.US.0099.9533,US GAAP 2024,10-Q,2024-11-19,2024-11-14 16:08:00,0000842517-24-000201,0000842517,ISABELLA BANK CORP,0099
43,http://www.sec.gov/Archives/edgar/data/1495584/000143774924035294/sccv20240930c_10q.htm,DQC.US.0099.9533,US GAAP 2024,10-Q,2024-11-18,2024-11-14 16:03:00,0001437749-24-035294,0001495584,"Firsthand Technology Value Fund, Inc.",0099
44,http://www.sec.gov/Archives/edgar/data/1652539/000106299324019141/form10q.htm,DQC.US.0099.9533,US GAAP 2024,10-Q,2024-11-19,2024-11-14 16:00:00,0001062993-24-019141,0001652539,SUSGLOBAL ENERGY CORP.,0099
45,http://www.sec.gov/Archives/edgar/data/844856/000149315224045775/form10-q.htm,DQC.US.0099.9533,US GAAP 2024,10-Q,2024-11-19,2024-11-14 15:59:00,0001493152-24-045775,0000844856,HEALTHIER CHOICES MANAGEMENT CORP.,0099
46,http://www.sec.gov/Archives/edgar/data/1560672/000156067224000143/earn-20240930.htm,DQC.US.0099.9533,US GAAP 2023,10-Q,2024-11-18,2024-11-14 14:22:00,0001560672-24-000143,0001560672,Ellington Credit Company,0099
47,http://www.sec.gov/Archives/edgar/data/66496/000119312524258285/d884683d10q.htm,DQC.US.0099.9533,US GAAP 2024,10-Q,2024-11-18,2024-11-14 13:13:00,0001193125-24-258285,0000066496,MILLS MUSIC TRUST,0099
48,http://www.sec.gov/Archives/edgar/data/1543652/000109690624002132/fflo-20240930.htm,DQC.US.0099.9533,US GAAP 2024,10-Q,2024-11-18,2024-11-14 12:55:00,0001096906-24-002132,0001543652,Free Flow USA Inc.,0099
49,http://www.sec.gov/Archives/edgar/data/1355848/000168316824008023/kartoon_i10q-093024.htm,DQC.US.0099.9533,US GAAP 2024,10-Q,2024-11-19,2024-11-14 08:55:00,0001683168-24-008023,0001355848,"KARTOON STUDIOS, INC.",0099
50,http://www.sec.gov/Archives/edgar/data/2022416/000117891324003686/zk2432270.htm,DQC.US.0099.9533,US GAAP 2024,10-Q,2024-11-18,2024-11-14 08:30:00,0001178913-24-003686,0002022416,Silexion Therapeutics Corp,0099
51,http://www.sec.gov/Archives/edgar/data/1527702/000166357724000281/iqst10q3_093024.htm,DQC.US.0099.9533,US GAAP 2024,10-Q,2024-11-18,2024-11-14 08:06:00,0001663577-24-000281,0001527702,iQSTEL Inc.,0099
52,http://www.sec.gov/Archives/edgar/data/1936756/000119983524000499/nbh-10q.htm,DQC.US.0099.9533,US GAAP 2024,10-Q,2024-11-18,2024-11-13 17:06:00,0001199835-24-000499,0001936756,"NEXT BRIDGE HYDROCARBONS, INC.",0099
53,http://www.sec.gov/Archives/edgar/data/1790169/000106299324019023/form10q.htm,DQC.US.0099.9533,US GAAP 2024,10-Q,2024-11-18,2024-11-13 16:35:00,0001062993-24-019023,0001790169,Flora Growth Corp.,0099
54,http://www.sec.gov/Archives/edgar/data/1668340/000155278124000598/e24436_bctf-10q.htm,DQC.US.0099.9533,US GAAP 2024,10-Q,2024-11-18,2024-11-13 16:31:00,0001552781-24-000598,0001668340,"BANCORP 34, INC.",0099
55,http://www.sec.gov/Archives/edgar/data/1868640/000095017024126367/rdzn-20240930.htm,DQC.US.0099.9533,US GAAP 2024,10-Q,2024-11-18,2024-11-13 16:25:00,0000950170-24-126367,0001868640,ROADZEN INC.,0099
56,http://www.sec.gov/Archives/edgar/data/1627469/000159991624000254/photozou_10q324o.htm,DQC.US.0099.9533,US GAAP 2024,10-Q,2024-11-18,2024-11-13 12:33:00,0001599916-24-000254,0001627469,"Photozou     Holdings, Inc.",0099
57,http://www.sec.gov/Archives/edgar/data/883984/000088398424000042/icui-20240930.htm,DQC.US.0099.9533,US GAAP 2024,10-Q,2024-11-16,2024-11-12 17:01:00,0000883984-24-000042,0000883984,ICU MEDICAL INC/DE,0099
58,http://www.sec.gov/Archives/edgar/data/838875/000119983524000492/wvvi-10q.htm,DQC.US.0099.9533,US GAAP 2024,10-Q,2024-11-15,2024-11-12 16:30:00,0001199835-24-000492,0000838875,"WILLAMETTE VALLEY VINEYARDS, INC.",0099
59,http://www.sec.gov/Archives/edgar/data/1056358/000105635824000081/mtex-20240930.htm,DQC.US.0099.9533,US GAAP 2024,10-Q,2024-11-15,2024-11-12 16:28:00,0001056358-24-000081,0001056358,"MANNATECH, INCORPORATED",0099
60,http://www.sec.gov/Archives/edgar/data/874501/000087450124000245/ambc-20240930.htm,DQC.US.0099.9533,US GAAP 2023,10-Q,2024-11-15,2024-11-12 16:21:00,0000874501-24-000245,0000874501,"AMBAC FINANCIAL GROUP, INC.",0099
61,http://www.sec.gov/Archives/edgar/data/1504461/000150446124000025/ngl-20240930.htm,DQC.US.0099.9533,US GAAP 2023,10-Q,2024-11-15,2024-11-12 16:20:00,0001504461-24-000025,0001504461,NGL Energy Partners LP,0099
62,http://www.sec.gov/Archives/edgar/data/1411342/000141134224000113/efc-20240930.htm,DQC.US.0099.9533,US GAAP 2023,10-Q,2024-11-15,2024-11-12 15:47:00,0001411342-24-000113,0001411342,ELLINGTON FINANCIAL INC,0099
63,http://www.sec.gov/Archives/edgar/data/1860788/000093041324003120/c110434_10q-ixbrl.htm,DQC.US.0099.9533,US GAAP 2024,10-Q,2024-11-15,2024-11-12 15:42:00,0000930413-24-003120,0001860788,VanEck Ethereum ETF,0099
64,http://www.sec.gov/Archives/edgar/data/1838028/000093041324003119/c110433_10q-ixbrl.htm,DQC.US.0099.9533,US GAAP 2024,10-Q,2024-11-15,2024-11-12 15:41:00,0000930413-24-003119,0001838028,VanEck Bitcoin ETF,0099
65,http://www.sec.gov/Archives/edgar/data/932781/000155278124000591/e24429_fcco-10q.htm,DQC.US.0099.9533,US GAAP 2024,10-Q,2024-11-15,2024-11-12 15:27:00,0001552781-24-000591,0000932781,FIRST COMMUNITY CORPORATION,0099
66,http://www.sec.gov/Archives/edgar/data/763901/000119312524255718/d901446d10q.htm,DQC.US.0099.9533,US GAAP 2023,10-Q,2024-11-15,2024-11-12 14:25:00,0001193125-24-255718,0000763901,"POPULAR, INC.",0099
67,http://www.sec.gov/Archives/edgar/data/38777/000003877724000206/ben-20240930.htm,DQC.US.0099.9533,US GAAP 2023,10-K,2024-11-15,2024-11-12 14:07:00,0000038777-24-000206,0000038777,"FRANKLIN RESOURCES, INC.",0099
68,http://www.sec.gov/Archives/edgar/data/1285785/000161803424000019/mos-20240930.htm,DQC.US.0099.9533,US GAAP 2024,10-Q,2024-11-15,2024-11-12 12:43:00,0001618034-24-000019,0001285785,MOSAIC CO,0099
69,http://www.sec.gov/Archives/edgar/data/351998/000165495424014124/daio_10q.htm,DQC.US.0099.9533,US GAAP 2024,10-Q,2024-11-14,2024-11-12 11:09:00,0001654954-24-014124,0000351998,DATA I/O CORPORATION,0099
70,http://www.sec.gov/Archives/edgar/data/1489874/000182646624000148/form10-q.htm,DQC.US.0099.9533,US GAAP 2024,10-Q,2024-11-14,2024-11-12 10:20:00,0001826466-24-000148,0001489874,Golden Growers Cooperative,0099
71,http://www.sec.gov/Archives/edgar/data/80172/000143774924034199/npk20240930_10q.htm,DQC.US.0099.9533,US GAAP 2024,10-Q,2024-11-12,2024-11-08 16:00:00,0001437749-24-034199,0000080172,NATIONAL PRESTO INDUSTRIES INC,0099
72,http://www.sec.gov/Archives/edgar/data/1653653/000165365324000019/rrr-20240930.htm,DQC.US.0099.9533,US GAAP 2024,10-Q,2024-11-12,2024-11-08 12:55:00,0001653653-24-000019,0001653653,"RED ROCK RESORTS, INC.",0099
73,http://www.sec.gov/Archives/edgar/data/944075/000094407524000083/q3_2024.htm,DQC.US.0099.9533,US GAAP 2024,10-Q,2024-11-12,2024-11-08 12:30:00,0000944075-24-000083,0000944075,"SOCKET
MOBILE, INC.",0099
74,http://www.sec.gov/Archives/edgar/data/1325814/000132581424000200/fhlbdm-20240930.htm,DQC.US.0099.9533,US GAAP 2023,10-Q,2024-11-12,2024-11-08 11:29:00,0001325814-24-000200,0001325814,Federal Home Loan Bank of Des Moines,0099
75,http://www.sec.gov/Archives/edgar/data/19745/000162828024046369/cpk-20240930.htm,DQC.US.0099.9533,US GAAP 2024,10-Q,2024-11-11,2024-11-07 16:49:00,0001628280-24-046369,0000019745,CHESAPEAKE UTILITIES CORP,0099
76,http://www.sec.gov/Archives/edgar/data/1331451/000133145124000216/fhlbc-20240930.htm,DQC.US.0099.9533,US GAAP 2024,10-Q,2024-11-22,2024-11-07 11:05:00,0001331451-24-000216,0001331451,FEDERAL HOME LOAN BANK OF CHICAGO,0099
77,http://www.sec.gov/Archives/edgar/data/55242/000005524224000067/kmt-20240930.htm,DQC.US.0099.9533,US GAAP 2024,10-Q,2024-11-08,2024-11-06 15:18:00,0000055242-24-000067,0000055242,KENNAMETAL INC.,0099
78,http://www.sec.gov/Archives/edgar/data/1882781/000159991624000242/c2blockq12024o.htm,DQC.US.0099.9533,US GAAP 2024,10-Q,2024-11-08,2024-11-06 12:39:00,0001599916-24-000242,0001882781,"C2 Blockchain,Inc.",0099
79,http://www.sec.gov/Archives/edgar/data/4904/000000490424000100/aep-20240930.htm,DQC.US.0099.9533,US GAAP 2024,10-Q,2024-11-07,2024-11-06 07:05:00,0000004904-24-000100,0000004904,AMERICAN ELECTRIC POWER CO INC.,0099
80,http://www.sec.gov/Archives/edgar/data/1364885/000162828024045353/spr-20240926.htm,DQC.US.0099.9533,US GAAP 2024,10-Q,2024-11-08,2024-11-05 17:06:00,0001628280-24-045353,0001364885,"Spirit AeroSystems Holdings, Inc.",0099
81,http://www.sec.gov/Archives/edgar/data/1587732/000158773224000060/ogs-20240930.htm,DQC.US.0099.9533,US GAAP 2024,10-Q,2024-11-06,2024-11-05 16:07:00,0001587732-24-000060,0001587732,"ONE Gas, Inc.",0099
82,http://www.sec.gov/Archives/edgar/data/1037540/000165642324000059/bxp-20240930.htm,DQC.US.0099.9533,US GAAP 2024,10-Q,2024-11-07,2024-11-05 13:23:00,0001656423-24-000059,0001037540,"BXP, INC.",0099
83,http://www.sec.gov/Archives/edgar/data/1171486/000143774924033247/nrp20240930_10q.htm,DQC.US.0099.9533,US GAAP 2024,10-Q,2024-11-07,2024-11-05 12:02:00,0001437749-24-033247,0001171486,NATURAL RESOURCE PARTNERS LP,0099
84,http://www.sec.gov/Archives/edgar/data/805676/000080567624000149/prk-20240930.htm,DQC.US.0099.9533,US GAAP 2024,10-Q,2024-11-07,2024-11-04 16:15:00,0000805676-24-000149,0000805676,PARK NATIONAL CORPORATION,0099
85,http://www.sec.gov/Archives/edgar/data/728391/000072839124000056/cik0000728391-20240930.htm,DQC.US.0099.9533,US GAAP 2024,10-Q,2024-11-05,2024-10-31 17:39:00,0000728391-24-000056,0000728391,"IPALCO ENTERPRISES, INC.",0099
86,http://www.sec.gov/Archives/edgar/data/787250/000078725024000024/dpl-20240930.htm,DQC.US.0099.9533,US GAAP 2024,10-Q,2024-11-05,2024-10-31 17:39:00,0000787250-24-000024,0000787250,DPL Inc.,0099
87,http://www.sec.gov/Archives/edgar/data/2022416/000117891324003417/zk2432189.htm,DQC.US.0099.9533,US GAAP 2024,S-1,2024-11-05,2024-10-31 17:24:00,0001178913-24-003417,0002022416,Silexion Therapeutics Corp,0099
88,http://www.sec.gov/Archives/edgar/data/1175535/000143774924032829/wstr20240930_10q.htm,DQC.US.0099.9533,US GAAP 2024,10-Q,2024-11-05,2024-10-31 16:50:00,0001437749-24-032829,0001175535,Whitestone REIT,0099
89,http://www.sec.gov/Archives/edgar/data/1504239/000119983524000483/pcnt-10k.htm,DQC.US.0099.9533,US GAAP 2023,10-K/A,2024-11-05,2024-10-31 16:31:00,0001199835-24-000483,0001504239,"POINT OF CARE NANO-TECHNOLOGY, INC.",0099
90,http://www.sec.gov/Archives/edgar/data/89089/000008908924000175/sci-20240930.htm,DQC.US.0099.9533,US GAAP 2024,10-Q,2024-11-05,2024-10-31 16:11:00,0000089089-24-000175,0000089089,Service Corporation International,0099
91,http://www.sec.gov/Archives/edgar/data/944695/000095017024119438/thg-20240930.htm,DQC.US.0099.9533,US GAAP 2024,10-Q,2024-11-01,2024-10-31 13:40:00,0000950170-24-119438,0000944695,"HANOVER INSURANCE GROUP, INC.",0099
92,http://www.sec.gov/Archives/edgar/data/1057877/000105787724000047/ida-20240930.htm,DQC.US.0099.9533,US GAAP 2024,10-Q,2024-11-01,2024-10-31 07:52:00,0001057877-24-000047,0001057877,"IDACORP, Inc.",0099
93,http://www.sec.gov/Archives/edgar/data/1345126/000134512624000063/codi-20240930.htm,DQC.US.0099.9533,US GAAP 2024,10-Q,2024-11-01,2024-10-30 16:18:00,0001345126-24-000063,0001345126,COMPASS DIVERSIFIED HOLDINGS,0099
94,http://www.sec.gov/Archives/edgar/data/1165002/000116500224000076/whg-20240930.htm,DQC.US.0099.9533,US GAAP 2023,10-Q,2024-11-01,2024-10-30 16:14:00,0001165002-24-000076,0001165002,"WESTWOOD HOLDINGS GROUP, INC.",0099
95,http://www.sec.gov/Archives/edgar/data/34903/000003490324000069/frt-20240930.htm,DQC.US.0099.9533,US GAAP 2024,10-Q,2024-11-01,2024-10-30 16:08:00,0000034903-24-000069,0000034903,Federal Realty Investment Trust,0099
96,http://www.sec.gov/Archives/edgar/data/14930/000001493024000157/bcorp-20240928.htm,DQC.US.0099.9533,US GAAP 2024,10-Q,2024-10-31,2024-10-30 14:50:00,0000014930-24-000157,0000014930,Brunswick Corporation,0099
97,http://www.sec.gov/Archives/edgar/data/1111711/000111171124000042/nix-20240930.htm,DQC.US.0099.9533,US GAAP 2024,10-Q,2024-10-30,2024-10-30 06:36:00,0001111711-24-000042,0001111711,NiSource Inc.,0099
98,http://www.sec.gov/Archives/edgar/data/1411168/000137647424000622/dug-20240930.htm,DQC.US.0099.9533,US GAAP 2024,10-Q,2024-10-30,2024-10-29 16:49:00,0001376474-24-000622,0001411168,Dutch Oven Gold Group Inc.,0099
99,http://www.sec.gov/Archives/edgar/data/1504239/000119983524000476/pcnt-10k.htm,DQC.US.0099.9533,US GAAP 2023,10-K,2024-10-30,2024-10-29 16:46:00,0001199835-24-000476,0001504239,"POINT OF CARE NANO-TECHNOLOGY, INC.",0099
100,http://www.sec.gov/Archives/edgar/data/7789/000000778924000075/asb-20240930.htm,DQC.US.0099.9533,US GAAP 2024,10-Q,2024-10-30,2024-10-29 16:17:00,0000007789-24-000075,0000007789,Associated Banc-Corp,0099
101,http://www.sec.gov/Archives/edgar/data/1133421/000113342124000064/noc-20240930.htm,DQC.US.0099.9533,US GAAP 2024,10-Q,2024-10-25,2024-10-24 16:07:00,0001133421-24-000064,0001133421,NORTHROP GRUMMAN CORP /DE/,0099
102,http://www.sec.gov/Archives/edgar/data/1043509/000104350924000070/sah-20240930.htm,DQC.US.0099.9533,US GAAP 2023,10-Q,2024-10-25,2024-10-24 16:00:00,0001043509-24-000070,0001043509,"SONIC AUTOMOTIVE, INC.",0099
103,http://www.sec.gov/Archives/edgar/data/1903709/000149315224042337/ex19-1.htm,DQC.US.0099.9533,US GAAP 2024,20-F,2024-10-24,2024-10-24 11:57:00,0001493152-24-042337,0001903709,ANGKASA-X HOLDINGS CORP.,0099
104,http://www.sec.gov/Archives/edgar/data/51644/000005164424000049/ipg-20240930.htm,DQC.US.0099.9533,US GAAP 2024,10-Q,2024-10-24,2024-10-23 16:35:00,0000051644-24-000049,0000051644,"INTERPUBLIC GROUP OF COMPANIES, INC.",0099
105,http://www.sec.gov/Archives/edgar/data/101829/000010182924000038/rtx-20240930.htm,DQC.US.0099.9533,US GAAP 2024,10-Q,2024-10-23,2024-10-22 17:17:00,0000101829-24-000038,0000101829,RTX CORPORATION,0099
106,http://www.sec.gov/Archives/edgar/data/921082/000092108224000033/hiw-20240930.htm,DQC.US.0099.9533,US GAAP 2024,10-Q,2024-10-22,2024-10-22 16:05:00,0000921082-24-000033,0000921082,"HIGHWOODS PROPERTIES, INC.",0099
107,http://www.sec.gov/Archives/edgar/data/1598110/000117891324003359/exhibit_99-1.htm,DQC.US.0099.9533,US GAAP 2024,6-K,2024-10-22,2024-10-22 16:02:00,0001178913-24-003359,0001598110,CyberArk Software Ltd.,0099
108,http://www.sec.gov/Archives/edgar/data/55785/000005578524000094/kmb-20240930.htm,DQC.US.0099.9533,US GAAP 2024,10-Q,2024-10-22,2024-10-22 12:06:00,0000055785-24-000094,0000055785,KIMBERLY-CLARK CORPORATION,0099
109,http://www.sec.gov/Archives/edgar/data/91668/000165495424012988/sodi_10q.htm,DQC.US.0099.9533,US GAAP 2024,10-Q,2024-10-17,2024-10-15 16:05:00,0001654954-24-012988,0000091668,"SOLITRON DEVICES, INC.",0099
110,http://www.sec.gov/Archives/edgar/data/1931055/000166357724000263/mdnc10q_083124.htm,DQC.US.0099.9533,US GAAP 2024,10-Q,2024-10-17,2024-10-15 12:26:00,0001663577-24-000263,0001931055,Medinotec Inc.,0099
111,http://www.sec.gov/Archives/edgar/data/1040470/000165495424012913/aehr_10q.htm,DQC.US.0099.9533,US GAAP 2024,10-Q,2024-10-11,2024-10-11 17:21:00,0001654954-24-012913,0001040470,AEHR TEST SYSTEMS,0099
112,http://www.sec.gov/Archives/edgar/data/1647822/000149315224040937/form10-q.htm,DQC.US.0099.9533,US GAAP 2024,10-Q,2024-10-11,2024-10-11 17:00:00,0001493152-24-040937,0001647822,"Jingbo Technology, Inc.",0099
113,http://www.sec.gov/Archives/edgar/data/894556/000164033424001510/gevi_s1.htm,DQC.US.0099.9533,US GAAP 2024,S-1,2024-10-11,2024-10-11 16:11:00,0001640334-24-001510,0000894556,"General Enterprise Ventures, Inc.",0099
114,http://www.sec.gov/Archives/edgar/data/1775085/000147793224006384/cleu_6k.htm,DQC.US.0099.9533,US GAAP 2024,6-K,2024-10-11,2024-10-11 16:05:00,0001477932-24-006384,0001775085,China Liberal Education Holdings Limited,0099
115,http://www.sec.gov/Archives/edgar/data/1766267/000149315224040821/form10-k.htm,DQC.US.0099.9533,US GAAP 2024,10-K,2024-10-11,2024-10-11 06:53:00,0001493152-24-040821,0001766267,SYNERGY EMPIRE LIMITED,0099
116,http://www.sec.gov/Archives/edgar/data/1661039/000165495424012867/tptw_s1.htm,DQC.US.0099.9533,US GAAP 2024,POS AM,2024-10-10,2024-10-10 14:46:00,0001654954-24-012867,0001661039,"TPT Global Tech, Inc.",0099
117,http://www.sec.gov/Archives/edgar/data/7623/000143774924031031/artw20240731_10q.htm,DQC.US.0099.9533,US GAAP 2024,10-Q,2024-10-10,2024-10-10 13:46:00,0001437749-24-031031,0000007623,ARTS WAY MANUFACTURING CO INC,0099
118,http://www.sec.gov/Archives/edgar/data/1497649/000190359624000614/gstx_10q.htm,DQC.US.0099.9533,US GAAP 2024,10-Q,2024-10-09,2024-10-09 16:11:00,0001903596-24-000614,0001497649,GRAPHENE & SOLAR TECHNOLOGIES LTD,0099
119,http://www.sec.gov/Archives/edgar/data/2022416/000117891324003246/zk2432099.htm,DQC.US.0099.9533,US GAAP 2024,S-1,2024-10-09,2024-10-09 06:04:00,0001178913-24-003246,0002022416,Silexion Therapeutics Corp,0099
120,http://www.sec.gov/Archives/edgar/data/1442492/000119983524000442/lrdc-10k.htm,DQC.US.0099.9533,US GAAP 2024,10-K/A,2024-10-02,2024-10-02 13:31:00,0001199835-24-000442,0001442492,"Laredo Oil, Inc.",0099
121,http://www.sec.gov/Archives/edgar/data/1703625/000119983524000433/napc-10q.htm,DQC.US.0099.9533,US GAAP 2024,10-Q/A,2024-10-02,2024-10-01 18:56:00,0001199835-24-000433,0001703625,"NAPC Defense, Inc.",0099
122,http://www.sec.gov/Archives/edgar/data/1857910/000159991624000226/drfs_q125o.htm,DQC.US.0099.9533,US GAAP 2024,10-Q,2024-10-01,2024-10-01 09:46:00,0001599916-24-000226,0001857910,"Japan Food Tech Holdings, Inc.",0099
123,http://www.sec.gov/Archives/edgar/data/1652539/000106299324017014/form10q.htm,DQC.US.0099.9533,US GAAP 2024,10-Q,2024-09-27,2024-09-27 12:17:00,0001062993-24-017014,0001652539,SUSGLOBAL ENERGY CORP.,0099
124,http://www.sec.gov/Archives/edgar/data/1346610/000121390024081219/ea0214611-6k_soslimited.htm,DQC.US.0099.9533,US GAAP 2024,6-K,2024-09-24,2024-09-24 09:02:00,0001213900-24-081219,0001346610,SOS Limited,0099
125,http://www.sec.gov/Archives/edgar/data/1566243/000175392624001616/g084438_10q.htm,DQC.US.0099.9533,US GAAP 2024,10-Q,2024-09-23,2024-09-23 16:00:00,0001753926-24-001616,0001566243,ARAX HOLDINGS CORP.,0099
126,http://www.sec.gov/Archives/edgar/data/1627469/000159991624000223/photozou_10q224o.htm,DQC.US.0099.9533,US GAAP 2024,10-Q/A,2024-09-17,2024-09-16 19:25:00,0001599916-24-000223,0001627469,"Photozou     Holdings, Inc.",0099
127,http://www.sec.gov/Archives/edgar/data/1848672/000109690624001854/gdlg-20240731.htm,DQC.US.0099.9533,US GAAP 2023,10-Q,2024-09-16,2024-09-16 15:36:00,0001096906-24-001854,0001848672,GLIDELOGIC CORP.,0099
128,http://www.sec.gov/Archives/edgar/data/2006986/000110465924099872/adgm-20240630xs1.htm,DQC.US.0099.9533,US GAAP 2024,S-1,2024-09-14,2024-09-13 17:29:00,0001104659-24-099872,0002006986,"ADAGIO MEDICAL HOLDINGS, INC.",0099
129,http://www.sec.gov/Archives/edgar/data/2006986/000110465924099873/adgm-20240630xs1.htm,DQC.US.0099.9533,US GAAP 2024,S-1,2024-09-14,2024-09-13 17:29:00,0001104659-24-099873,0002006986,"ADAGIO MEDICAL HOLDINGS, INC.",0099
130,http://www.sec.gov/Archives/edgar/data/1949864/000194986424000019/maga10q_07312024.htm,DQC.US.0099.9533,US GAAP 2024,10-Q,2024-09-13,2024-09-13 13:21:00,0001949864-24-000019,0001949864,MAG MAGNA CORP,0099
131,http://www.sec.gov/Archives/edgar/data/1342936/000137647424000506/avoi-20221231.htm,DQC.US.0099.9533,US GAAP 2023,10-K/A,2024-09-11,2024-09-11 16:10:00,0001376474-24-000506,0001342936,"Rivulet Entertainment, Inc.",0099
132,http://www.sec.gov/Archives/edgar/data/1634117/000163411724000078/bned-20240727.htm,DQC.US.0099.9533,US GAAP 2024,10-Q,2024-09-10,2024-09-10 16:17:00,0001634117-24-000078,0001634117,"BARNES & NOBLE EDUCATION, INC.",0099
133,http://www.sec.gov/Archives/edgar/data/1109138/000117891324003036/exhibit_99-1.htm,DQC.US.0099.9533,US GAAP 2024,6-K,2024-09-10,2024-09-10 16:02:00,0001178913-24-003036,0001109138,CAMTEK LTD,0099
134,http://www.sec.gov/Archives/edgar/data/1409171/000140917124000098/titn-20240731.htm,DQC.US.0099.9533,US GAAP 2024,10-Q,2024-09-06,2024-09-05 17:12:00,0001409171-24-000098,0001409171,TITAN MACHINERY INC.,0099
135,http://www.sec.gov/Archives/edgar/data/1888846/000159991624000219/ultimate_10k24o.htm,DQC.US.0099.9533,US GAAP 2024,10-K,2024-09-05,2024-09-05 13:24:00,0001599916-24-000219,0001888846,"Ultimate Holdings GROUP, Inc.",0099
136,http://www.sec.gov/Archives/edgar/data/1474167/000147793224005530/cosm_pos.htm,DQC.US.0099.9533,US GAAP 2024,POS AM,2024-09-05,2024-09-04 20:46:00,0001477932-24-005530,0001474167,COSMOS HEALTH INC.,0099
137,http://www.sec.gov/Archives/edgar/data/1474167/000147793224005524/cosm_pos.htm,DQC.US.0099.9533,US GAAP 2024,POS AM,2024-09-05,2024-09-04 19:59:00,0001477932-24-005524,0001474167,COSMOS HEALTH INC.,0099
138,http://www.sec.gov/Archives/edgar/data/1474167/000147793224005526/cosm_pos.htm,DQC.US.0099.9533,US GAAP 2024,POS AM,2024-09-05,2024-09-04 19:59:00,0001477932-24-005526,0001474167,COSMOS HEALTH INC.,0099
139,http://www.sec.gov/Archives/edgar/data/1474167/000147793224005514/cosm_pos.htm,DQC.US.0099.9533,US GAAP 2024,POS AM,2024-09-05,2024-09-04 17:38:00,0001477932-24-005514,0001474167,COSMOS HEALTH INC.,0099
140,http://www.sec.gov/Archives/edgar/data/861441/000199937124011329/fpf-10ka_123123.htm,DQC.US.0099.9533,US GAAP 2024,10-K/A,2024-09-04,2024-09-04 16:04:00,0001999371-24-011329,0000861441,LOCORR FUTURES PORTFOLIO FUND L.P.,0099
141,http://www.sec.gov/Archives/edgar/data/915358/000091535824000010/sgma-20240430x10k.htm,DQC.US.0099.9533,US GAAP 2024,10-K,2024-09-04,2024-09-03 16:08:00,0000915358-24-000010,0000915358,"SIGMATRON INTERNATIONAL, INC.",0099
142,http://www.sec.gov/Archives/edgar/data/1860788/000093041324002715/c109908_10q-ixbrl.htm,DQC.US.0099.9533,US GAAP 2024,10-Q,2024-09-03,2024-09-03 13:17:00,0000930413-24-002715,0001860788,VanEck Ethereum ETF,0099
143,http://www.sec.gov/Archives/edgar/data/744187/000093041324002683/c109728_10q-ixbrl.htm,DQC.US.0099.9533,US GAAP 2024,10-Q,2024-08-30,2024-08-30 12:44:00,0000930413-24-002683,0000744187,REX AMERICAN RESOURCES CORPORATION,0099
144,http://www.sec.gov/Archives/edgar/data/1485029/000109690624001819/nahd-20240630.htm,DQC.US.0099.9533,US GAAP 2024,10-Q,2024-08-30,2024-08-29 12:01:00,0001096906-24-001819,0001485029,"NEW ASIA HOLDINGS, INC.",0099
145,http://www.sec.gov/Archives/edgar/data/1936756/000119983524000409/nbh-s1a.htm,DQC.US.0099.9533,US GAAP 2023,S-1/A,2024-08-29,2024-08-27 17:50:00,0001199835-24-000409,0001936756,"NEXT BRIDGE HYDROCARBONS, INC.",0099
146,http://www.sec.gov/Archives/edgar/data/1884072/000119983524000395/jewl-10q.htm,DQC.US.0099.9533,US GAAP 2024,10-Q,2024-08-29,2024-08-26 11:46:00,0001199835-24-000395,0001884072,ADAMAS ONE CORP.,0099
147,http://www.sec.gov/Archives/edgar/data/797564/000167479624000019/hstc-20240630.htm,DQC.US.0099.9533,US GAAP 2024,10-Q,2024-08-29,2024-08-26 09:50:00,0001674796-24-000019,0000797564,"HST Global, Inc.",0099
148,http://www.sec.gov/Archives/edgar/data/1884072/000119983524000389/jewl-10q.htm,DQC.US.0099.9533,US GAAP 2023,10-Q/A,2024-08-27,2024-08-23 15:26:00,0001199835-24-000389,0001884072,ADAMAS ONE CORP.,0099
149,http://www.sec.gov/Archives/edgar/data/1464865/000147793224005218/asii_10q.htm,DQC.US.0099.9533,US GAAP 2024,10-Q,2024-08-27,2024-08-23 06:36:00,0001477932-24-005218,0001464865,"Accredited Solutions, Inc.",0099
150,http://www.sec.gov/Archives/edgar/data/1464865/000147793224005214/asii_10qa.htm,DQC.US.0099.9533,US GAAP 2024,10-Q/A,2024-08-27,2024-08-23 06:01:00,0001477932-24-005214,0001464865,"Accredited Solutions, Inc.",0099
151,http://www.sec.gov/Archives/edgar/data/1842566/000165495424011038/airsp_s1.htm,DQC.US.0099.9533,US GAAP 2024,S-1/A,2024-08-28,2024-08-22 16:16:00,0001654954-24-011038,0001842566,"AIRSHIP AI HOLDINGS, INC.",0099
152,http://www.sec.gov/Archives/edgar/data/1119769/000117891324002731/exhibit_99-1.htm,DQC.US.0099.9533,US GAAP 2024,6-K,2024-08-27,2024-08-22 07:00:00,0001178913-24-002731,0001119769,CERAGON NETWORKS LTD.,0099
153,http://www.sec.gov/Archives/edgar/data/1394108/000155479524000217/suic0820form10q.htm,DQC.US.0099.9533,US GAAP 2023,10-Q,2024-08-27,2024-08-21 21:27:00,0001554795-24-000217,0001394108,SUIC     WORLDWIDE HOLDINGS LTD.,0099
154,http://www.sec.gov/Archives/edgar/data/1276531/000137647424000469/scgy-20240630.htm,DQC.US.0099.9533,US GAAP 2024,10-Q,2024-08-27,2024-08-21 11:22:00,0001376474-24-000469,0001276531,"SCIENTIFIC ENERGY, INC.",0099
155,http://www.sec.gov/Archives/edgar/data/1884072/000119983524000368/jewl-10k.htm,DQC.US.0099.9533,US GAAP 2023,10-K,2024-08-27,2024-08-20 20:25:00,0001199835-24-000368,0001884072,ADAMAS ONE CORP.,0099
156,http://www.sec.gov/Archives/edgar/data/1072725/000107272524000038/gdrzfform6kex991082024.htm,DQC.US.0099.9533,US GAAP 2024,6-K,2024-08-27,2024-08-20 16:04:00,0001072725-24-000038,0001072725,GOLD RESERVE LTD.,0099
157,http://www.sec.gov/Archives/edgar/data/1882781/000159991624000212/c2block24o.htm,DQC.US.0099.9533,US GAAP 2024,10-K,2024-08-27,2024-08-20 12:52:00,0001599916-24-000212,0001882781,"C2 Blockchain,Inc.",0099
158,http://www.sec.gov/Archives/edgar/data/1888740/000119983524000357/lseb-10q.htm,DQC.US.0099.9533,US GAAP 2024,10-Q,2024-08-28,2024-08-19 17:04:00,0001199835-24-000357,0001888740,LSEB CREATIVE CORP.,0099
159,http://www.sec.gov/Archives/edgar/data/1530746/000190359624000537/kays_10q.htm,DQC.US.0099.9533,US GAAP 2024,10-Q/A,2024-08-26,2024-08-19 16:55:00,0001903596-24-000537,0001530746,"KAYA HOLDINGS, INC.",0099
160,http://www.sec.gov/Archives/edgar/data/1625101/000143774924027213/plse20240630_10q.htm,DQC.US.0099.9533,US GAAP 2024,10-Q,2024-08-28,2024-08-19 16:25:00,0001437749-24-027213,0001625101,"Pulse Biosciences, Inc.",0099
161,http://www.sec.gov/Archives/edgar/data/1590715/000147793224005119/arec_10q.htm,DQC.US.0099.9533,US GAAP 2024,10-Q,2024-08-26,2024-08-19 16:06:00,0001477932-24-005119,0001590715,AMERICAN RESOURCES CORPORATION,0099
162,http://www.sec.gov/Archives/edgar/data/1634293/000159991624000209/exceed_10q324o.htm,DQC.US.0099.9533,US GAAP 2024,10-Q,2024-08-26,2024-08-19 11:15:00,0001599916-24-000209,0001634293,"Exceed World, Inc.",0099
163,http://www.sec.gov/Archives/edgar/data/1479915/000149315224032707/form10-q.htm,DQC.US.0099.9533,US GAAP 2024,10-Q,2024-08-21,2024-08-15 18:31:00,0001493152-24-032707,0001479915,CQENS     Technologies Inc.,0099
164,http://www.sec.gov/Archives/edgar/data/1442999/000166357724000238/abti10q1_063024.htm,DQC.US.0099.9533,US GAAP 2024,10-Q,2024-08-21,2024-08-15 17:28:00,0001663577-24-000238,0001442999,"Alterola Biotech, Inc.",0099
165,http://www.sec.gov/Archives/edgar/data/1647822/000149315224032636/form10-ka.htm,DQC.US.0099.9533,US GAAP 2024,10-K/A,2024-08-23,2024-08-15 16:30:00,0001493152-24-032636,0001647822,"Jingbo Technology, Inc.",0099
166,http://www.sec.gov/Archives/edgar/data/1837493/000121390024069610/ea0211236-6k_inspira.htm,DQC.US.0099.9533,US GAAP 2024,6-K,2024-08-23,2024-08-15 16:01:00,0001213900-24-069610,0001837493,Inspira Technologies Oxy B.H.N. Ltd.,0099
167,http://www.sec.gov/Archives/edgar/data/1085277/000166357724000234/skvi10q2_063024.htm,DQC.US.0099.9533,US GAAP 2024,10-Q,2024-08-21,2024-08-15 13:21:00,0001663577-24-000234,0001085277,"Skinvisible, Inc.",0099
168,http://www.sec.gov/Archives/edgar/data/1024672/000117891324002639/exhibit_99-1.htm,DQC.US.0099.9533,US GAAP 2024,6-K,2024-08-20,2024-08-15 07:36:00,0001178913-24-002639,0001024672,Eltek Ltd.,0099
169,http://www.sec.gov/Archives/edgar/data/1130598/000155837024012279/tmb-20240630x10q.htm,DQC.US.0099.9533,US GAAP 2023,10-Q,2024-08-20,2024-08-14 17:31:00,0001558370-24-012279,0001130598,"Traws Pharma, Inc.",0099
170,http://www.sec.gov/Archives/edgar/data/1936756/000119983524000337/nbh-10q.htm,DQC.US.0099.9533,US GAAP 2024,10-Q,2024-08-23,2024-08-14 17:07:00,0001199835-24-000337,0001936756,"NEXT BRIDGE HYDROCARBONS, INC.",0099
171,http://www.sec.gov/Archives/edgar/data/1578329/000118518524000818/apex1120240630_10q.htm,DQC.US.0099.9533,US GAAP 2024,10-Q,2024-08-22,2024-08-14 16:36:00,0001185185-24-000818,0001578329,APEX 11 INC.,0099
172,http://www.sec.gov/Archives/edgar/data/1089907/000155278124000488/e24328_swkh-10q.htm,DQC.US.0099.9533,US GAAP 2024,10-Q,2024-08-22,2024-08-14 16:23:00,0001552781-24-000488,0001089907,SWK HOLDINGS CORPORATION,0099
173,http://www.sec.gov/Archives/edgar/data/1495584/000143774924026819/sccv20240630d_10q.htm,DQC.US.0099.9533,US GAAP 2024,10-Q,2024-08-22,2024-08-14 16:16:00,0001437749-24-026819,0001495584,"Firsthand Technology Value Fund, Inc.",0099
174,http://www.sec.gov/Archives/edgar/data/1894954/000190359624000505/xpon_10q.htm,DQC.US.0099.9533,US GAAP 2024,10-Q,2024-08-20,2024-08-14 16:08:00,0001903596-24-000505,0001894954,EXPION360 INC.,0099
175,http://www.sec.gov/Archives/edgar/data/1842566/000165495424010635/airsp_10q.htm,DQC.US.0099.9533,US GAAP 2024,10-Q,2024-08-22,2024-08-14 16:00:00,0001654954-24-010635,0001842566,"AIRSHIP AI HOLDINGS, INC.",0099
176,http://www.sec.gov/Archives/edgar/data/1560672/000156067224000080/earn-20240630.htm,DQC.US.0099.9533,US GAAP 2023,10-Q,2024-08-20,2024-08-14 15:56:00,0001560672-24-000080,0001560672,Ellington Credit Company,0099
177,http://www.sec.gov/Archives/edgar/data/1324759/000149315224032110/form10-q.htm,DQC.US.0099.9533,US GAAP 2024,10-Q,2024-08-20,2024-08-14 15:27:00,0001493152-24-032110,0001324759,HONG YUAN HOLDING GROUP,0099
178,http://www.sec.gov/Archives/edgar/data/1668340/000155278124000486/e24320_bctf-10q.htm,DQC.US.0099.9533,US GAAP 2024,10-Q,2024-08-20,2024-08-14 15:10:00,0001552781-24-000486,0001668340,"BANCORP 34, INC.",0099
179,http://www.sec.gov/Archives/edgar/data/1737523/000147793224004792/bglc_10q.htm,DQC.US.0099.9533,US GAAP 2024,10-Q,2024-08-20,2024-08-14 14:15:00,0001477932-24-004792,0001737523,BioNexus Gene Lab Corp.,0099
180,http://www.sec.gov/Archives/edgar/data/1702015/000159991624000207/aisq1_25o.htm,DQC.US.0099.9533,US GAAP 2024,10-Q,2024-08-19,2024-08-14 12:56:00,0001599916-24-000207,0001702015,"AIS
HOLDINGS GROUP, INC.",0099
181,http://www.sec.gov/Archives/edgar/data/1527702/000166357724000224/iqst10q2_063024.htm,DQC.US.0099.9533,US GAAP 2024,10-Q,2024-08-19,2024-08-14 12:05:00,0001663577-24-000224,0001527702,iQSTEL Inc.,0099
182,http://www.sec.gov/Archives/edgar/data/66496/000119312524200322/d646936d10q.htm,DQC.US.0099.9533,US GAAP 2023,10-Q,2024-08-19,2024-08-14 09:30:00,0001193125-24-200322,0000066496,MILLS MUSIC TRUST,0099
183,http://www.sec.gov/Archives/edgar/data/1651932/000164033424001234/xito_10q.htm,DQC.US.0099.9533,US GAAP 2024,10-Q,2024-08-19,2024-08-14 06:05:00,0001640334-24-001234,0001651932,"XENOUS HOLDINGS, INC.",0099
184,http://www.sec.gov/Archives/edgar/data/1360442/000109690624001698/cbds-20240630.htm,DQC.US.0099.9533,US GAAP 2024,10-Q,2024-08-19,2024-08-13 20:00:00,0001096906-24-001698,0001360442,"Dogecoin Cash, Inc.",0099
185,http://www.sec.gov/Archives/edgar/data/1720286/000147793224004740/insi_10q.htm,DQC.US.0099.9533,US GAAP 2024,10-Q,2024-08-19,2024-08-13 17:27:00,0001477932-24-004740,0001720286,"INTERNET SCIENCES, INC.",0099
186,http://www.sec.gov/Archives/edgar/data/1056358/000105635824000063/mtex-20240630.htm,DQC.US.0099.9533,US GAAP 2024,10-Q,2024-08-22,2024-08-13 16:59:00,0001056358-24-000063,0001056358,"MANNATECH, INCORPORATED",0099
187,http://www.sec.gov/Archives/edgar/data/1131903/000109690624001689/fccn-20240630.htm,DQC.US.0099.9533,US GAAP 2023,10-Q,2024-08-21,2024-08-13 16:33:00,0001096906-24-001689,0001131903,SPECTRAL CAPITAL CORPORATION,0099
188,http://www.sec.gov/Archives/edgar/data/1897982/000189798224000053/azpn-20240630.htm,DQC.US.0099.9533,US GAAP 2024,10-K,2024-08-21,2024-08-13 16:32:00,0001897982-24-000053,0001897982,"ASPEN TECHNOLOGY, INC.",0099
189,http://www.sec.gov/Archives/edgar/data/838875/000119983524000317/wvvi-10q.htm,DQC.US.0099.9533,US GAAP 2024,10-Q,2024-08-21,2024-08-13 16:31:00,0001199835-24-000317,0000838875,"WILLAMETTE VALLEY VINEYARDS, INC.",0099
190,http://www.sec.gov/Archives/edgar/data/1838028/000093041324002308/c109601_10q-ixbrl.htm,DQC.US.0099.9533,US GAAP 2024,10-Q,2024-08-21,2024-08-13 16:29:00,0000930413-24-002308,0001838028,VanEck Bitcoin ETF,0099
191,http://www.sec.gov/Archives/edgar/data/1868640/000095017024096284/rdzn-20240630.htm,DQC.US.0099.9533,US GAAP 2024,10-Q,2024-08-21,2024-08-13 16:25:00,0000950170-24-096284,0001868640,ROADZEN INC.,0099
192,http://www.sec.gov/Archives/edgar/data/1949864/000194986424000014/maga10k_30apr2024.htm,DQC.US.0099.9533,US GAAP 2024,10-K,2024-08-20,2024-08-13 16:18:00,0001949864-24-000014,0001949864,MAG MAGNA CORP,0099
193,http://www.sec.gov/Archives/edgar/data/91668/000165495424010451/sodi_10q.htm,DQC.US.0099.9533,US GAAP 2024,10-Q,2024-08-24,2024-08-13 16:05:00,0001654954-24-010451,0000091668,"SOLITRON DEVICES, INC.",0099
194,http://www.sec.gov/Archives/edgar/data/1703625/000119983524000315/blis-10k.htm,DQC.US.0099.9533,US GAAP 2024,10-K,2024-08-19,2024-08-13 15:50:00,0001199835-24-000315,0001703625,"NAPC Defense, Inc.",0099
195,http://www.sec.gov/Archives/edgar/data/944075/000094407524000053/q2_2024.htm,DQC.US.0099.9533,US GAAP 2024,10-Q,2024-08-19,2024-08-13 15:42:00,0000944075-24-000053,0000944075,"SOCKET
MOBILE, INC.",0099
196,http://www.sec.gov/Archives/edgar/data/1857910/000159991624000203/drfs_10k24o.htm,DQC.US.0099.9533,US GAAP 2024,10-K,2024-08-16,2024-08-13 12:28:00,0001599916-24-000203,0001857910,"Japan Food Tech Holdings, Inc.",0099
197,http://www.sec.gov/Archives/edgar/data/1389518/000149315224031484/form10-q.htm,DQC.US.0099.9533,US GAAP 2024,10-Q,2024-08-15,2024-08-13 10:25:00,0001493152-24-031484,0001389518,"Clubhouse Media Group, Inc.",0099
198,http://www.sec.gov/Archives/edgar/data/842517/000084251724000146/isba-20240630.htm,DQC.US.0099.9533,US GAAP 2024,10-Q,2024-08-14,2024-08-12 17:12:00,0000842517-24-000146,0000842517,ISABELLA BANK CORP,0099
199,http://www.sec.gov/Archives/edgar/data/932781/000155278124000471/e24327_fcco-10q.htm,DQC.US.0099.9533,US GAAP 2024,10-Q,2024-08-14,2024-08-12 16:52:00,0001552781-24-000471,0000932781,FIRST COMMUNITY CORPORATION,0099
200,http://www.sec.gov/Archives/edgar/data/1352952/000109690624001665/cnfn-20240630.htm,DQC.US.0099.9533,US GAAP 2023,10-Q,2024-08-14,2024-08-12 16:43:00,0001096906-24-001665,0001352952,CFN ENTERPRISES INC.,0099
201,http://www.sec.gov/Archives/edgar/data/1790169/000106299324014849/form10q.htm,DQC.US.0099.9533,US GAAP 2024,10-Q,2024-08-17,2024-08-12 16:16:00,0001062993-24-014849,0001790169,Flora Growth Corp.,0099
202,http://www.sec.gov/Archives/edgar/data/1831114/000165495424010329/nvstrr_s1.htm,DQC.US.0099.9533,US GAAP 2024,S-1/A,2024-08-15,2024-08-12 15:47:00,0001654954-24-010329,0001831114,NOVUSTERRA INC.,0099
203,http://www.sec.gov/Archives/edgar/data/1163609/000116360924000020/sdsp-20240630.htm,DQC.US.0099.9533,US GAAP 2024,10-Q,2024-08-15,2024-08-12 13:42:00,0001163609-24-000020,0001163609,SOUTH DAKOTA SOYBEAN PROCESSORS LLC,0099
204,http://www.sec.gov/Archives/edgar/data/1661039/000165495424010317/tptw_s1.htm,DQC.US.0099.9533,US GAAP 2024,POS AM,2024-08-15,2024-08-12 13:39:00,0001654954-24-010317,0001661039,"TPT Global Tech, Inc.",0099
205,http://www.sec.gov/Archives/edgar/data/1331451/000133145124000158/fhlbc-20240630.htm,DQC.US.0099.9533,US GAAP 2023,10-Q,2024-08-15,2024-08-12 13:31:00,0001331451-24-000158,0001331451,FEDERAL HOME LOAN BANK OF CHICAGO,0099
206,http://www.sec.gov/Archives/edgar/data/1831114/000165495424010264/nvstrr_s1.htm,DQC.US.0099.9533,US GAAP 2024,S-1/A,2024-08-14,2024-08-09 22:01:00,0001654954-24-010264,0001831114,NOVUSTERRA INC.,0099
207,http://www.sec.gov/Archives/edgar/data/1319643/000119983524000296/lsmg-10q.htm,DQC.US.0099.9533,US GAAP 2024,10-Q,2024-08-14,2024-08-09 18:24:00,0001199835-24-000296,0001319643,LODE-STAR MINING INC.,0099
208,http://www.sec.gov/Archives/edgar/data/763901/000119312524197914/d860346d10q.htm,DQC.US.0099.9533,US GAAP 2023,10-Q,2024-08-16,2024-08-09 16:52:00,0001193125-24-197914,0000763901,"POPULAR, INC.",0099
209,http://www.sec.gov/Archives/edgar/data/80172/000143774924025857/npk20240630_10q.htm,DQC.US.0099.9533,US GAAP 2024,10-Q,2024-08-16,2024-08-09 16:06:00,0001437749-24-025857,0000080172,NATIONAL PRESTO INDUSTRIES INC,0099
210,http://www.sec.gov/Archives/edgar/data/894081/000143774924025849/atsg20240630_10q.htm,DQC.US.0099.9533,US GAAP 2024,10-Q,2024-08-16,2024-08-09 16:00:00,0001437749-24-025849,0000894081,"Air Transport Services Group, Inc.",0099
211,http://www.sec.gov/Archives/edgar/data/1411342/000141134224000078/efc-20240630.htm,DQC.US.0099.9533,US GAAP 2023,10-Q,2024-08-14,2024-08-09 15:35:00,0001411342-24-000078,0001411342,ELLINGTON FINANCIAL INC,0099
212,http://www.sec.gov/Archives/edgar/data/19745/000162828024036214/cpk-20240630.htm,DQC.US.0099.9533,US GAAP 2023,10-Q,2024-08-13,2024-08-08 16:53:00,0001628280-24-036214,0000019745,CHESAPEAKE UTILITIES CORP,0099
213,http://www.sec.gov/Archives/edgar/data/1504461/000150446124000017/ngl-20240630.htm,DQC.US.0099.9533,US GAAP 2023,10-Q,2024-08-12,2024-08-08 16:17:00,0001504461-24-000017,0001504461,NGL Energy Partners LP,0099
214,http://www.sec.gov/Archives/edgar/data/1043509/000104350924000065/sah-20240630.htm,DQC.US.0099.9533,US GAAP 2023,10-Q,2024-08-12,2024-08-08 16:00:00,0001043509-24-000065,0001043509,"SONIC AUTOMOTIVE, INC.",0099
215,http://www.sec.gov/Archives/edgar/data/1673504/000149315224030644/form10-q.htm,DQC.US.0099.9533,US GAAP 2024,10-Q,2024-08-10,2024-08-08 06:12:00,0001493152-24-030644,0001673504,ATLANTIS GLORY INC.,0099
216,http://www.sec.gov/Archives/edgar/data/883984/000088398424000030/icui-20240630.htm,DQC.US.0099.9533,US GAAP 2023,10-Q,2024-08-12,2024-08-07 17:07:00,0000883984-24-000030,0000883984,ICU MEDICAL INC/DE,0099
217,http://www.sec.gov/Archives/edgar/data/1842566/000165495424010109/airsp_s1.htm,DQC.US.0099.9533,US GAAP 2024,S-1,2024-08-12,2024-08-07 16:18:00,0001654954-24-010109,0001842566,"AIRSHIP AI HOLDINGS, INC.",0099
218,http://www.sec.gov/Archives/edgar/data/1653653/000165365324000013/rrr-20240630.htm,DQC.US.0099.9533,US GAAP 2024,10-Q,2024-08-09,2024-08-07 12:41:00,0001653653-24-000013,0001653653,"RED ROCK RESORTS, INC.",0099
219,http://www.sec.gov/Archives/edgar/data/1285785/000161803424000013/mos-20240630.htm,DQC.US.0099.9533,US GAAP 2024,10-Q,2024-08-09,2024-08-07 12:27:00,0001618034-24-000013,0001285785,MOSAIC CO,0099
220,http://www.sec.gov/Archives/edgar/data/1325814/000132581424000139/fhlbdm-20240630.htm,DQC.US.0099.9533,US GAAP 2023,10-Q,2024-08-09,2024-08-07 11:45:00,0001325814-24-000139,0001325814,Federal Home Loan Bank of Des Moines,0099
221,http://www.sec.gov/Archives/edgar/data/1111711/000111171124000032/nix-20240630.htm,DQC.US.0099.9533,US GAAP 2024,10-Q,2024-08-09,2024-08-07 06:35:00,0001111711-24-000032,0001111711,NiSource Inc.,0099
222,http://www.sec.gov/Archives/edgar/data/1587732/000158773224000051/ogs-20240630.htm,DQC.US.0099.9533,US GAAP 2023,10-Q,2024-08-09,2024-08-06 17:10:00,0001587732-24-000051,0001587732,"ONE Gas, Inc.",0099
223,http://www.sec.gov/Archives/edgar/data/1037540/000165642324000046/bxp-20240630.htm,DQC.US.0099.9533,US GAAP 2024,10-Q,2024-08-07,2024-08-05 16:49:00,0001656423-24-000046,0001037540,"BXP, INC.",0099
224,http://www.sec.gov/Archives/edgar/data/1364885/000162828024034768/spr-20240627.htm,DQC.US.0099.9533,US GAAP 2024,10-Q,2024-08-07,2024-08-05 16:36:00,0001628280-24-034768,0001364885,"Spirit AeroSystems Holdings, Inc.",0099
225,http://www.sec.gov/Archives/edgar/data/874501/000087450124000172/ambc-20240630.htm,DQC.US.0099.9533,US GAAP 2023,10-Q,2024-08-06,2024-08-05 16:24:00,0000874501-24-000172,0000874501,"AMBAC FINANCIAL GROUP, INC.",0099
226,http://www.sec.gov/Archives/edgar/data/1735092/000147793224004536/gofba_s1.htm,DQC.US.0099.9533,US GAAP 2024,S-1,2024-08-06,2024-08-05 15:54:00,0001477932-24-004536,0001735092,"GOFBA, INC.",0099
227,http://www.sec.gov/Archives/edgar/data/100493/000010049324000103/tsn-20240629.htm,DQC.US.0099.9533,US GAAP 2024,10-Q,2024-08-06,2024-08-05 08:33:00,0000100493-24-000103,0000100493,"TYSON FOODS, INC.",0099
228,http://www.sec.gov/Archives/edgar/data/1051512/000105151224000054/tds-20240630.htm,DQC.US.0099.9533,US GAAP 2024,10-Q/A,2024-08-06,2024-08-02 17:38:00,0001051512-24-000054,0001051512,"TELEPHONE AND DATA SYSTEMS, INC.",0099
229,http://www.sec.gov/Archives/edgar/data/821130/000082113024000053/usm-20240630.htm,DQC.US.0099.9533,US GAAP 2024,10-Q/A,2024-08-06,2024-08-02 17:36:00,0000821130-24-000053,0000821130,UNITED STATES CELLULAR CORPORATION,0099
230,http://www.sec.gov/Archives/edgar/data/1051512/000105151224000051/tds-20240630.htm,DQC.US.0099.9533,US GAAP 2024,10-Q,2024-08-03,2024-08-02 08:07:00,0001051512-24-000051,0001051512,"TELEPHONE AND DATA SYSTEMS, INC.",0099
231,http://www.sec.gov/Archives/edgar/data/821130/000082113024000051/usm-20240630.htm,DQC.US.0099.9533,US GAAP 2024,10-Q,2024-08-03,2024-08-02 08:03:00,0000821130-24-000051,0000821130,UNITED STATES CELLULAR CORPORATION,0099
232,http://www.sec.gov/Archives/edgar/data/1831114/000165495424009821/nvstrr_s1.htm,DQC.US.0099.9533,US GAAP 2024,S-1/A,2024-08-02,2024-08-01 18:33:00,0001654954-24-009821,0001831114,NOVUSTERRA INC.,0099
233,http://www.sec.gov/Archives/edgar/data/89089/000008908924000137/sci-20240630.htm,DQC.US.0099.9533,US GAAP 2024,10-Q,2024-08-03,2024-08-01 17:07:00,0000089089-24-000137,0000089089,Service Corporation International,0099
234,http://www.sec.gov/Archives/edgar/data/728391/000072839124000042/cik0000728391-20240630.htm,DQC.US.0099.9533,US GAAP 2024,10-Q,2024-08-03,2024-08-01 16:54:00,0000728391-24-000042,0000728391,"IPALCO ENTERPRISES, INC.",0099
235,http://www.sec.gov/Archives/edgar/data/787250/000078725024000015/dpl-20240630.htm,DQC.US.0099.9533,US GAAP 2024,10-Q,2024-08-03,2024-08-01 16:52:00,0000787250-24-000015,0000787250,DPL Inc.,0099
236,http://www.sec.gov/Archives/edgar/data/1175535/000143774924024314/wstr20240630_10q.htm,DQC.US.0099.9533,US GAAP 2024,10-Q,2024-08-03,2024-08-01 16:50:00,0001437749-24-024314,0001175535,Whitestone REIT,0099
237,http://www.sec.gov/Archives/edgar/data/34903/000003490324000056/frt-20240630.htm,DQC.US.0099.9533,US GAAP 2024,10-Q,2024-08-03,2024-08-01 16:11:00,0000034903-24-000056,0000034903,Federal Realty Investment Trust,0099
238,http://www.sec.gov/Archives/edgar/data/876883/000087688324000022/stgw-20240630.htm,DQC.US.0099.9533,US GAAP 2024,10-Q,2024-08-02,2024-08-01 15:42:00,0000876883-24-000022,0000876883,Stagwell Inc,0099
239,http://www.sec.gov/Archives/edgar/data/944695/000095017024089179/thg-20240630.htm,DQC.US.0099.9533,US GAAP 2023,10-Q,2024-08-02,2024-08-01 15:11:00,0000950170-24-089179,0000944695,"HANOVER INSURANCE GROUP, INC.",0099
240,http://www.sec.gov/Archives/edgar/data/14930/000001493024000126/bcorp-20240629.htm,DQC.US.0099.9533,US GAAP 2024,10-Q,2024-08-02,2024-08-01 11:47:00,0000014930-24-000126,0000014930,Brunswick Corporation,0099
241,http://www.sec.gov/Archives/edgar/data/26172/000002617224000037/cmi-20240630.htm,DQC.US.0099.9533,US GAAP 2024,10-Q,2024-08-02,2024-08-01 11:27:00,0000026172-24-000037,0000026172,CUMMINS INC.,0099
242,http://www.sec.gov/Archives/edgar/data/1751876/000192998024000320/pavs_20f.htm,DQC.US.0099.9533,US GAAP 2024,20-F,2024-08-01,2024-07-31 17:47:00,0001929980-24-000320,0001751876,Paranovus Entertainment Technology Ltd.,0099
243,http://www.sec.gov/Archives/edgar/data/1936756/000119983524000273/nbh-10q.htm,DQC.US.0099.9533,US GAAP 2024,10-Q,2024-08-01,2024-07-31 17:25:00,0001199835-24-000273,0001936756,"NEXT BRIDGE HYDROCARBONS, INC.",0099
244,http://www.sec.gov/Archives/edgar/data/1165002/000116500224000065/whg-20240630.htm,DQC.US.0099.9533,US GAAP 2023,10-Q,2024-08-01,2024-07-31 16:17:00,0001165002-24-000065,0001165002,"WESTWOOD HOLDINGS GROUP, INC.",0099
245,http://www.sec.gov/Archives/edgar/data/1888846/000159991624000200/ultimate_10qq3.htm,DQC.US.0099.9533,US GAAP 2024,10-Q,2024-08-01,2024-07-31 16:17:00,0001599916-24-000200,0001888846,"Ultimate Holdings GROUP, Inc.",0099
246,http://www.sec.gov/Archives/edgar/data/1345126/000134512624000039/codi-20240630.htm,DQC.US.0099.9533,US GAAP 2024,10-Q,2024-08-01,2024-07-31 16:15:00,0001345126-24-000039,0001345126,COMPASS DIVERSIFIED HOLDINGS,0099
247,http://www.sec.gov/Archives/edgar/data/7789/000000778924000062/asb-20240630.htm,DQC.US.0099.9533,US GAAP 2024,10-Q,2024-07-31,2024-07-30 16:16:00,0000007789-24-000062,0000007789,Associated Banc-Corp,0099
248,http://www.sec.gov/Archives/edgar/data/4904/000000490424000081/aep-20240630.htm,DQC.US.0099.9533,US GAAP 2023,10-Q,2024-07-30,2024-07-30 07:18:00,0000004904-24-000081,0000004904,AMERICAN ELECTRIC POWER CO INC.,0099
249,http://www.sec.gov/Archives/edgar/data/1838163/000149315224029287/forms-1.htm,DQC.US.0099.9533,US GAAP 2024,S-1/A,2024-07-27,2024-07-26 17:24:00,0001493152-24-029287,0001838163,Brand Engagement Network Inc.,0099
250,http://www.sec.gov/Archives/edgar/data/38777/000003877724000115/ben-20240630.htm,DQC.US.0099.9533,US GAAP 2023,10-Q,2024-07-27,2024-07-26 14:13:00,0000038777-24-000115,0000038777,"FRANKLIN RESOURCES, INC.",0099
251,http://www.sec.gov/Archives/edgar/data/101829/000010182924000027/rtx-20240630.htm,DQC.US.0099.9533,US GAAP 2024,10-Q,2024-07-26,2024-07-25 16:13:00,0000101829-24-000027,0000101829,RTX CORPORATION,0099
252,http://www.sec.gov/Archives/edgar/data/1133421/000113342124000052/noc-20240630.htm,DQC.US.0099.9533,US GAAP 2024,10-Q,2024-07-26,2024-07-25 16:01:00,0001133421-24-000052,0001133421,NORTHROP GRUMMAN CORP /DE/,0099
253,http://www.sec.gov/Archives/edgar/data/51644/000005164424000036/ipg-20240630.htm,DQC.US.0099.9533,US GAAP 2024,10-Q,2024-07-25,2024-07-24 16:18:00,0000051644-24-000036,0000051644,"INTERPUBLIC GROUP OF COMPANIES, INC.",0099
254,http://www.sec.gov/Archives/edgar/data/1818152/000159991624000197/zentrum_q224o.htm,DQC.US.0099.9533,US GAAP 2024,10-Q,2024-07-24,2024-07-24 14:11:00,0001599916-24-000197,0001818152,"Zentrum Holdings, Inc.",0099
255,http://www.sec.gov/Archives/edgar/data/1831114/000165495424009326/nvstrr_s1.htm,DQC.US.0099.9533,US GAAP 2024,S-1/A,2024-07-24,2024-07-24 07:58:00,0001654954-24-009326,0001831114,NOVUSTERRA INC.,0099
256,http://www.sec.gov/Archives/edgar/data/921082/000092108224000029/hiw-20240630.htm,DQC.US.0099.9533,US GAAP 2024,10-Q,2024-07-23,2024-07-23 16:05:00,0000921082-24-000029,0000921082,"HIGHWOODS PROPERTIES, INC.",0099
257,http://www.sec.gov/Archives/edgar/data/55785/000005578524000085/kmb-20240630.htm,DQC.US.0099.9533,US GAAP 2024,10-Q,2024-07-23,2024-07-23 09:24:00,0000055785-24-000085,0000055785,KIMBERLY-CLARK CORPORATION,0099
258,http://www.sec.gov/Archives/edgar/data/1679817/000149315224028696/forms-1.htm,DQC.US.0099.9533,US GAAP 2024,S-1,2024-07-22,2024-07-22 16:31:00,0001493152-24-028696,0001679817,"OZOP ENERGY SOLUTIONS, INC.",0099
259,http://www.sec.gov/Archives/edgar/data/1647822/000149315224028593/form10-q.htm,DQC.US.0099.9533,US GAAP 2024,10-Q,2024-07-22,2024-07-19 21:14:00,0001493152-24-028593,0001647822,"Jingbo Technology, Inc.",0099
260,http://www.sec.gov/Archives/edgar/data/1411168/000137647424000329/dug-20240630.htm,DQC.US.0099.9533,US GAAP 2024,10-Q,2024-07-19,2024-07-19 11:31:00,0001376474-24-000329,0001411168,Dutch Oven Gold Group Inc.,0099
261,http://www.sec.gov/Archives/edgar/data/1442999/000166357724000211/abti10k_033124.htm,DQC.US.0099.9533,US GAAP 2024,10-K,2024-07-18,2024-07-17 18:04:00,0001663577-24-000211,0001442999,"Alterola Biotech, Inc.",0099
262,http://www.sec.gov/Archives/edgar/data/1936756/000119983524000258/nbh-10k.htm,DQC.US.0099.9533,US GAAP 2023,10-K,2024-07-18,2024-07-17 15:59:00,0001199835-24-000258,0001936756,"NEXT BRIDGE HYDROCARBONS, INC.",0099
263,http://www.sec.gov/Archives/edgar/data/1661039/000165495424009039/tptw_s1.htm,DQC.US.0099.9533,US GAAP 2024,POS AM,2024-07-17,2024-07-17 09:26:00,0001654954-24-009039,0001661039,"TPT Global Tech, Inc.",0099
264,http://www.sec.gov/Archives/edgar/data/1888740/000119983524000251/lseb-10k.htm,DQC.US.0099.9533,US GAAP 2024,10-K,2024-07-17,2024-07-16 17:19:00,0001199835-24-000251,0001888740,LSEB CREATIVE CORP.,0099
265,http://www.sec.gov/Archives/edgar/data/1420368/000147793224004253/dlti_10q.htm,DQC.US.0099.9533,US GAAP 2024,10-Q,2024-07-16,2024-07-16 15:45:00,0001477932-24-004253,0001420368,"DLT RESOLUTION, INC",0099
266,http://www.sec.gov/Archives/edgar/data/1464865/000147793224004249/asii_10q.htm,DQC.US.0099.9533,US GAAP 2024,10-Q,2024-07-16,2024-07-16 14:10:00,0001477932-24-004249,0001464865,"Accredited Solutions, Inc.",0099
267,http://www.sec.gov/Archives/edgar/data/1464865/000147793224004240/accredited_10k.htm,DQC.US.0099.9533,US GAAP 2024,10-K,2024-07-16,2024-07-16 12:35:00,0001477932-24-004240,0001464865,"Accredited Solutions, Inc.",0099
268,http://www.sec.gov/Archives/edgar/data/1096938/000147793224004215/ueec_s1a.htm,DQC.US.0099.9533,US GAAP 2024,S-1/A,2024-07-15,2024-07-15 13:36:00,0001477932-24-004215,0001096938,"UNITED HEALTH PRODUCTS, INC.",0099
269,http://www.sec.gov/Archives/edgar/data/1605331/000166357724000198/abqq10q_053124.htm,DQC.US.0099.9533,US GAAP 2024,10-Q,2024-07-15,2024-07-15 12:16:00,0001663577-24-000198,0001605331,AB International Group Corp.,0099
270,http://www.sec.gov/Archives/edgar/data/1346022/000106299324013676/form10q.htm,DQC.US.0099.9533,US GAAP 2023,10-Q,2024-07-12,2024-07-12 16:02:00,0001062993-24-013676,0001346022,ENERTOPIA CORP.,0099
271,http://www.sec.gov/Archives/edgar/data/1995920/000199592024000016/e_smart10q31may2024.htm,DQC.US.0099.9533,US GAAP 2024,10-Q,2024-07-12,2024-07-12 13:04:00,0001995920-24-000016,0001995920,E-SMART CORP.,0099
272,http://www.sec.gov/Archives/edgar/data/1931055/000166357724000191/mdnc10q_053124.htm,DQC.US.0099.9533,US GAAP 2024,10-Q,2024-07-12,2024-07-12 12:20:00,0001663577-24-000191,0001931055,Medinotec Inc.,0099
273,http://www.sec.gov/Archives/edgar/data/1781629/000178162924000014/ankm10q_31may2024.htm,DQC.US.0099.9533,US GAAP 2024,10-Q,2024-07-13,2024-07-12 09:12:00,0001781629-24-000014,0001781629,"ANKAM, INC.",0099
274,http://www.sec.gov/Archives/edgar/data/1627469/000159991624000195/photozou_10q224o.htm,DQC.US.0099.9533,US GAAP 2024,10-Q,2024-07-13,2024-07-12 09:05:00,0001599916-24-000195,0001627469,"Photozou     Holdings, Inc.",0099
275,http://www.sec.gov/Archives/edgar/data/7623/000143774924022557/artw20240531_10q.htm,DQC.US.0099.9533,US GAAP 2024,10-Q,2024-07-12,2024-07-11 14:32:00,0001437749-24-022557,0000007623,ARTS WAY MANUFACTURING CO INC,0099
276,http://www.sec.gov/Archives/edgar/data/1906133/000147793224004137/icct_s1a.htm,DQC.US.0099.9533,US GAAP 2024,S-1/A,2024-07-09,2024-07-09 16:31:00,0001477932-24-004137,0001906133,iCoreConnect Inc.,0099
277,http://www.sec.gov/Archives/edgar/data/1775194/000147793224004117/upxi_10q.htm,DQC.US.0099.9533,US GAAP 2024,10-Q,2024-07-09,2024-07-09 06:01:00,0001477932-24-004117,0001775194,"UPEXI, INC.",0099
278,http://www.sec.gov/Archives/edgar/data/1842566/000165495424008709/airsp_s1a.htm,DQC.US.0099.9533,US GAAP 2024,S-1/A,2024-07-08,2024-07-08 17:15:00,0001654954-24-008709,0001842566,"AIRSHIP AI HOLDINGS, INC.",0099
279,http://www.sec.gov/Archives/edgar/data/1842566/000165495424008675/airsp_s1a.htm,DQC.US.0099.9533,US GAAP 2024,S-1/A,2024-07-08,2024-07-08 06:44:00,0001654954-24-008675,0001842566,"AIRSHIP AI HOLDINGS, INC.",0099
280,http://www.sec.gov/Archives/edgar/data/1702015/000159991624000191/ais10ko_24.htm,DQC.US.0099.9533,US GAAP 2023,10-K,2024-07-05,2024-07-05 13:39:00,0001599916-24-000191,0001702015,"AIS
HOLDINGS GROUP, INC.",0099
281,http://www.sec.gov/Archives/edgar/data/1647822/000149315224026267/form10-k.htm,DQC.US.0099.9533,US GAAP 2024,10-K,2024-07-05,2024-07-03 19:54:00,0001493152-24-026267,0001647822,"Jingbo Technology, Inc.",0099
282,http://www.sec.gov/Archives/edgar/data/1931055/000166357724000168/mdnc10k_022924.htm,DQC.US.0099.9533,US GAAP 2024,10-K,2024-07-05,2024-07-03 18:40:00,0001663577-24-000168,0001931055,Medinotec Inc.,0099
283,http://www.sec.gov/Archives/edgar/data/1634117/000163411724000048/bned-20240427.htm,DQC.US.0099.9533,US GAAP 2024,10-K,2024-07-01,2024-07-01 16:46:00,0001634117-24-000048,0001634117,"BARNES & NOBLE EDUCATION, INC.",0099
284,http://www.sec.gov/Archives/edgar/data/1868640/000095017024079647/rdzn-20240331.htm,DQC.US.0099.9533,US GAAP 2023,10-K,2024-07-01,2024-07-01 16:25:00,0000950170-24-079647,0001868640,ROADZEN INC.,0099
285,http://www.sec.gov/Archives/edgar/data/1485029/000109690624001457/nahd-20240331.htm,DQC.US.0099.9533,US GAAP 2023,10-Q,2024-07-01,2024-07-01 14:23:00,0001096906-24-001457,0001485029,"NEW ASIA HOLDINGS, INC.",0099
286,http://www.sec.gov/Archives/edgar/data/1533030/000121390024057308/ea0208634-10q_cryo.htm,DQC.US.0099.9533,US GAAP 2024,10-Q,2024-06-29,2024-06-28 17:23:00,0001213900-24-057308,0001533030,CRYOMASS TECHNOLOGIES INC.,0099
287,http://www.sec.gov/Archives/edgar/data/1502152/000116169724000285/form_10-q.htm,DQC.US.0099.9533,US GAAP 2024,10-Q,2024-06-29,2024-06-28 17:08:00,0001161697-24-000285,0001502152,GlobeStar Therapeutics Corp,0099
288,http://www.sec.gov/Archives/edgar/data/1790169/000106299324013130/formdef14a.htm,DQC.US.0099.9533,US GAAP 2023,DEF 14A,2024-06-28,2024-06-28 16:02:00,0001062993-24-013130,0001790169,Flora Growth Corp.,0099
289,http://www.sec.gov/Archives/edgar/data/1661039/000165495424008305/tptw_s1.htm,DQC.US.0099.9533,US GAAP 2024,S-1,2024-06-28,2024-06-28 06:05:00,0001654954-24-008305,0001661039,"TPT Global Tech, Inc.",0099
290,http://www.sec.gov/Archives/edgar/data/1651932/000164033424001020/xito_10k.htm,DQC.US.0099.9533,US GAAP 2024,10-K,2024-06-27,2024-06-27 12:14:00,0001640334-24-001020,0001651932,"XENOUS HOLDINGS, INC.",0099
291,http://www.sec.gov/Archives/edgar/data/1096938/000147793224003884/ueec_s1.htm,DQC.US.0099.9533,US GAAP 2024,S-1,2024-06-27,2024-06-26 16:59:00,0001477932-24-003884,0001096938,"UNITED HEALTH PRODUCTS, INC.",0099
292,http://www.sec.gov/Archives/edgar/data/55234/000147793224003865/kenilworth_10ka.htm,DQC.US.0099.9533,US GAAP 2024,10-K/A,2024-06-26,2024-06-25 16:27:00,0001477932-24-003865,0000055234,KENILWORTH SYSTEMS CORPORATION,0099
293,http://www.sec.gov/Archives/edgar/data/1360442/000109690624001421/cbds-20240331.htm,DQC.US.0099.9533,US GAAP 2024,10-Q,2024-06-26,2024-06-24 18:29:00,0001096906-24-001421,0001360442,"Dogecoin Cash, Inc.",0099
294,http://www.sec.gov/Archives/edgar/data/1842566/000165495424008044/airsp_s1.htm,DQC.US.0099.9533,US GAAP 2023,S-1,2024-06-25,2024-06-21 17:18:00,0001654954-24-008044,0001842566,"AIRSHIP AI HOLDINGS, INC.",0099
295,http://www.sec.gov/Archives/edgar/data/1790169/000106299324012882/formprer14a.htm,DQC.US.0099.9533,US GAAP 2023,PRER14A,2024-06-25,2024-06-21 16:02:00,0001062993-24-012882,0001790169,Flora Growth Corp.,0099
296,http://www.sec.gov/Archives/edgar/data/1838163/000149315224024559/forms-1.htm,DQC.US.0099.9533,US GAAP 2024,S-1,2024-06-25,2024-06-20 17:27:00,0001493152-24-024559,0001838163,Brand Engagement Network Inc.,0099
297,http://www.sec.gov/Archives/edgar/data/1715611/000164033424000994/bmmj_10q.htm,DQC.US.0099.9533,US GAAP 2023,10-Q,2024-06-25,2024-06-20 16:15:00,0001640334-24-000994,0001715611,BODY AND MIND INC.,0099
298,http://www.sec.gov/Archives/edgar/data/1831114/000165495424007966/nvstrr_s1.htm,DQC.US.0099.9533,US GAAP 2023,S-1/A,2024-06-25,2024-06-20 09:50:00,0001654954-24-007966,0001831114,NOVUSTERRA INC.,0099
299,http://www.sec.gov/Archives/edgar/data/1787412/000159991624000171/wbba10q324_o.htm,DQC.US.0099.9533,US GAAP 2024,10-Q,2024-06-25,2024-06-18 14:55:00,0001599916-24-000171,0001787412,"WB Burgers Asia, Inc.",0099
300,http://www.sec.gov/Archives/edgar/data/1730869/000147793224003687/ebi_10q.htm,DQC.US.0099.9533,US GAAP 2023,10-Q,2024-06-25,2024-06-14 11:02:00,0001477932-24-003687,0001730869,"Everything Blockchain, Inc.",0099
301,http://www.sec.gov/Archives/edgar/data/1880249/000159991624000168/wchd10q324o.htm,DQC.US.0099.9533,US GAAP 2023,10-Q,2024-06-25,2024-06-13 15:53:00,0001599916-24-000168,0001880249,"WeCapital Holdings, Inc.",0099
302,http://www.sec.gov/Archives/edgar/data/1906133/000147793224003632/icct_s1.htm,DQC.US.0099.9533,US GAAP 2023,S-1,2024-06-12,2024-06-11 17:31:00,0001477932-24-003632,0001906133,iCoreConnect Inc.,0099
303,http://www.sec.gov/Archives/edgar/data/1301991/000109690624001338/smme-20240331.htm,DQC.US.0099.9533,US GAAP 2023,10-Q,2024-06-12,2024-06-10 17:22:00,0001096906-24-001338,0001301991,"SMARTMETRIC, INC.",0099
304,http://www.sec.gov/Archives/edgar/data/1753681/000147793224003577/elite_10q.htm,DQC.US.0099.9533,US GAAP 2023,10-Q,2024-06-07,2024-06-07 15:42:00,0001477932-24-003577,0001753681,Elite Performance Holding Corp.,0099
305,http://www.sec.gov/Archives/edgar/data/1652539/000106299324012177/form10q.htm,DQC.US.0099.9533,US GAAP 2023,10-Q,2024-06-07,2024-06-07 14:25:00,0001062993-24-012177,0001652539,SUSGLOBAL ENERGY CORP.,0099
306,http://www.sec.gov/Archives/edgar/data/1504461/000150446124000013/ngl-20240331.htm,DQC.US.0099.9533,US GAAP 2023,10-K,2024-06-10,2024-06-06 16:25:00,0001504461-24-000013,0001504461,NGL Energy Partners LP,0099
307,http://www.sec.gov/Archives/edgar/data/1970129/000164033424000914/leg_10q.htm,DQC.US.0099.9533,US GAAP 2023,10-Q,2024-06-05,2024-06-05 15:37:00,0001640334-24-000914,0001970129,"LEGEND SPICES, INC.",0099
308,http://www.sec.gov/Archives/edgar/data/1877461/000147793224003498/onesix_s1.htm,DQC.US.0099.9533,US GAAP 2023,S-1,2024-06-10,2024-06-04 17:03:00,0001477932-24-003498,0001877461,1606 Corp.,0099
309,http://www.sec.gov/Archives/edgar/data/889353/000109690624001291/jmtm_10q.htm,DQC.US.0099.9533,US GAAP 2023,10-Q,2024-06-03,2024-06-03 14:26:00,0001096906-24-001291,0000889353,JAMES MARITIME HOLDINGS INC.,0099
310,http://www.sec.gov/Archives/edgar/data/1710495/000149315224022263/form10-k.htm,DQC.US.0099.9533,US GAAP 2023,10-K,2024-06-03,2024-05-31 17:44:00,0001493152-24-022263,0001710495,PINEAPPLE EXPRESS CANNABIS COMPANY,0099
311,http://www.sec.gov/Archives/edgar/data/1790169/000106299324011545/formpre14a.htm,DQC.US.0099.9533,US GAAP 2023,PRE 14A,2024-05-31,2024-05-31 16:13:00,0001062993-24-011545,0001790169,Flora Growth Corp.,0099
312,http://www.sec.gov/Archives/edgar/data/39911/000003991124000128/gps-20240504.htm,DQC.US.0099.9533,US GAAP 2023,10-Q,2024-05-31,2024-05-31 11:36:00,0000039911-24-000128,0000039911,"GAP, INC",0099
313,http://www.sec.gov/Archives/edgar/data/744187/000093041324001828/c109056_10q-ixbrl.htm,DQC.US.0099.9533,US GAAP 2024,10-Q,2024-05-30,2024-05-30 16:14:00,0000930413-24-001828,0000744187,REX AMERICAN RESOURCES CORPORATION,0099
314,http://www.sec.gov/Archives/edgar/data/1973047/000197304724000018/marky10q_apr302024.htm,DQC.US.0099.9533,US GAAP 2024,10-Q,2024-05-30,2024-05-30 14:15:00,0001973047-24-000018,0001973047,MARKY CORP.,0099
315,http://www.sec.gov/Archives/edgar/data/1504678/000165495424007029/loop_10k.htm,DQC.US.0099.9533,US GAAP 2023,10-K,2024-05-30,2024-05-29 16:56:00,0001654954-24-007029,0001504678,"Loop Industries, Inc.",0099
316,http://www.sec.gov/Archives/edgar/data/1072725/000107272524000017/gdrzfform6kex991052924.htm,DQC.US.0099.9533,US GAAP 2024,6-K,2024-05-29,2024-05-29 15:32:00,0001072725-24-000017,0001072725,GOLD RESERVE LTD.,0099
317,http://www.sec.gov/Archives/edgar/data/831378/000147793224003345/lvpa_10q.htm,DQC.US.0099.9533,US GAAP 2023,10-Q,2024-05-29,2024-05-29 15:22:00,0001477932-24-003345,0000831378,LVPAI GROUP LIMITED,0099
318,http://www.sec.gov/Archives/edgar/data/1416090/000109690624001249/imii_10q.htm,DQC.US.0099.9533,US GAAP 2023,10-Q,2024-05-29,2024-05-29 11:40:00,0001096906-24-001249,0001416090,Inception Mining Inc.,0099
319,http://www.sec.gov/Archives/edgar/data/1276531/000137647424000256/scgy-20240331.htm,DQC.US.0099.9533,US GAAP 2024,10-Q/A,2024-05-29,2024-05-29 10:25:00,0001376474-24-000256,0001276531,"SCIENTIFIC ENERGY, INC.",0099
320,http://www.sec.gov/Archives/edgar/data/1765048/000176504824000020/gcgj_form10q20240331upd.htm,DQC.US.0099.9533,US GAAP 2024,10-Q,2024-05-28,2024-05-28 09:58:00,0001765048-24-000020,0001765048,GUOCHUN                                             INTERNATIONAL INC.,0099
321,http://www.sec.gov/Archives/edgar/data/1324759/000149315224021436/form10-q.htm,DQC.US.0099.9533,US GAAP 2024,10-Q,2024-05-28,2024-05-28 06:11:00,0001493152-24-021436,0001324759,HONG YUAN HOLDING GROUP,0099
322,http://www.sec.gov/Archives/edgar/data/728391/000114036124027520/ny20029612x1_s4.htm,DQC.US.0099.9533,US GAAP 2023,S-4,2024-05-28,2024-05-24 21:25:00,0001140361-24-027520,0000728391,"IPALCO ENTERPRISES, INC.",0099
323,http://www.sec.gov/Archives/edgar/data/1497649/000190359624000355/gstx_10q.htm,DQC.US.0099.9533,US GAAP 2024,10-Q,2024-05-24,2024-05-24 14:21:00,0001903596-24-000355,0001497649,GRAPHENE & SOLAR TECHNOLOGIES LTD,0099
324,http://www.sec.gov/Archives/edgar/data/1849548/000200858924000026/f10q0324_onyxacq1.htm,DQC.US.0099.9533,US GAAP 2024,10-Q,2024-05-23,2024-05-23 09:17:00,0002008589-24-000026,0001849548,ONYX ACQUISITION CO. I,0099
325,http://www.sec.gov/Archives/edgar/data/1960262/000190359624000339/ludg_10q.htm,DQC.US.0099.9533,US GAAP 2024,10-Q,2024-05-20,2024-05-20 17:21:00,0001903596-24-000339,0001960262,"Ludwig Enterprises, Inc.",0099
326,http://www.sec.gov/Archives/edgar/data/1825452/000165495424006689/onfolio_10q.htm,DQC.US.0099.9533,US GAAP 2023,10-Q,2024-05-20,2024-05-20 17:10:00,0001654954-24-006689,0001825452,ONFOLIO HOLDINGS INC.,0099
327,http://www.sec.gov/Archives/edgar/data/1276531/000137647424000251/scgy-20240331.htm,DQC.US.0099.9533,US GAAP 2024,10-Q,2024-05-20,2024-05-20 16:00:00,0001376474-24-000251,0001276531,"SCIENTIFIC ENERGY, INC.",0099
328,http://www.sec.gov/Archives/edgar/data/1634293/000159991624000136/exceed_10q224o.htm,DQC.US.0099.9533,US GAAP 2024,10-Q,2024-05-20,2024-05-20 15:06:00,0001599916-24-000136,0001634293,"Exceed World, Inc.",0099
329,http://www.sec.gov/Archives/edgar/data/1815632/000165495424006613/tgcb_10q.htm,DQC.US.0099.9533,US GAAP 2023,10-Q,2024-05-17,2024-05-17 16:37:00,0001654954-24-006613,0001815632,TEGO CYBER INC.,0099
330,http://www.sec.gov/Archives/edgar/data/1948697/000192998024000206/sppl_20f.htm,DQC.US.0099.9533,US GAAP 2023,20-F,2024-05-17,2024-05-17 16:00:00,0001929980-24-000206,0001948697,SIMPPLE LTD.,0099
331,http://www.sec.gov/Archives/edgar/data/1392545/000089016324000008/lgtg-20231231.xml,DQC.US.0099.9533,US GAAP 2022,10-K/A,2024-05-17,2024-05-17 15:16:00,0000890163-24-000008,0001392545,"Lightning Gaming, Inc.",0099
332,http://www.sec.gov/Archives/edgar/data/1131903/000109690624001177/fccn-20240331.htm,DQC.US.0099.9533,US GAAP 2023,10-Q,2024-05-17,2024-05-17 14:58:00,0001096906-24-001177,0001131903,SPECTRAL CAPITAL CORPORATION,0099
333,http://www.sec.gov/Archives/edgar/data/1485029/000109690624001168/nahd-20231231.htm,DQC.US.0099.9533,US GAAP 2023,10-K,2024-05-20,2024-05-16 16:13:00,0001096906-24-001168,0001485029,"NEW ASIA HOLDINGS, INC.",0099
334,http://www.sec.gov/Archives/edgar/data/1435812/000151597124000053/arem10q033124.htm,DQC.US.0099.9533,US GAAP 2024,10-Q,2024-05-17,2024-05-16 09:41:00,0001515971-24-000053,0001435812,Arem Pacific Corporation,0099
335,http://www.sec.gov/Archives/edgar/data/1399306/000139930624000009/brbl-10q.htm,DQC.US.0099.9533,US GAAP 2024,10-Q,2024-05-17,2024-05-15 18:26:00,0001399306-24-000009,0001399306,BREWBILT BREWING COMPANY,0099
336,http://www.sec.gov/Archives/edgar/data/1807887/000149315224020049/form10-q.htm,DQC.US.0099.9533,US GAAP 2024,10-Q,2024-05-17,2024-05-15 17:29:00,0001493152-24-020049,0001807887,Laser     Photonics Corporation,0099
337,http://www.sec.gov/Archives/edgar/data/1462223/000165495424006429/rcrt_10q.htm,DQC.US.0099.9533,US GAAP 2023,10-Q,2024-05-15,2024-05-15 17:17:00,0001654954-24-006429,0001462223,"NIXXY, INC.",0099
338,http://www.sec.gov/Archives/edgar/data/1085277/000166357724000137/skvi10q_033124.htm,DQC.US.0099.9533,US GAAP 2024,10-Q,2024-05-17,2024-05-15 16:46:00,0001663577-24-000137,0001085277,"Skinvisible, Inc.",0099
339,http://www.sec.gov/Archives/edgar/data/725363/000165495424006411/cvm_10q.htm,DQC.US.0099.9533,US GAAP 2023,10-Q,2024-05-15,2024-05-15 16:17:00,0001654954-24-006411,0000725363,CEL-SCI CORPORATION,0099
340,http://www.sec.gov/Archives/edgar/data/1098880/000106299324010322/form10q.htm,DQC.US.0099.9533,US GAAP 2023,10-Q,2024-05-15,2024-05-15 16:16:00,0001062993-24-010322,0001098880,IntelGenx Technologies Corp.,0099
341,http://www.sec.gov/Archives/edgar/data/1738699/000119380524000652/e663603_20f-wisekey.htm,DQC.US.0099.9533,US GAAP 2023,20-F,2024-05-15,2024-05-15 16:13:00,0001193805-24-000652,0001738699,Wisekey International Holding S.A.,0099
342,http://www.sec.gov/Archives/edgar/data/1352952/000109690624001151/cnfn-20240331.htm,DQC.US.0099.9533,US GAAP 2023,10-Q,2024-05-15,2024-05-15 16:12:00,0001096906-24-001151,0001352952,CFN ENTERPRISES INC.,0099
343,http://www.sec.gov/Archives/edgar/data/1652539/000106299324010319/form10k.htm,DQC.US.0099.9533,US GAAP 2023,10-K,2024-05-15,2024-05-15 16:06:00,0001062993-24-010319,0001652539,SUSGLOBAL ENERGY CORP.,0099
344,http://www.sec.gov/Archives/edgar/data/1560672/000156067224000045/earn-20240331.htm,DQC.US.0099.9533,US GAAP 2023,10-Q,2024-05-15,2024-05-15 14:57:00,0001560672-24-000045,0001560672,Ellington Credit Company,0099
345,http://www.sec.gov/Archives/edgar/data/1339688/000106299324010308/form10q.htm,DQC.US.0099.9533,US GAAP 2023,10-Q,2024-05-15,2024-05-15 14:43:00,0001062993-24-010308,0001339688,Lion Copper and Gold Corp.,0099
346,http://www.sec.gov/Archives/edgar/data/1163609/000116360924000010/sdsp-20240331.htm,DQC.US.0099.9533,US GAAP 2023,10-Q,2024-05-15,2024-05-15 14:25:00,0001163609-24-000010,0001163609,SOUTH DAKOTA SOYBEAN PROCESSORS LLC,0099
347,http://www.sec.gov/Archives/edgar/data/1319643/000119983524000195/lsmg-10q.htm,DQC.US.0099.9533,US GAAP 2024,10-Q,2024-05-17,2024-05-15 14:07:00,0001199835-24-000195,0001319643,LODE-STAR MINING INC.,0099
348,http://www.sec.gov/Archives/edgar/data/1877461/000147793224002944/onesix_10qa.htm,DQC.US.0099.9533,US GAAP 2023,10-Q/A,2024-05-15,2024-05-15 13:32:00,0001477932-24-002944,0001877461,1606 Corp.,0099
349,http://www.sec.gov/Archives/edgar/data/1877461/000147793224002943/onesix_10qa.htm,DQC.US.0099.9533,US GAAP 2023,10-Q/A,2024-05-15,2024-05-15 13:28:00,0001477932-24-002943,0001877461,1606 Corp.,0099
350,http://www.sec.gov/Archives/edgar/data/1737523/000147793224002941/bion_10q.htm,DQC.US.0099.9533,US GAAP 2023,10-Q,2024-05-15,2024-05-15 13:20:00,0001477932-24-002941,0001737523,BioNexus Gene Lab Corp.,0099
351,http://www.sec.gov/Archives/edgar/data/1089907/000155278124000343/e24218_swkh-10q.htm,DQC.US.0099.9533,US GAAP 2024,10-Q,2024-05-17,2024-05-15 13:15:00,0001552781-24-000343,0001089907,SWK HOLDINGS CORPORATION,0099
352,http://www.sec.gov/Archives/edgar/data/1882781/000159991624000128/c2blockq324f.htm,DQC.US.0099.9533,US GAAP 2024,10-Q,2024-05-17,2024-05-15 13:06:00,0001599916-24-000128,0001882781,"C2 Blockchain,Inc.",0099
353,http://www.sec.gov/Archives/edgar/data/1668340/000155278124000342/e24223_bctf-10q.htm,DQC.US.0099.9533,US GAAP 2024,10-Q,2024-05-17,2024-05-15 12:56:00,0001552781-24-000342,0001668340,"BANCORP 34, INC.",0099
354,http://www.sec.gov/Archives/edgar/data/1443863/000147793224002923/bicx_10q.htm,DQC.US.0099.9533,US GAAP 2023,10-Q,2024-05-15,2024-05-15 11:43:00,0001477932-24-002923,0001443863,BioCorRx Inc.,0099
355,http://www.sec.gov/Archives/edgar/data/1479915/000149315224019623/form10-q.htm,DQC.US.0099.9533,US GAAP 2024,10-Q,2024-05-17,2024-05-15 11:41:00,0001493152-24-019623,0001479915,CQENS     Technologies Inc.,0099
356,http://www.sec.gov/Archives/edgar/data/66496/000119312524139079/d766294d10q.htm,DQC.US.0099.9533,US GAAP 2023,10-Q,2024-05-15,2024-05-15 10:57:00,0001193125-24-139079,0000066496,MILLS MUSIC TRUST,0099
357,http://www.sec.gov/Archives/edgar/data/1527702/000166357724000133/iqst10q_033134.htm,DQC.US.0099.9533,US GAAP 2024,10-Q,2024-05-17,2024-05-15 09:14:00,0001663577-24-000133,0001527702,iQSTEL Inc.,0099
358,http://www.sec.gov/Archives/edgar/data/1790169/000106299324010248/form10q.htm,DQC.US.0099.9533,US GAAP 2023,10-Q,2024-05-14,2024-05-14 17:25:00,0001062993-24-010248,0001790169,Flora Growth Corp.,0099
359,http://www.sec.gov/Archives/edgar/data/1495584/000143774924016607/sccv20240331_10q.htm,DQC.US.0099.9533,US GAAP 2024,10-Q,2024-05-17,2024-05-14 16:02:00,0001437749-24-016607,0001495584,"Firsthand Technology Value Fund, Inc.",0099
360,http://www.sec.gov/Archives/edgar/data/34956/000165495424006228/tenx_10q.htm,DQC.US.0099.9533,US GAAP 2023,10-Q,2024-05-14,2024-05-14 16:01:00,0001654954-24-006228,0000034956,"Tenax Therapeutics, Inc.",0099
361,http://www.sec.gov/Archives/edgar/data/1056358/000105635824000042/mtex-20240331.htm,DQC.US.0099.9533,US GAAP 2024,10-Q,2024-05-17,2024-05-14 12:47:00,0001056358-24-000042,0001056358,"MANNATECH, INCORPORATED",0099
362,http://www.sec.gov/Archives/edgar/data/944075/000094407524000026/q1_2024.htm,DQC.US.0099.9533,US GAAP 2024,10-Q,2024-05-17,2024-05-14 11:31:00,0000944075-24-000026,0000944075,"SOCKET
MOBILE, INC.",0099
363,http://www.sec.gov/Archives/edgar/data/1673504/000149315224019023/form10-q.htm,DQC.US.0099.9533,US GAAP 2024,10-Q,2024-05-17,2024-05-14 06:08:00,0001493152-24-019023,0001673504,ATLANTIS GLORY INC.,0099
364,http://www.sec.gov/Archives/edgar/data/932781/000155278124000315/e24220_fcco-10q.htm,DQC.US.0099.9533,US GAAP 2024,10-Q,2024-05-17,2024-05-13 17:00:00,0001552781-24-000315,0000932781,FIRST COMMUNITY CORPORATION,0099
365,http://www.sec.gov/Archives/edgar/data/1106213/000119983524000190/sfrx-10q.htm,DQC.US.0099.9533,US GAAP 2024,10-Q,2024-05-17,2024-05-13 16:40:00,0001199835-24-000190,0001106213,SEAFARER EXPLORATION CORP.,0099
366,http://www.sec.gov/Archives/edgar/data/838875/000119983524000188/wvvi-10q.htm,DQC.US.0099.9533,US GAAP 2024,10-Q,2024-05-17,2024-05-13 16:31:00,0001199835-24-000188,0000838875,"WILLAMETTE VALLEY VINEYARDS, INC.",0099
367,http://www.sec.gov/Archives/edgar/data/1578329/000118518524000483/apex1120240331_10q.htm,DQC.US.0099.9533,US GAAP 2023,10-Q,2024-05-13,2024-05-13 16:01:00,0001185185-24-000483,0001578329,APEX 11 INC.,0099
368,http://www.sec.gov/Archives/edgar/data/1392545/000089016324000004/lgtg-20230930.xml,DQC.US.0099.9533,US GAAP 2022,10-Q,2024-05-13,2024-05-13 15:11:00,0000890163-24-000004,0001392545,"Lightning Gaming, Inc.",0099
369,http://www.sec.gov/Archives/edgar/data/1822372/000182237224000006/ssrt10q_mar312024.htm,DQC.US.0099.9533,US GAAP 2024,10-Q,2024-05-17,2024-05-13 14:59:00,0001822372-24-000006,0001822372,STREETEX CORP.,0099
370,http://www.sec.gov/Archives/edgar/data/1389518/000149315224018788/form10-q.htm,DQC.US.0099.9533,US GAAP 2024,10-Q,2024-05-17,2024-05-13 08:00:00,0001493152-24-018788,0001389518,"Clubhouse Media Group, Inc.",0099
371,http://www.sec.gov/Archives/edgar/data/1169770/000162828024022655/pacw-20240331.htm,DQC.US.0099.9533,US GAAP 2023,10-Q,2024-05-11,2024-05-10 16:37:00,0001628280-24-022655,0001169770,"BANC OF CALIFORNIA, INC.",0099
372,http://www.sec.gov/Archives/edgar/data/80172/000143774924016001/npk20240408_10q.htm,DQC.US.0099.9533,US GAAP 2024,10-Q,2024-05-17,2024-05-10 16:04:00,0001437749-24-016001,0000080172,NATIONAL PRESTO INDUSTRIES INC,0099
373,http://www.sec.gov/Archives/edgar/data/763901/000119312524136053/d799277d10q.htm,DQC.US.0099.9533,US GAAP 2023,10-Q,2024-05-11,2024-05-10 14:35:00,0001193125-24-136053,0000763901,"POPULAR, INC.",0099
374,http://www.sec.gov/Archives/edgar/data/1010134/000117891324001679/zk2431357.htm,DQC.US.0099.9533,US GAAP 2023,20-F,2024-05-11,2024-05-10 11:03:00,0001178913-24-001679,0001010134,ICTS INTERNATIONAL N.V.,0099
375,http://www.sec.gov/Archives/edgar/data/1037646/000103764624000012/mtd-20240331.htm,DQC.US.0099.9533,US GAAP 2024,10-Q,2024-05-17,2024-05-10 11:02:00,0001037646-24-000012,0001037646,Mettler Toledo International Inc,0099
376,http://www.sec.gov/Archives/edgar/data/1037540/000165642324000028/bxp-20240331.htm,DQC.US.0099.9533,US GAAP 2023,10-Q,2024-05-11,2024-05-10 10:48:00,0001656423-24-000028,0001037540,"BXP, INC.",0099
377,http://www.sec.gov/Archives/edgar/data/1411168/000137647424000231/dug-20240331.htm,DQC.US.0099.9533,US GAAP 2024,10-Q,2024-05-17,2024-05-09 16:43:00,0001376474-24-000231,0001411168,Dutch Oven Gold Group Inc.,0099
378,http://www.sec.gov/Archives/edgar/data/1096938/000147793224002630/ueec_10q.htm,DQC.US.0099.9533,US GAAP 2023,10-Q,2024-05-11,2024-05-09 16:16:00,0001477932-24-002630,0001096938,"UNITED HEALTH PRODUCTS, INC.",0099
379,http://www.sec.gov/Archives/edgar/data/1331451/000133145124000096/fhlbc-20240331.htm,DQC.US.0099.9533,US GAAP 2023,10-Q,2024-05-11,2024-05-09 14:57:00,0001331451-24-000096,0001331451,FEDERAL HOME LOAN BANK OF CHICAGO,0099
380,http://www.sec.gov/Archives/edgar/data/351834/000106299324009680/form10q.htm,DQC.US.0099.9533,US GAAP 2023,10-Q,2024-05-09,2024-05-08 17:29:00,0001062993-24-009680,0000351834,SUNOPTA INC.,0099
381,http://www.sec.gov/Archives/edgar/data/1325814/000132581424000087/fhlbdm-20240331.htm,DQC.US.0099.9533,US GAAP 2022,10-Q,2024-05-09,2024-05-08 14:25:00,0001325814-24-000087,0001325814,Federal Home Loan Bank of Des Moines,0099
382,http://www.sec.gov/Archives/edgar/data/1500435/000150043524000080/gpro-20240331.htm,DQC.US.0099.9533,US GAAP 2023,10-Q,2024-05-10,2024-05-07 17:04:00,0001500435-24-000080,0001500435,"GOPRO, INC.",0099
383,http://www.sec.gov/Archives/edgar/data/883984/000088398424000016/icui-20240331.htm,DQC.US.0099.9533,US GAAP 2023,10-Q,2024-05-10,2024-05-07 16:29:00,0000883984-24-000016,0000883984,ICU MEDICAL INC/DE,0099
384,http://www.sec.gov/Archives/edgar/data/1587732/000158773224000033/ogs-20240331.htm,DQC.US.0099.9533,US GAAP 2023,10-Q,2024-05-08,2024-05-07 16:07:00,0001587732-24-000033,0001587732,"ONE Gas, Inc.",0099
385,http://www.sec.gov/Archives/edgar/data/1973047/000197304724000016/marky_10kamed2024.htm,DQC.US.0099.9533,US GAAP 2024,10-K/A,2024-05-17,2024-05-07 15:30:00,0001973047-24-000016,0001973047,MARKY CORP.,0099
386,http://www.sec.gov/Archives/edgar/data/1364885/000162828024020955/spr-20240328.htm,DQC.US.0099.9533,US GAAP 2024,10-Q,2024-05-17,2024-05-07 13:10:00,0001628280-24-020955,0001364885,"Spirit AeroSystems Holdings, Inc.",0099
387,http://www.sec.gov/Archives/edgar/data/1973047/000197304724000012/marky_10k2024.htm,DQC.US.0099.9533,US GAAP 2024,10-K,2024-05-17,2024-05-06 16:20:00,0001973047-24-000012,0001973047,MARKY CORP.,0099
388,http://www.sec.gov/Archives/edgar/data/874501/000087450124000128/ambc-20240331.htm,DQC.US.0099.9533,US GAAP 2023,10-Q,2024-05-08,2024-05-06 16:14:00,0000874501-24-000128,0000874501,"AMBAC FINANCIAL GROUP, INC.",0099
389,http://www.sec.gov/Archives/edgar/data/1420368/000147793224002532/dlti_10q.htm,DQC.US.0099.9533,US GAAP 2023,10-Q,2024-05-08,2024-05-06 11:47:00,0001477932-24-002532,0001420368,"DLT RESOLUTION, INC",0099
390,http://www.sec.gov/Archives/edgar/data/1818152/000159991624000112/zentrum_q124f.htm,DQC.US.0099.9533,US GAAP 2023,10-Q,2024-05-03,2024-05-03 12:06:00,0001599916-24-000112,0001818152,"Zentrum Holdings, Inc.",0099
391,http://www.sec.gov/Archives/edgar/data/728391/000072839124000037/cik0000728391-20240331.htm,DQC.US.0099.9533,US GAAP 2023,10-Q,2024-05-03,2024-05-02 17:21:00,0000728391-24-000037,0000728391,"IPALCO ENTERPRISES, INC.",0099
392,http://www.sec.gov/Archives/edgar/data/1416090/000109690624001010/form_10k.htm,DQC.US.0099.9533,US GAAP 2023,10-K,2024-05-03,2024-05-02 17:12:00,0001096906-24-001010,0001416090,Inception Mining Inc.,0099
393,http://www.sec.gov/Archives/edgar/data/1175535/000143774924014401/wstr20240331_10q.htm,DQC.US.0099.9533,US GAAP 2024,10-Q,2024-05-17,2024-05-02 16:45:00,0001437749-24-014401,0001175535,Whitestone REIT,0099
394,http://www.sec.gov/Archives/edgar/data/34903/000003490324000046/frt-20240331.htm,DQC.US.0099.9533,US GAAP 2024,10-Q,2024-05-17,2024-05-02 16:12:00,0000034903-24-000046,0000034903,Federal Realty Investment Trust,0099
395,http://www.sec.gov/Archives/edgar/data/351817/000035181724000084/sbow-20240331.htm,DQC.US.0099.9533,US GAAP 2024,10-Q,2024-05-16,2024-05-02 16:05:00,0000351817-24-000084,0000351817,"SilverBow Resources, Inc.",0099
396,http://www.sec.gov/Archives/edgar/data/65984/000006598424000049/etr-20240331.htm,DQC.US.0099.9533,US GAAP 2023,10-Q,2024-05-02,2024-05-02 15:40:00,0000065984-24-000049,0000065984,Entergy Corporation,0099
397,http://www.sec.gov/Archives/edgar/data/1285785/000161803424000006/mos-20240331.htm,DQC.US.0099.9533,US GAAP 2024,10-Q,2024-05-16,2024-05-02 12:36:00,0001618034-24-000006,0001285785,MOSAIC CO,0099
398,http://www.sec.gov/Archives/edgar/data/14930/000001493024000103/bcorp-20240330.htm,DQC.US.0099.9533,US GAAP 2024,10-Q,2024-05-16,2024-05-02 12:35:00,0000014930-24-000103,0000014930,Brunswick Corporation,0099
399,http://www.sec.gov/Archives/edgar/data/876883/000087688324000014/stgw-20240331.htm,DQC.US.0099.9533,US GAAP 2022,10-Q,2024-05-02,2024-05-02 12:25:00,0000876883-24-000014,0000876883,Stagwell Inc,0099
400,http://www.sec.gov/Archives/edgar/data/26172/000002617224000023/cmi-20240331.htm,DQC.US.0099.9533,US GAAP 2023,10-Q,2024-05-02,2024-05-02 12:13:00,0000026172-24-000023,0000026172,CUMMINS INC.,0099
401,http://www.sec.gov/Archives/edgar/data/216228/000021622824000033/itt-20240330.htm,DQC.US.0099.9533,US GAAP 2023,10-Q,2024-05-02,2024-05-02 10:43:00,0000216228-24-000033,0000216228,ITT INC.,0099
402,http://www.sec.gov/Archives/edgar/data/1045450/000104545024000036/epr-20240331.htm,DQC.US.0099.9533,US GAAP 2024,10-Q,2024-05-16,2024-05-02 09:20:00,0001045450-24-000036,0001045450,EPR PROPERTIES,0099
403,http://www.sec.gov/Archives/edgar/data/1165002/000116500224000039/whg-20240331.htm,DQC.US.0099.9533,US GAAP 2023,10-Q,2024-05-02,2024-05-01 17:23:00,0001165002-24-000039,0001165002,"WESTWOOD HOLDINGS GROUP, INC.",0099
404,http://www.sec.gov/Archives/edgar/data/1345126/000134512624000028/codi-20240331.htm,DQC.US.0099.9533,US GAAP 2023,10-Q,2024-05-02,2024-05-01 16:17:00,0001345126-24-000028,0001345126,COMPASS DIVERSIFIED HOLDINGS,0099
405,http://www.sec.gov/Archives/edgar/data/1842566/000165495424005300/airsp_s1a.htm,DQC.US.0099.9533,US GAAP 2023,S-1/A,2024-05-01,2024-04-30 16:16:00,0001654954-24-005300,0001842566,"AIRSHIP AI HOLDINGS, INC.",0099
406,http://www.sec.gov/Archives/edgar/data/4904/000000490424000046/aep-20240331.htm,DQC.US.0099.9533,US GAAP 2023,10-Q,2024-04-30,2024-04-30 07:07:00,0000004904-24-000046,0000004904,AMERICAN ELECTRIC POWER CO INC.,0099
407,http://www.sec.gov/Archives/edgar/data/38777/000003877724000069/ben-20240331.htm,DQC.US.0099.9533,US GAAP 2023,10-Q,2024-04-29,2024-04-29 08:40:00,0000038777-24-000069,0000038777,"FRANKLIN RESOURCES, INC.",0099
408,http://www.sec.gov/Archives/edgar/data/1971115/000149315224016793/form20-f.htm,DQC.US.0099.9533,US GAAP 2023,20-F,2024-04-29,2024-04-26 18:58:00,0001493152-24-016793,0001971115,Ryde Group Ltd,0099
409,http://www.sec.gov/Archives/edgar/data/1883083/000159991624000110/gplholdings_q124f.htm,DQC.US.0099.9533,US GAAP 2023,10-Q,2024-04-26,2024-04-26 10:56:00,0001599916-24-000110,0001883083,"GPL HOLDINGS, INC.",0099
410,http://www.sec.gov/Archives/edgar/data/799292/000079929224000039/mho-20240331.htm,DQC.US.0099.9533,US GAAP 2024,10-Q,2024-05-16,2024-04-26 10:30:00,0000799292-24-000039,0000799292,"M/I HOMES, INC.",0099
411,http://www.sec.gov/Archives/edgar/data/1133421/000113342124000026/noc-20240331.htm,DQC.US.0099.9533,US GAAP 2023,10-Q,2024-04-25,2024-04-25 16:02:00,0001133421-24-000026,0001133421,NORTHROP GRUMMAN CORP /DE/,0099
412,http://www.sec.gov/Archives/edgar/data/1043509/000104350924000043/sah-20240331.htm,DQC.US.0099.9533,US GAAP 2023,10-Q,2024-04-25,2024-04-25 16:00:00,0001043509-24-000043,0001043509,"SONIC AUTOMOTIVE, INC.",0099
413,http://www.sec.gov/Archives/edgar/data/831378/000147793224002301/lvpa_10ka.htm,DQC.US.0099.9533,US GAAP 2023,10-K,2024-04-24,2024-04-24 14:05:00,0001477932-24-002301,0000831378,LVPAI GROUP LIMITED,0099
414,http://www.sec.gov/Archives/edgar/data/51644/000005164424000021/ipg-20240331.htm,DQC.US.0099.9533,US GAAP 2024,10-Q,2024-05-16,2024-04-24 09:17:00,0000051644-24-000021,0000051644,"INTERPUBLIC GROUP OF COMPANIES, INC.",0099
415,http://www.sec.gov/Archives/edgar/data/101829/000010182924000012/rtx-20240331.htm,DQC.US.0099.9533,US GAAP 2023,10-Q,2024-04-23,2024-04-23 16:14:00,0000101829-24-000012,0000101829,RTX CORPORATION,0099
416,http://www.sec.gov/Archives/edgar/data/921082/000092108224000020/hiw-20240331.htm,DQC.US.0099.9533,US GAAP 2023,10-Q,2024-04-23,2024-04-23 16:04:00,0000921082-24-000020,0000921082,"HIGHWOODS PROPERTIES, INC.",0099
417,http://www.sec.gov/Archives/edgar/data/1442492/000119983524000169/lrdc-10q.htm,DQC.US.0099.9533,US GAAP 2023,10-Q,2024-04-20,2024-04-19 17:11:00,0001199835-24-000169,0001442492,"Laredo Oil, Inc.",0099
418,http://www.sec.gov/Archives/edgar/data/1072725/000107272524000011/gdrzfform40f041924.htm,DQC.US.0099.9533,US GAAP 2023,40-F,2024-04-19,2024-04-19 14:25:00,0001072725-24-000011,0001072725,GOLD RESERVE LTD.,0099
419,http://www.sec.gov/Archives/edgar/data/1758699/000175869924000017/trso10q_29feb2024.htm,DQC.US.0099.9533,US GAAP 2024,10-Q,2024-05-16,2024-04-19 12:16:00,0001758699-24-000017,0001758699,TRANSUITE.ORG INC.,0099
420,http://www.sec.gov/Archives/edgar/data/1807887/000165495424004797/laser_10k.htm,DQC.US.0099.9533,US GAAP 2023,10-K,2024-04-19,2024-04-19 11:19:00,0001654954-24-004797,0001807887,Laser     Photonics Corporation,0099
421,http://www.sec.gov/Archives/edgar/data/1993727/000117891324001392/zk2431282.htm,DQC.US.0099.9533,US GAAP 2023,20-F,2024-04-19,2024-04-19 09:49:00,0001178913-24-001392,0001993727,SENSTAR TECHNOLOGIES CORPORATION,0099
422,http://www.sec.gov/Archives/edgar/data/1906133/000147793224002244/icct_10k.htm,DQC.US.0099.9533,US GAAP 2023,10-K,2024-04-19,2024-04-18 18:23:00,0001477932-24-002244,0001906133,iCoreConnect Inc.,0099
423,http://www.sec.gov/Archives/edgar/data/1803977/000149315224015181/form10-k.htm,DQC.US.0099.9533,US GAAP 2023,10-K,2024-04-18,2024-04-18 15:47:00,0001493152-24-015181,0001803977,LIMITLESS X HOLDINGS INC.,0099
424,http://www.sec.gov/Archives/edgar/data/1914805/000149315224015142/form20-f.htm,DQC.US.0099.9533,US GAAP 2023,20-F,2024-04-18,2024-04-18 11:52:00,0001493152-24-015142,0001914805,CBL INTERNATIONAL LIMITED,0099
425,http://www.sec.gov/Archives/edgar/data/1106213/000119983524000159/sfrx-10k.htm,DQC.US.0099.9533,US GAAP 2023,10-K/A,2024-04-17,2024-04-17 16:17:00,0001199835-24-000159,0001106213,SEAFARER EXPLORATION CORP.,0099
426,http://www.sec.gov/Archives/edgar/data/1514946/000109690624000864/axim_10k.htm,DQC.US.0099.9533,US GAAP 2023,10-K,2024-04-16,2024-04-16 17:25:00,0001096906-24-000864,0001514946,"AXIM BIOTECHNOLOGIES, INC.",0099
427,http://www.sec.gov/Archives/edgar/data/1519472/000164033424000675/solarmax_10k.htm,DQC.US.0099.9533,US GAAP 2023,10-K,2024-04-16,2024-04-16 17:03:00,0001640334-24-000675,0001519472,"SolarMax Technology, Inc.",0099
428,http://www.sec.gov/Archives/edgar/data/1434737/000109690624000859/srsg-20231231.htm,DQC.US.0099.9533,US GAAP 2023,10-K,2024-04-16,2024-04-16 16:14:00,0001096906-24-000859,0001434737,"SPIRITS TIME INTERNATIONAL, INC.",0099
429,http://www.sec.gov/Archives/edgar/data/1450335/000165495424004674/cigf_10qa.htm,DQC.US.0099.9533,US GAAP 2023,10-Q/A,2024-04-16,2024-04-16 14:06:00,0001654954-24-004674,0001450335,"COMMONWEALTH INCOME & GROWTH FUND VII, LP",0099
430,http://www.sec.gov/Archives/edgar/data/1276531/000137647424000170/scgy-20231231.htm,DQC.US.0099.9533,US GAAP 2023,10-K,2024-04-16,2024-04-16 13:05:00,0001376474-24-000170,0001276531,"SCIENTIFIC ENERGY, INC.",0099
431,http://www.sec.gov/Archives/edgar/data/1737523/000147793224002151/bion_10k.htm,DQC.US.0099.9533,US GAAP 2023,10-K,2024-04-16,2024-04-16 13:00:00,0001477932-24-002151,0001737523,BioNexus Gene Lab Corp.,0099
432,http://www.sec.gov/Archives/edgar/data/1765048/000176504824000010/gcgj10k_31december2023.htm,DQC.US.0099.9533,US GAAP 2023,10-K,2024-04-16,2024-04-16 12:19:00,0001765048-24-000010,0001765048,GUOCHUN                                             INTERNATIONAL INC.,0099
433,http://www.sec.gov/Archives/edgar/data/1868640/000095017024044548/rdzn-20240415.htm,DQC.US.0099.9533,US GAAP 2023,S-1,2024-04-16,2024-04-15 19:01:00,0000950170-24-044548,0001868640,ROADZEN INC.,0099
434,http://www.sec.gov/Archives/edgar/data/1961/000126493124000014/wdddk2023.htm,DQC.US.0099.9533,US GAAP 2023,10-K,2024-04-16,2024-04-15 16:49:00,0001264931-24-000014,0000001961,WORLDS INC.,0099
435,http://www.sec.gov/Archives/edgar/data/1781629/000178162924000011/ankm10q_29feb2024.htm,DQC.US.0099.9533,US GAAP 2024,10-Q,2024-05-16,2024-04-15 16:08:00,0001781629-24-000011,0001781629,"ANKAM, INC.",0099
436,http://www.sec.gov/Archives/edgar/data/1346022/000106299324008368/form10q.htm,DQC.US.0099.9533,US GAAP 2023,10-Q,2024-04-15,2024-04-12 19:42:00,0001062993-24-008368,0001346022,ENERTOPIA CORP.,0099
437,http://www.sec.gov/Archives/edgar/data/1495584/000143774924011886/sccv20240410_10ka.htm,DQC.US.0099.9533,US GAAP 2023,10-K/A,2024-04-15,2024-04-12 15:02:00,0001437749-24-011886,0001495584,"Firsthand Technology Value Fund, Inc.",0099
438,http://www.sec.gov/Archives/edgar/data/1995920/000199592024000012/esmart10q_feb2024.htm,DQC.US.0099.9533,US GAAP 2024,10-Q,2024-05-16,2024-04-12 15:01:00,0001995920-24-000012,0001995920,E-SMART CORP.,0099
439,http://www.sec.gov/Archives/edgar/data/1811530/000159991624000103/nxmh10q122a1o.htm,DQC.US.0099.9533,US GAAP 2022,10-Q/A,2024-04-15,2024-04-12 14:24:00,0001599916-24-000103,0001811530,"Next Meats Holdings, Inc.",0099
440,http://www.sec.gov/Archives/edgar/data/1668523/000164033424000614/gsgg_10q.htm,DQC.US.0099.9533,US GAAP 2023,10-Q,2024-04-15,2024-04-12 13:05:00,0001640334-24-000614,0001668523,GSG GROUP INC.,0099
441,http://www.sec.gov/Archives/edgar/data/1352952/000109690624000789/cnfn-20231231.htm,DQC.US.0099.9533,US GAAP 2023,10-K,2024-04-12,2024-04-11 16:23:00,0001096906-24-000789,0001352952,CFN ENTERPRISES INC.,0099
442,http://www.sec.gov/Archives/edgar/data/7623/000143774924011724/artw20240318_10q.htm,DQC.US.0099.9533,US GAAP 2023,10-Q,2024-04-12,2024-04-11 11:21:00,0001437749-24-011724,0000007623,ARTS WAY MANUFACTURING CO INC,0099
443,http://www.sec.gov/Archives/edgar/data/1842566/000165495424004459/airsp_s1a.htm,DQC.US.0099.9533,US GAAP 2023,S-1/A,2024-04-13,2024-04-10 16:39:00,0001654954-24-004459,0001842566,"AIRSHIP AI HOLDINGS, INC.",0099
444,http://www.sec.gov/Archives/edgar/data/1683252/000147793224001952/tkcm_10q.htm,DQC.US.0099.9533,US GAAP 2023,10-Q,2024-04-11,2024-04-10 15:25:00,0001477932-24-001952,0001683252,Token Communities Ltd.,0099
445,http://www.sec.gov/Archives/edgar/data/1350102/000107997324000517/asti_s1a.htm,DQC.US.0099.9533,US GAAP 2023,S-1/A,2024-04-13,2024-04-09 08:01:00,0001079973-24-000517,0001350102,"Ascent Solar Technologies, Inc.",0099
446,http://www.sec.gov/Archives/edgar/data/1420368/000147793224001929/dlti_10q.htm,DQC.US.0099.9533,US GAAP 2023,10-Q,2024-04-10,2024-04-09 08:00:00,0001477932-24-001929,0001420368,"DLT RESOLUTION, INC",0099
447,http://www.sec.gov/Archives/edgar/data/1324759/000149315224013972/form10-k.htm,DQC.US.0099.9533,US GAAP 2023,10-K,2024-04-13,2024-04-08 18:22:00,0001493152-24-013972,0001324759,HONG YUAN HOLDING GROUP,0099
448,http://www.sec.gov/Archives/edgar/data/1495584/000143774924011432/sccv20240405_10ka.htm,DQC.US.0099.9533,US GAAP 2023,10-K/A,2024-04-09,2024-04-08 17:31:00,0001437749-24-011432,0001495584,"Firsthand Technology Value Fund, Inc.",0099
449,http://www.sec.gov/Archives/edgar/data/1338940/000117891324001251/zk2431117.htm,DQC.US.0099.9533,US GAAP 2023,20-F,2024-04-13,2024-04-08 16:06:00,0001178913-24-001251,0001338940,Perion Network Ltd.,0099
450,http://www.sec.gov/Archives/edgar/data/1399306/000139930624000005/brbl-10k.htm,DQC.US.0099.9533,US GAAP 2023,10-K,2024-04-08,2024-04-05 17:03:00,0001399306-24-000005,0001399306,BREWBILT BREWING COMPANY,0099
451,http://www.sec.gov/Archives/edgar/data/1350102/000107997324000513/asti_s1a1.htm,DQC.US.0099.9533,US GAAP 2023,S-1/A,2024-04-13,2024-04-05 08:01:00,0001079973-24-000513,0001350102,"Ascent Solar Technologies, Inc.",0099
452,http://www.sec.gov/Archives/edgar/data/23217/000143774924011081/cag20240125_10q.htm,DQC.US.0099.9533,US GAAP 2023,10-Q,2024-04-05,2024-04-04 16:30:00,0001437749-24-011081,0000023217,"CONAGRA BRANDS, INC.",0099
453,http://www.sec.gov/Archives/edgar/data/1627469/000159991624000099/photozou_10q124o.htm,DQC.US.0099.9533,US GAAP 2023,10-Q,2024-04-05,2024-04-04 14:29:00,0001599916-24-000099,0001627469,"Photozou     Holdings, Inc.",0099
454,http://www.sec.gov/Archives/edgar/data/1622057/000147793224001853/nbio_s1.htm,DQC.US.0099.9533,US GAAP 2023,S-1/A,2024-04-13,2024-04-03 17:10:00,0001477932-24-001853,0001622057,NASCENT BIOTECH INC,0099
455,http://www.sec.gov/Archives/edgar/data/1811530/000159991624000097/nxmh_2021krestatedo.htm,DQC.US.0099.9533,US GAAP 2022,10-K/A,2024-04-05,2024-04-03 16:00:00,0001599916-24-000097,0001811530,"Next Meats Holdings, Inc.",0099
456,http://www.sec.gov/Archives/edgar/data/1842566/000165495424004059/airsp_10k.htm,DQC.US.0099.9533,US GAAP 2023,10-K,2024-04-02,2024-04-01 17:06:00,0001654954-24-004059,0001842566,"AIRSHIP AI HOLDINGS, INC.",0099
457,http://www.sec.gov/Archives/edgar/data/1084133/000126493124000007/realk2023.htm,DQC.US.0099.9533,US GAAP 2023,10-K,2024-04-02,2024-04-01 16:48:00,0001264931-24-000007,0001084133,REAL BRANDS INC.,0099
458,http://www.sec.gov/Archives/edgar/data/1766526/000118518524000337/tectonic20231231_10k.htm,DQC.US.0099.9533,US GAAP 2023,10-K,2024-04-12,2024-04-01 14:47:00,0001185185-24-000337,0001766526,"Tectonic Financial, Inc.",0099
459,http://www.sec.gov/Archives/edgar/data/1543652/000109690624000682/fflo-20231231.htm,DQC.US.0099.9533,US GAAP 2023,10-K,2024-04-01,2024-04-01 12:56:00,0001096906-24-000682,0001543652,Free Flow USA Inc.,0099
460,http://www.sec.gov/Archives/edgar/data/66496/000119312524082941/d771438d10k.htm,DQC.US.0099.9533,US GAAP 2023,10-K,2024-04-01,2024-04-01 11:40:00,0001193125-24-082941,0000066496,MILLS MUSIC TRUST,0099
461,http://www.sec.gov/Archives/edgar/data/1092570/000137647424000151/fulo-20231231.htm,DQC.US.0099.9533,US GAAP 2023,10-K,2024-04-11,2024-04-01 11:25:00,0001376474-24-000151,0001092570,FULLNET COMMUNICATIONS INC,0099
462,http://www.sec.gov/Archives/edgar/data/1527702/000166357724000092/iqst10k_123123.htm,DQC.US.0099.9533,US GAAP 2023,10-K,2024-04-02,2024-04-01 10:42:00,0001663577-24-000092,0001527702,iQSTEL Inc.,0099
463,http://www.sec.gov/Archives/edgar/data/1339688/000106299324007468/form10k.htm,DQC.US.0099.9533,US GAAP 2023,10-K,2024-04-11,2024-03-29 21:55:00,0001062993-24-007468,0001339688,Lion Copper and Gold Corp.,0099
464,http://www.sec.gov/Archives/edgar/data/1849548/000200858924000010/f10k2023_onyxacq1.htm,DQC.US.0099.9533,US GAAP 2023,10-K,2024-04-01,2024-03-29 17:24:00,0002008589-24-000010,0001849548,ONYX ACQUISITION CO. I,0099
465,http://www.sec.gov/Archives/edgar/data/1981535/000149315224012028/form10-k.htm,DQC.US.0099.9533,US GAAP 2023,10-K,2024-04-13,2024-03-29 17:14:00,0001493152-24-012028,0001981535,"SHARPLINK GAMING, INC.",0099
466,http://www.sec.gov/Archives/edgar/data/1622057/000147793224001608/nbio_s1.htm,DQC.US.0099.9533,US GAAP 2023,S-1/A,2024-04-12,2024-03-29 14:53:00,0001477932-24-001608,0001622057,NASCENT BIOTECH INC,0099
467,http://www.sec.gov/Archives/edgar/data/744187/000093041324001186/c108550_10k-ixbrl.htm,DQC.US.0099.9533,US GAAP 2023,10-K,2024-04-12,2024-03-29 14:20:00,0000930413-24-001186,0000744187,REX AMERICAN RESOURCES CORPORATION,0099
468,http://www.sec.gov/Archives/edgar/data/1446371/000144637124000006/srtr-20231231.htm,DQC.US.0099.9533,US GAAP 2023,10-K,2024-04-11,2024-03-29 14:15:00,0001446371-24-000006,0001446371,"STRATEGIC REALTY TRUST, INC.",0099
469,http://www.sec.gov/Archives/edgar/data/1495584/000143774924009861/sccv20231231_10k.htm,DQC.US.0099.9533,US GAAP 2023,10-K,2024-03-29,2024-03-28 16:50:00,0001437749-24-009861,0001495584,"Firsthand Technology Value Fund, Inc.",0099
470,http://www.sec.gov/Archives/edgar/data/1790169/000106299324007367/form10k.htm,DQC.US.0099.9533,US GAAP 2023,10-K,2024-04-12,2024-03-28 16:44:00,0001062993-24-007367,0001790169,Flora Growth Corp.,0099
471,http://www.sec.gov/Archives/edgar/data/1787412/000159991624000095/wbba10q224o.htm,DQC.US.0099.9533,US GAAP 2023,10-Q,2024-03-28,2024-03-28 14:13:00,0001599916-24-000095,0001787412,"WB Burgers Asia, Inc.",0099
472,http://www.sec.gov/Archives/edgar/data/34956/000165495424003827/tenx_10k.htm,DQC.US.0099.9533,US GAAP 2023,10-K,2024-04-11,2024-03-28 14:02:00,0001654954-24-003827,0000034956,"Tenax Therapeutics, Inc.",0099
473,http://www.sec.gov/Archives/edgar/data/806517/000117184324001671/pmd20231231_10k.htm,DQC.US.0099.9533,US GAAP 2023,10-K,2024-04-12,2024-03-28 08:30:00,0001171843-24-001671,0000806517,PSYCHEMEDICS CORPORATION,0099
474,http://www.sec.gov/Archives/edgar/data/1056358/000105635824000026/mtex-20231231.htm,DQC.US.0099.9533,US GAAP 2023,10-K,2024-04-11,2024-03-28 06:15:00,0001056358-24-000026,0001056358,"MANNATECH, INCORPORATED",0099
475,http://www.sec.gov/Archives/edgar/data/1318268/000175392624000620/g084100_10q.htm,DQC.US.0099.9533,US GAAP 2023,10-Q,2024-03-28,2024-03-27 20:20:00,0001753926-24-000620,0001318268,Madison Technologies Inc.,0099
476,http://www.sec.gov/Archives/edgar/data/1494582/000143774924009605/bomn20231231_10k.htm,DQC.US.0099.9533,US GAAP 2023,10-K,2024-04-11,2024-03-27 16:20:00,0001437749-24-009605,0001494582,BOSTON OMAHA CORPORATION,0099
477,http://www.sec.gov/Archives/edgar/data/1497649/000190359624000151/gstx_10q.htm,DQC.US.0099.9533,US GAAP 2024,10-Q,2024-05-16,2024-03-27 16:10:00,0001903596-24-000151,0001497649,GRAPHENE & SOLAR TECHNOLOGIES LTD,0099
478,http://www.sec.gov/Archives/edgar/data/1342936/000137647424000140/avoi-20231231.htm,DQC.US.0099.9533,US GAAP 2023,10-K,2024-03-27,2024-03-27 10:52:00,0001376474-24-000140,0001342936,"Rivulet Entertainment, Inc.",0099
479,http://www.sec.gov/Archives/edgar/data/1106213/000119983524000134/sfrx-10k.htm,DQC.US.0099.9533,US GAAP 2023,10-K,2024-03-27,2024-03-26 16:53:00,0001199835-24-000134,0001106213,SEAFARER EXPLORATION CORP.,0099
480,http://www.sec.gov/Archives/edgar/data/838875/000119983524000132/wvvi-10k.htm,DQC.US.0099.9533,US GAAP 2023,10-K,2024-04-11,2024-03-26 16:23:00,0001199835-24-000132,0000838875,"WILLAMETTE VALLEY VINEYARDS, INC.",0099
481,http://www.sec.gov/Archives/edgar/data/944075/000094407524000015/k10-2023.htm,DQC.US.0099.9533,US GAAP 2023,10-K,2024-03-26,2024-03-25 16:56:00,0000944075-24-000015,0000944075,"SOCKET
MOBILE, INC.",0099
482,http://www.sec.gov/Archives/edgar/data/1440153/000109690624000562/bkhu-20240131.htm,DQC.US.0099.9533,US GAAP 2023,10-Q,2024-03-26,2024-03-25 16:50:00,0001096906-24-000562,0001440153,"Bakhu Holdings, Corp.",0099
483,http://www.sec.gov/Archives/edgar/data/1715611/000164033424000482/bmmj_10q.htm,DQC.US.0099.9533,US GAAP 2023,10-Q,2024-03-26,2024-03-25 16:15:00,0001640334-24-000482,0001715611,BODY AND MIND INC.,0099
484,http://www.sec.gov/Archives/edgar/data/1703625/000119983524000125/blis-10q.htm,DQC.US.0099.9533,US GAAP 2023,10-Q,2024-03-26,2024-03-25 15:30:00,0001199835-24-000125,0001703625,"NAPC Defense, Inc.",0099
485,http://www.sec.gov/Archives/edgar/data/1811530/000159991624000091/nxmh10q324o.htm,DQC.US.0099.9533,US GAAP 2023,10-Q,2024-03-25,2024-03-25 12:46:00,0001599916-24-000091,0001811530,"Next Meats Holdings, Inc.",0099
486,http://www.sec.gov/Archives/edgar/data/1837493/000121390024025316/ea0202167-20f_inspira.htm,DQC.US.0099.9533,US GAAP 2023,20-F,2024-03-25,2024-03-25 09:25:00,0001213900-24-025316,0001837493,Inspira Technologies Oxy B.H.N. Ltd.,0099
487,http://www.sec.gov/Archives/edgar/data/1309082/000147793224001445/cei_10k.htm,DQC.US.0099.9533,US GAAP 2023,10-K,2024-03-25,2024-03-25 08:55:00,0001477932-24-001445,0001309082,"Camber Energy, Inc.",0099
488,http://www.sec.gov/Archives/edgar/data/1618696/000139834424006304/fp0087570-3_10kixbrl.htm,DQC.US.0099.9533,US GAAP 2023,10-K,2024-03-25,2024-03-22 17:27:00,0001398344-24-006304,0001618696,GUGGENHEIM CREDIT INCOME FUND 2019,0099
489,http://www.sec.gov/Archives/edgar/data/1818152/000159991624000089/zentrum_10k23o.htm,DQC.US.0099.9533,US GAAP 2023,10-K,2024-03-26,2024-03-22 15:50:00,0001599916-24-000089,0001818152,"Zentrum Holdings, Inc.",0099
490,http://www.sec.gov/Archives/edgar/data/1319643/000119983524000120/lsmg-10k.htm,DQC.US.0099.9533,US GAAP 2023,10-K,2024-03-26,2024-03-22 15:06:00,0001199835-24-000120,0001319643,LODE-STAR MINING INC.,0099
491,http://www.sec.gov/Archives/edgar/data/1308106/000162828024012688/sp-20231231.htm,DQC.US.0099.9533,US GAAP 2023,20-F,2024-03-26,2024-03-22 13:49:00,0001628280-24-012688,0001308106,SEAPEAK LLC,0099
492,http://www.sec.gov/Archives/edgar/data/1389518/000149315224010910/form10-k.htm,DQC.US.0099.9533,US GAAP 2023,10-K,2024-03-22,2024-03-22 08:30:00,0001493152-24-010910,0001389518,"Clubhouse Media Group, Inc.",0099
493,http://www.sec.gov/Archives/edgar/data/1673475/000164033424000453/gpox_10q.htm,DQC.US.0099.9533,US GAAP 2023,10-Q,2024-03-22,2024-03-22 06:01:00,0001640334-24-000453,0001673475,"GPO PLUS, INC.",0099
494,http://www.sec.gov/Archives/edgar/data/932781/000155278124000169/e24098_fcco-10k.htm,DQC.US.0099.9533,US GAAP 2023,10-K,2024-03-25,2024-03-21 16:44:00,0001552781-24-000169,0000932781,FIRST COMMUNITY CORPORATION,0099
495,http://www.sec.gov/Archives/edgar/data/312257/000118518524000295/innovfood20231231_10k.htm,DQC.US.0099.9533,US GAAP 2023,10-K,2024-03-25,2024-03-21 12:59:00,0001185185-24-000295,0000312257,"Innovative Food Holdings, Inc.",0099
496,http://www.sec.gov/Archives/edgar/data/1109138/000117891324001028/zk2431123.htm,DQC.US.0099.9533,US GAAP 2023,20-F,2024-03-25,2024-03-21 09:25:00,0001178913-24-001028,0001109138,CAMTEK LTD,0099
497,http://www.sec.gov/Archives/edgar/data/1098880/000106299324006905/form10k.htm,DQC.US.0099.9533,US GAAP 2023,10-K,2024-03-25,2024-03-21 08:00:00,0001062993-24-006905,0001098880,IntelGenx Technologies Corp.,0099
498,http://www.sec.gov/Archives/edgar/data/1089907/000155278124000162/e24067_swkh-10k.htm,DQC.US.0099.9533,US GAAP 2023,10-K,2024-03-25,2024-03-20 17:20:00,0001552781-24-000162,0001089907,SWK HOLDINGS CORPORATION,0099
499,http://www.sec.gov/Archives/edgar/data/1578329/000118518524000275/apex1120231231_10k.htm,DQC.US.0099.9533,US GAAP 2023,10-K,2024-03-19,2024-03-19 15:22:00,0001185185-24-000275,0001578329,APEX 11 INC.,0099
500,http://www.sec.gov/Archives/edgar/data/39911/000003991124000066/gps-20240203.htm,DQC.US.0099.9533,US GAAP 2023,10-K,2024-03-25,2024-03-19 14:39:00,0000039911-24-000066,0000039911,"GAP, INC",0099
501,http://www.sec.gov/Archives/edgar/data/1377630/000137763024000042/ncmi-20231228.htm,DQC.US.0099.9533,US GAAP 2023,10-K,2024-03-18,2024-03-18 16:23:00,0001377630-24-000042,0001377630,"NATIONAL CINEMEDIA, INC.",0099
502,http://www.sec.gov/Archives/edgar/data/1847584/000117891324000974/zk2431111.htm,DQC.US.0099.9533,US GAAP 2023,20-F,2024-03-18,2024-03-18 16:04:00,0001178913-24-000974,0001847584,WalkMe Ltd.,0099
503,http://www.sec.gov/Archives/edgar/data/1880249/000159991624000084/psgi10q224o.htm,DQC.US.0099.9533,US GAAP 2023,10-Q,2024-03-18,2024-03-18 14:14:00,0001599916-24-000084,0001880249,"WeCapital Holdings, Inc.",0099
504,http://www.sec.gov/Archives/edgar/data/1980295/000198029524000006/ima10q_jan312024.htm,DQC.US.0099.9533,US GAAP 2023,10-Q,2024-03-18,2024-03-18 13:30:00,0001980295-24-000006,0001980295,IMA TECH,0099
505,http://www.sec.gov/Archives/edgar/data/1883083/000159991624000080/gpl_10kout.htm,DQC.US.0099.9533,US GAAP 2023,10-K,2024-03-18,2024-03-18 12:33:00,0001599916-24-000080,0001883083,"GPL HOLDINGS, INC.",0099
506,http://www.sec.gov/Archives/edgar/data/1853044/000182912624001640/aeriestech_s1a4.htm,DQC.US.0099.9533,US GAAP 2023,S-1/A,2024-03-18,2024-03-15 19:56:00,0001829126-24-001640,0001853044,"Aeries Technology, Inc.",0099
507,http://www.sec.gov/Archives/edgar/data/80172/000143774924008099/npk20231231_10k.htm,DQC.US.0099.9533,US GAAP 2023,10-K,2024-03-15,2024-03-15 16:13:00,0001437749-24-008099,0000080172,NATIONAL PRESTO INDUSTRIES INC,0099
508,http://www.sec.gov/Archives/edgar/data/1489874/000182646624000033/form10-k.htm,DQC.US.0099.9533,US GAAP 2023,10-K,2024-03-15,2024-03-15 15:10:00,0001826466-24-000033,0001489874,Golden Growers Cooperative,0099
509,http://www.sec.gov/Archives/edgar/data/1696088/000118518524000247/er1220231231_10k.htm,DQC.US.0099.9533,US GAAP 2023,10-K,2024-03-15,2024-03-15 12:58:00,0001185185-24-000247,0001696088,"Energy Resources 12, L.P.",0099
510,http://www.sec.gov/Archives/edgar/data/1061164/000147793224001239/pgid_10q.htm,DQC.US.0099.9533,US GAAP 2023,10-Q,2024-03-15,2024-03-15 11:21:00,0001477932-24-001239,0001061164,"PEREGRINE INDUSTRIES, INC.",0099
511,http://www.sec.gov/Archives/edgar/data/1009829/000118518524000243/jakkspacif20231231_10k.htm,DQC.US.0099.9533,US GAAP 2023,10-K,2024-03-15,2024-03-15 11:09:00,0001185185-24-000243,0001009829,"JAKKS PACIFIC, INC.",0099
512,http://www.sec.gov/Archives/edgar/data/1498372/000139390524000074/iwal-20231231.htm,DQC.US.0099.9533,US GAAP 2023,10-K,2024-03-15,2024-03-15 10:57:00,0001393905-24-000074,0001498372,iWALLET CORP,0099
513,http://www.sec.gov/Archives/edgar/data/1922331/000182912624001607/globalstaracq_10k.htm,DQC.US.0099.9533,US GAAP 2023,10-K,2024-03-15,2024-03-15 08:40:00,0001829126-24-001607,0001922331,GLOBAL STAR ACQUISITION INC.,0099
514,http://www.sec.gov/Archives/edgar/data/1622057/000147793224001231/nbio_s1.htm,DQC.US.0099.9533,US GAAP 2023,S-1,2024-03-15,2024-03-14 21:14:00,0001477932-24-001231,0001622057,NASCENT BIOTECH INC,0099
515,http://www.sec.gov/Archives/edgar/data/1813603/000182912624001597/hestiainsight_10k.htm,DQC.US.0099.9533,US GAAP 2023,10-K,2024-03-15,2024-03-14 16:30:00,0001829126-24-001597,0001813603,HESTIA INSIGHT INC.,0099
516,http://www.sec.gov/Archives/edgar/data/55234/000147793224001211/kenilworth_10k.htm,DQC.US.0099.9533,US GAAP 2023,10-K,2024-03-14,2024-03-14 14:31:00,0001477932-24-001211,0000055234,KENILWORTH SYSTEMS CORPORATION,0099
517,http://www.sec.gov/Archives/edgar/data/1787412/000159991624000075/wbba10q124o.htm,DQC.US.0099.9533,US GAAP 2023,10-Q,2024-03-14,2024-03-14 11:45:00,0001599916-24-000075,0001787412,"WB Burgers Asia, Inc.",0099
518,http://www.sec.gov/Archives/edgar/data/1758699/000175869924000012/trso_10k30nov2023.htm,DQC.US.0099.9533,US GAAP 2023,10-K,2024-03-14,2024-03-14 11:43:00,0001758699-24-000012,0001758699,TRANSUITE.ORG INC.,0099
519,http://www.sec.gov/Archives/edgar/data/1931055/000166357724000081/mdnc10q_113023.htm,DQC.US.0099.9533,US GAAP 2023,10-Q,2024-03-14,2024-03-14 11:17:00,0001663577-24-000081,0001931055,Medinotec Inc.,0099
520,http://www.sec.gov/Archives/edgar/data/1598110/000117891324000937/zk2431095.htm,DQC.US.0099.9533,US GAAP 2023,20-F,2024-03-13,2024-03-13 17:28:00,0001178913-24-000937,0001598110,CyberArk Software Ltd.,0099
521,http://www.sec.gov/Archives/edgar/data/1175535/000143774924007627/wstr20231231c_10k.htm,DQC.US.0099.9533,US GAAP 2023,10-K,2024-03-13,2024-03-13 16:15:00,0001437749-24-007627,0001175535,Whitestone REIT,0099
522,http://www.sec.gov/Archives/edgar/data/1680689/000164033424000391/boxxy_10q.htm,DQC.US.0099.9533,US GAAP 2023,10-Q,2024-03-13,2024-03-13 10:58:00,0001640334-24-000391,0001680689,"Natural Resource Holdings, Inc.",0099
523,http://www.sec.gov/Archives/edgar/data/1721056/000147793224001163/hsct_10q.htm,DQC.US.0099.9533,US GAAP 2023,10-Q,2024-03-13,2024-03-13 09:01:00,0001477932-24-001163,0001721056,HOOPS SCOUTING USA,0099
524,http://www.sec.gov/Archives/edgar/data/1634117/000163411724000011/bned-20240127.htm,DQC.US.0099.9533,US GAAP 2023,10-Q,2024-03-12,2024-03-12 17:23:00,0001634117-24-000011,0001634117,"BARNES & NOBLE EDUCATION, INC.",0099
525,http://www.sec.gov/Archives/edgar/data/1560672/000156067224000017/earn-20231231.htm,DQC.US.0099.9533,US GAAP 2023,10-K,2024-03-12,2024-03-12 16:06:00,0001560672-24-000017,0001560672,Ellington Credit Company,0099
526,http://www.sec.gov/Archives/edgar/data/1502152/000116169724000130/form_10-q.htm,DQC.US.0099.9533,US GAAP 2023,10-Q,2024-03-12,2024-03-11 18:47:00,0001161697-24-000130,0001502152,GlobeStar Therapeutics Corp,0099
527,http://www.sec.gov/Archives/edgar/data/1156174/000115617424000008/lacp-20231231.htm,DQC.US.0099.9533,US GAAP 2023,10-K/A,2024-03-12,2024-03-11 17:42:00,0001156174-24-000008,0001156174,"LAKE AREA CORN PROCESSORS, LLC",0099
528,http://www.sec.gov/Archives/edgar/data/1842138/000190359624000114/f10q_warpspeed.htm,DQC.US.0099.9533,US GAAP 2023,10-Q,2024-03-11,2024-03-11 16:37:00,0001903596-24-000114,0001842138,WarpSpeed Taxi Inc.,0099
529,http://www.sec.gov/Archives/edgar/data/876883/000087688324000007/stgw-20231231.htm,DQC.US.0099.9533,US GAAP 2022,10-K,2024-03-11,2024-03-11 16:31:00,0000876883-24-000007,0000876883,Stagwell Inc,0099
530,http://www.sec.gov/Archives/edgar/data/915358/000091535824000004/sgma-20240131x10q.htm,DQC.US.0099.9533,US GAAP 2023,10-Q,2024-03-11,2024-03-11 11:52:00,0000915358-24-000004,0000915358,"SIGMATRON INTERNATIONAL, INC.",0099
531,http://www.sec.gov/Archives/edgar/data/1949864/000194986424000003/magna10q31jan2024.htm,DQC.US.0099.9533,US GAAP 2023,10-Q,2024-03-08,2024-03-08 13:56:00,0001949864-24-000003,0001949864,MAG MAGNA CORP,0099
532,http://www.sec.gov/Archives/edgar/data/1885849/000188584924000006/tflm_10q31jan24.htm,DQC.US.0099.9533,US GAAP 2023,10-Q,2024-03-08,2024-03-08 13:40:00,0001885849-24-000006,0001885849,TOFLA MEGALINE INC.,0099
533,http://www.sec.gov/Archives/edgar/data/1620749/000164033424000365/pnht_10q.htm,DQC.US.0099.9533,US GAAP 2023,10-Q,2024-03-08,2024-03-08 12:05:00,0001640334-24-000365,0001620749,PANAMERA HOLDINGS CORPORATION,0099
534,http://www.sec.gov/Archives/edgar/data/1668340/000155278124000084/e24045_bctf-10k.htm,DQC.US.0099.9533,US GAAP 2023,10-K,2024-03-08,2024-03-08 11:09:00,0001552781-24-000084,0001668340,"BANCORP 34, INC.",0099
535,http://www.sec.gov/Archives/edgar/data/1627469/000159991624000073/photozou_10k23out3824.htm,DQC.US.0099.9533,US GAAP 2023,10-K,2024-03-08,2024-03-08 10:38:00,0001599916-24-000073,0001627469,"Photozou     Holdings, Inc.",0099
536,http://www.sec.gov/Archives/edgar/data/1156174/000115617424000004/lacp-20231231.htm,DQC.US.0099.9533,US GAAP 2023,10-K,2024-03-08,2024-03-07 17:22:00,0001156174-24-000004,0001156174,"LAKE AREA CORN PROCESSORS, LLC",0099
537,http://www.sec.gov/Archives/edgar/data/1165002/000116500224000022/whg-20231231.htm,DQC.US.0099.9533,US GAAP 2023,10-K,2024-03-08,2024-03-07 17:21:00,0001165002-24-000022,0001165002,"WESTWOOD HOLDINGS GROUP, INC.",0099
538,http://www.sec.gov/Archives/edgar/data/1325814/000132581424000046/fhlbdm-20231231.htm,DQC.US.0099.9533,US GAAP 2022,10-K,2024-03-08,2024-03-07 17:15:00,0001325814-24-000046,0001325814,Federal Home Loan Bank of Des Moines,0099
539,http://www.sec.gov/Archives/edgar/data/837010/000083701024000003/vriac-20231231.htm,DQC.US.0099.9533,US GAAP 2023,10-K,2024-03-07,2024-03-07 16:15:00,0000837010-24-000003,0000837010,VOYA RETIREMENT INSURANCE & ANNUITY CO,0099
540,http://www.sec.gov/Archives/edgar/data/1331451/000133145124000050/fhlbc-20231231.htm,DQC.US.0099.9533,US GAAP 2023,10-K,2024-03-07,2024-03-07 15:55:00,0001331451-24-000050,0001331451,FEDERAL HOME LOAN BANK OF CHICAGO,0099
541,http://www.sec.gov/Archives/edgar/data/1751707/000160706224000086/unxp063023form10ka.htm,DQC.US.0099.9533,US GAAP 2022,10-K/A,2024-03-07,2024-03-07 15:53:00,0001607062-24-000086,0001751707,United Express Inc.,0099
542,http://www.sec.gov/Archives/edgar/data/1912582/000121390024020453/ea0200850-10k_feutune.htm,DQC.US.0099.9533,US GAAP 2023,10-K,2024-03-06,2024-03-06 16:30:00,0001213900-24-020453,0001912582,"Thunder Power Holdings, Inc.",0099
543,http://www.sec.gov/Archives/edgar/data/1842566/000165495424002732/airsp_s1a.htm,DQC.US.0099.9533,US GAAP 2023,S-1/A,2024-03-06,2024-03-06 16:22:00,0001654954-24-002732,0001842566,"AIRSHIP AI HOLDINGS, INC.",0099
544,http://www.sec.gov/Archives/edgar/data/1072627/000143774924006644/kfs20231231_10k.htm,DQC.US.0099.9533,US GAAP 2023,10-K,2024-03-05,2024-03-05 16:48:00,0001437749-24-006644,0001072627,KINGSWAY FINANCIAL SERVICES INC,0099
545,http://www.sec.gov/Archives/edgar/data/1090009/000120677424000233/sfst4260121-10k.htm,DQC.US.0099.9533,US GAAP 2023,10-K,2024-03-05,2024-03-05 16:29:00,0001206774-24-000233,0001090009,"Southern First Bancshares, Inc.",0099
546,http://www.sec.gov/Archives/edgar/data/1811530/000159991624000069/nxmh_ye22a1outrevo.htm,DQC.US.0099.9533,US GAAP 2022,10-K/A,2024-03-01,2024-03-01 10:31:00,0001599916-24-000069,0001811530,"Next Meats Holdings, Inc.",0099
547,http://www.sec.gov/Archives/edgar/data/1411342/000141134224000021/efc-20231231.htm,DQC.US.0099.9533,US GAAP 2023,10-K,2024-03-01,2024-02-29 16:42:00,0001411342-24-000021,0001411342,ELLINGTON FINANCIAL INC,0099
548,http://www.sec.gov/Archives/edgar/data/1401667/000143774924006121/pbyi20231231_10k.htm,DQC.US.0099.9533,US GAAP 2023,10-K,2024-03-01,2024-02-29 16:41:00,0001437749-24-006121,0001401667,"PUMA BIOTECHNOLOGY, INC.",0099
549,http://www.sec.gov/Archives/edgar/data/1801834/000117891324000774/zk2431039.htm,DQC.US.0099.9533,US GAAP 2023,20-F,2024-03-01,2024-02-29 16:37:00,0001178913-24-000774,0001801834,PainReform Ltd.,0099
550,http://www.sec.gov/Archives/edgar/data/351817/000035181724000016/sbow-20231231.htm,DQC.US.0099.9533,US GAAP 2023,10-K,2024-02-29,2024-02-29 16:06:00,0000351817-24-000016,0000351817,"SilverBow Resources, Inc.",0099
551,http://www.sec.gov/Archives/edgar/data/1169770/000162828024007933/banc-20231231.htm,DQC.US.0099.9533,US GAAP 2023,10-K,2024-02-29,2024-02-29 15:30:00,0001628280-24-007933,0001169770,"BANC OF CALIFORNIA, INC.",0099
552,http://www.sec.gov/Archives/edgar/data/763901/000119312524053017/d52551d10k.htm,DQC.US.0099.9533,US GAAP 2023,10-K,2024-02-29,2024-02-29 14:17:00,0001193125-24-053017,0000763901,"POPULAR, INC.",0099
553,http://www.sec.gov/Archives/edgar/data/351834/000106299324004783/form10k.htm,DQC.US.0099.9533,US GAAP 2023,10-K,2024-02-29,2024-02-28 17:08:00,0001062993-24-004783,0000351834,SUNOPTA INC.,0099
554,http://www.sec.gov/Archives/edgar/data/1345126/000134512624000016/codi-20231231.htm,DQC.US.0099.9533,US GAAP 2023,10-K,2024-02-29,2024-02-28 16:32:00,0001345126-24-000016,0001345126,COMPASS DIVERSIFIED HOLDINGS,0099
555,http://www.sec.gov/Archives/edgar/data/1781629/000178162924000005/ankm_10k2023.htm,DQC.US.0099.9533,US GAAP 2023,10-K,2024-02-28,2024-02-28 15:01:00,0001781629-24-000005,0001781629,"ANKAM, INC.",0099
556,http://www.sec.gov/Archives/edgar/data/7623/000143774924005855/artw20231130c_10k.htm,DQC.US.0099.9533,US GAAP 2023,10-K,2024-02-28,2024-02-28 12:34:00,0001437749-24-005855,0000007623,ARTS WAY MANUFACTURING CO INC,0099
557,http://www.sec.gov/Archives/edgar/data/745543/000101738624000026/atpt_2023dec31-10qa.htm,DQC.US.0099.9533,US GAAP 2023,10-Q/A,2024-02-28,2024-02-27 17:30:00,0001017386-24-000026,0000745543,"PETRO USA, INC.",0099
558,http://www.sec.gov/Archives/edgar/data/883984/000088398424000005/icui-20231231.htm,DQC.US.0099.9533,US GAAP 2023,10-K,2024-02-28,2024-02-27 17:05:00,0000883984-24-000005,0000883984,ICU MEDICAL INC/DE,0099
559,http://www.sec.gov/Archives/edgar/data/1173514/000117351424000014/hy-20231231.htm,DQC.US.0099.9533,US GAAP 2023,10-K,2024-02-28,2024-02-27 16:46:00,0001173514-24-000014,0001173514,"HYSTER-YALE, INC.",0099
560,http://www.sec.gov/Archives/edgar/data/1193311/000119331124000005/c311-20231231x10k.htm,DQC.US.0099.9533,US GAAP 2023,10-K,2024-02-27,2024-02-27 16:22:00,0001193311-24-000005,0001193311,Oncor Electric Delivery Company LLC,0099
561,http://www.sec.gov/Archives/edgar/data/874501/000087450124000040/ambc-20231231.htm,DQC.US.0099.9533,US GAAP 2023,10-K,2024-02-28,2024-02-27 16:15:00,0000874501-24-000040,0000874501,"AMBAC FINANCIAL GROUP, INC.",0099
562,http://www.sec.gov/Archives/edgar/data/1037540/000165642324000007/bxp-20231231.htm,DQC.US.0099.9533,US GAAP 2023,10-K,2024-02-27,2024-02-27 15:56:00,0001656423-24-000007,0001037540,"BXP, INC.",0099
563,http://www.sec.gov/Archives/edgar/data/1607962/000117891324000730/zk2431037.htm,DQC.US.0099.9533,US GAAP 2023,10-K,2024-02-27,2024-02-27 09:15:00,0001178913-24-000730,0001607962,Lifeward Ltd.,0099
564,http://www.sec.gov/Archives/edgar/data/728391/000072839124000010/ipl-20231231.htm,DQC.US.0099.9533,US GAAP 2023,10-K,2024-02-27,2024-02-26 21:44:00,0000728391-24-000010,0000728391,"IPALCO ENTERPRISES, INC.",0099
565,http://www.sec.gov/Archives/edgar/data/787250/000078725024000006/dpl-20231231.htm,DQC.US.0099.9533,US GAAP 2023,10-K,2024-02-27,2024-02-26 21:36:00,0000787250-24-000006,0000787250,DPL Inc.,0099
566,http://www.sec.gov/Archives/edgar/data/1901886/000182912624001112/aurafatprojects_10k.htm,DQC.US.0099.9533,US GAAP 2023,10-K,2024-02-27,2024-02-26 18:47:00,0001829126-24-001112,0001901886,AURA FAT PROJECTS ACQUISITION CORP,0099
567,http://www.sec.gov/Archives/edgar/data/1853044/000182912624001111/aeriestech_s1a3.htm,DQC.US.0099.9533,US GAAP 2023,S-1/A,2024-02-27,2024-02-26 17:31:00,0001829126-24-001111,0001853044,"Aeries Technology, Inc.",0099
568,http://www.sec.gov/Archives/edgar/data/4904/000000490424000020/aep-20231231.htm,DQC.US.0099.9533,US GAAP 2023,10-K,2024-02-27,2024-02-26 16:44:00,0000004904-24-000020,0000004904,AMERICAN ELECTRIC POWER CO INC.,0099
569,http://www.sec.gov/Archives/edgar/data/1404935/000147793224000896/thct_10k.htm,DQC.US.0099.9533,US GAAP 2023,10-K,2024-02-27,2024-02-26 16:20:00,0001477932-24-000896,0001404935,"THC Therapeutics, Inc.",0099
570,http://www.sec.gov/Archives/edgar/data/1315061/000121465924003501/o12924010k.htm,DQC.US.0099.9533,US GAAP 2023,10-K,2024-02-26,2024-02-26 14:59:00,0001214659-24-003501,0001315061,"Ridgewood Energy O Fund, LLC",0099
571,http://www.sec.gov/Archives/edgar/data/1338474/000121465924003502/q2524010k.htm,DQC.US.0099.9533,US GAAP 2023,10-K,2024-02-26,2024-02-26 14:59:00,0001214659-24-003502,0001338474,"Ridgewood Energy Q Fund, LLC",0099
572,http://www.sec.gov/Archives/edgar/data/1352190/000121465924003503/s12924010k.htm,DQC.US.0099.9533,US GAAP 2023,10-K,2024-02-26,2024-02-26 14:59:00,0001214659-24-003503,0001352190,"Ridgewood Energy S Fund, LLC",0099
573,http://www.sec.gov/Archives/edgar/data/1364397/000121465924003504/t12924010k.htm,DQC.US.0099.9533,US GAAP 2023,10-K,2024-02-26,2024-02-26 14:59:00,0001214659-24-003504,0001364397,"Ridgewood Energy T Fund, LLC",0099
574,http://www.sec.gov/Archives/edgar/data/1377178/000121465924003505/u2524010k.htm,DQC.US.0099.9533,US GAAP 2023,10-K,2024-02-26,2024-02-26 14:59:00,0001214659-24-003505,0001377178,"Ridgewood Energy U Fund, LLC",0099
575,http://www.sec.gov/Archives/edgar/data/1385662/000121465924003506/v2124010k.htm,DQC.US.0099.9533,US GAAP 2023,10-K,2024-02-26,2024-02-26 14:59:00,0001214659-24-003506,0001385662,"Ridgewood Energy V Fund, LLC",0099
576,http://www.sec.gov/Archives/edgar/data/1409947/000121465924003507/w2524010k.htm,DQC.US.0099.9533,US GAAP 2023,10-K,2024-02-26,2024-02-26 14:59:00,0001214659-24-003507,0001409947,"Ridgewood Energy W Fund, LLC",0099
577,http://www.sec.gov/Archives/edgar/data/1434070/000121465924003509/y12924010k.htm,DQC.US.0099.9533,US GAAP 2023,10-K,2024-02-26,2024-02-26 14:59:00,0001214659-24-003509,0001434070,"Ridgewood Energy Y Fund, LLC",0099
578,http://www.sec.gov/Archives/edgar/data/1455741/000121465924003508/x13024010k.htm,DQC.US.0099.9533,US GAAP 2023,10-K,2024-02-26,2024-02-26 14:59:00,0001214659-24-003508,0001455741,"Ridgewood Energy X Fund, LLC",0099
579,http://www.sec.gov/Archives/edgar/data/1457919/000121465924003500/a113124410k.htm,DQC.US.0099.9533,US GAAP 2023,10-K,2024-02-26,2024-02-26 14:59:00,0001214659-24-003500,0001457919,"Ridgewood Energy A-1 Fund, LLC",0099
580,http://www.sec.gov/Archives/edgar/data/1419612/000117891324000717/zk2431010.htm,DQC.US.0099.9533,US GAAP 2023,10-K,2024-02-26,2024-02-26 12:34:00,0001178913-24-000717,0001419612,"SOLAREDGE TECHNOLOGIES, INC",0099
581,http://www.sec.gov/Archives/edgar/data/1051470/000105147024000062/cci-20231231.htm,DQC.US.0099.9533,US GAAP 2023,10-K,2024-02-26,2024-02-23 16:08:00,0001051470-24-000062,0001051470,Crown Castle Inc,0099
582,http://www.sec.gov/Archives/edgar/data/65984/000006598424000012/etr-20231231.htm,DQC.US.0099.9533,US GAAP 2023,10-K,2024-02-24,2024-02-23 11:05:00,0000065984-24-000012,0000065984,Entergy Corporation,0099
583,http://www.sec.gov/Archives/edgar/data/1350102/000107997324000293/asti_s1a1.htm,DQC.US.0099.9533,US GAAP 2023,S-1/A,2024-02-23,2024-02-23 06:19:00,0001079973-24-000293,0001350102,"Ascent Solar Technologies, Inc.",0099
584,http://www.sec.gov/Archives/edgar/data/1363829/000136382924000020/esgr-20231231.htm,DQC.US.0099.9533,US GAAP 2023,10-K,2024-02-26,2024-02-22 16:48:00,0001363829-24-000020,0001363829,Enstar Group LTD,0099
585,http://www.sec.gov/Archives/edgar/data/1587732/000158773224000013/ogs-20231231.htm,DQC.US.0099.9533,US GAAP 2023,10-K,2024-08-02,2024-02-22 16:36:00,0001587732-24-000013,0001587732,"ONE Gas, Inc.",0099
586,http://www.sec.gov/Archives/edgar/data/1364885/000162828024006331/spr-20231231.htm,DQC.US.0099.9533,US GAAP 2023,10-K,2024-02-24,2024-02-22 16:08:00,0001628280-24-006331,0001364885,"Spirit AeroSystems Holdings, Inc.",0099
587,http://www.sec.gov/Archives/edgar/data/1043509/000104350924000022/sah-20231231.htm,DQC.US.0099.9533,US GAAP 2023,10-K,2024-08-02,2024-02-22 16:00:00,0001043509-24-000022,0001043509,"SONIC AUTOMOTIVE, INC.",0099
588,http://www.sec.gov/Archives/edgar/data/745543/000101738624000024/atpt_2023dec31-10q.htm,DQC.US.0099.9533,US GAAP 2023,10-Q,2024-02-21,2024-02-21 14:58:00,0001017386-24-000024,0000745543,"PETRO USA, INC.",0099
589,http://www.sec.gov/Archives/edgar/data/1653653/000165365324000004/rrr-20231231.htm,DQC.US.0099.9533,US GAAP 2023,10-K,2024-08-02,2024-02-21 14:28:00,0001653653-24-000004,0001653653,"RED ROCK RESORTS, INC.",0099
590,http://www.sec.gov/Archives/edgar/data/1301991/000109690624000228/smme-20231231.htm,DQC.US.0099.9533,US GAAP 2023,10-Q,2024-02-21,2024-02-21 13:41:00,0001096906-24-000228,0001301991,"SMARTMETRIC, INC.",0099
591,http://www.sec.gov/Archives/edgar/data/1111711/000111171124000011/nix-20231231.htm,DQC.US.0099.9533,US GAAP 2023,10-K,2024-08-02,2024-02-21 07:09:00,0001111711-24-000011,0001111711,NiSource Inc.,0099
592,http://www.sec.gov/Archives/edgar/data/1437750/000147793224000834/trex_10k.htm,DQC.US.0099.9533,US GAAP 2023,10-K,2024-02-21,2024-02-21 06:03:00,0001477932-24-000834,0001437750,T-REX Acquisition Corp.,0099
593,http://www.sec.gov/Archives/edgar/data/1442999/000166357724000059/abti10q3a_123123.htm,DQC.US.0099.9533,US GAAP 2023,10-Q/A,2024-02-21,2024-02-20 21:37:00,0001663577-24-000059,0001442999,"Alterola Biotech, Inc.",0099
594,http://www.sec.gov/Archives/edgar/data/1537561/000143774924004857/arch20231231_10q.htm,DQC.US.0099.9533,US GAAP 2023,10-Q,2024-02-21,2024-02-20 17:30:00,0001437749-24-004857,0001537561,"ARCH THERAPEUTICS, INC.",0099
595,http://www.sec.gov/Archives/edgar/data/1610940/000121390024015372/f10q1223_amplifycommod.htm,DQC.US.0099.9533,US GAAP 2023,10-Q,2024-02-21,2024-02-20 17:07:00,0001213900-24-015372,0001610940,Amplify Commodity Trust,0099
596,http://www.sec.gov/Archives/edgar/data/1041061/000104106124000011/yum-20231231.htm,DQC.US.0099.9533,US GAAP 2023,10-K,2024-02-21,2024-02-20 16:33:00,0001041061-24-000011,0001041061,"YUM! BRANDS, INC.",0099
597,http://www.sec.gov/Archives/edgar/data/1888740/000119983524000095/lseb-10q.htm,DQC.US.0099.9533,US GAAP 2023,10-Q,2024-02-21,2024-02-20 15:52:00,0001199835-24-000095,0001888740,LSEB CREATIVE CORP.,0099
598,http://www.sec.gov/Archives/edgar/data/51644/000005164424000013/ipg-20231231.htm,DQC.US.0099.9533,US GAAP 2022,10-K,2024-02-20,2024-02-20 14:36:00,0000051644-24-000013,0000051644,"INTERPUBLIC GROUP OF COMPANIES, INC.",0099
599,http://www.sec.gov/Archives/edgar/data/773318/000160706224000076/vrtc123123form10q.htm,DQC.US.0099.9533,US GAAP 2022,10-Q,2024-02-21,2024-02-20 07:02:00,0001607062-24-000076,0000773318,"VERITEC, INC.",0099
600,http://www.sec.gov/Archives/edgar/data/1109345/000117891324000649/zk2430914.htm,DQC.US.0099.9533,US GAAP 2023,20-F,2024-02-20,2024-02-20 07:00:00,0001178913-24-000649,0001109345,NOVA LTD.,0099
601,http://www.sec.gov/Archives/edgar/data/1853044/000182912624001000/aeriestech_10q.htm,DQC.US.0099.9533,US GAAP 2023,10-Q,2024-02-21,2024-02-16 21:45:00,0001829126-24-001000,0001853044,"Aeries Technology, Inc.",0099
602,http://www.sec.gov/Archives/edgar/data/1813452/000143774924004680/plnh20230331_10qa.htm,DQC.US.0099.9533,US GAAP 2023,10-Q/A,2024-02-21,2024-02-16 20:37:00,0001437749-24-004680,0001813452,PLANET 13 HOLDINGS INC.,0099
603,http://www.sec.gov/Archives/edgar/data/1634293/000159991624000060/exceed_10q124o.htm,DQC.US.0099.9533,US GAAP 2023,10-Q,2024-02-21,2024-02-16 17:11:00,0001599916-24-000060,0001634293,"Exceed World, Inc.",0099
604,http://www.sec.gov/Archives/edgar/data/1888846/000159991624000057/ultimate_10q224o.htm,DQC.US.0099.9533,US GAAP 2023,10-Q,2024-02-16,2024-02-16 14:11:00,0001599916-24-000057,0001888846,"Ultimate Holdings GROUP, Inc.",0099
605,http://www.sec.gov/Archives/edgar/data/1276187/000127618724000024/et-20231231.htm,DQC.US.0099.9533,US GAAP 2023,10-K,2024-02-16,2024-02-16 12:27:00,0001276187-24-000024,0001276187,ENERGY TRANSFER LP,0099
606,http://www.sec.gov/Archives/edgar/data/14930/000001493024000054/bcorp-20231231.htm,DQC.US.0099.9533,US GAAP 2023,10-K,2024-08-02,2024-02-16 12:00:00,0000014930-24-000054,0000014930,Brunswick Corporation,0099
607,http://www.sec.gov/Archives/edgar/data/799292/000079929224000014/mho-20231231.htm,DQC.US.0099.9533,US GAAP 2023,10-K,2024-02-16,2024-02-16 11:28:00,0000799292-24-000014,0000799292,"M/I HOMES, INC.",0099
608,http://www.sec.gov/Archives/edgar/data/1780785/000147793224000767/cney_20f.htm,DQC.US.0099.9533,US GAAP 2023,20-F,2024-08-02,2024-02-15 17:10:00,0001477932-24-000767,0001780785,CN ENERGY GROUP. INC.,0099
609,http://www.sec.gov/Archives/edgar/data/1543151/000154315124000012/uber-20231231.htm,DQC.US.0099.9533,US GAAP 2023,10-K,2024-02-15,2024-02-15 16:30:00,0001543151-24-000012,0001543151,"UBER TECHNOLOGIES, INC.",0099
610,http://www.sec.gov/Archives/edgar/data/1650739/000147793224000741/ajia_10k.htm,DQC.US.0099.9533,US GAAP 2023,10-K,2024-02-15,2024-02-15 08:34:00,0001477932-24-000741,0001650739,"AJIA INNOGROUP HOLDINGS, LTD.",0099
611,http://www.sec.gov/Archives/edgar/data/1418819/000141881924000008/irdm-20231231.htm,DQC.US.0099.9533,US GAAP 2023,10-K,2024-08-02,2024-02-15 07:06:00,0001418819-24-000008,0001418819,Iridium Communications Inc.,0099
612,http://www.sec.gov/Archives/edgar/data/1676163/000121390024014175/ea193396-s1_ssinnovati.htm,DQC.US.0099.9533,US GAAP 2023,S-1,2024-02-15,2024-02-14 17:25:00,0001213900-24-014175,0001676163,"SS INNOVATIONS INTERNATIONAL, INC.",0099
613,http://www.sec.gov/Archives/edgar/data/1438901/000116169724000084/form_10-q.htm,DQC.US.0099.9533,US GAAP 2023,10-Q,2024-02-15,2024-02-14 17:15:00,0001161697-24-000084,0001438901,"AUTO PARTS 4LESS GROUP, INC.",0099
614,http://www.sec.gov/Archives/edgar/data/1563298/000107997324000259/eawd_s1a.htm,DQC.US.0099.9533,US GAAP 2023,S-1/A,2024-02-15,2024-02-14 17:11:00,0001079973-24-000259,0001563298,ENERGY AND WATER DEVELOPMENT CORP.,0099
615,http://www.sec.gov/Archives/edgar/data/49600/000004960024000021/egp-20231231.htm,DQC.US.0099.9533,US GAAP 2023,10-K,2024-02-14,2024-02-14 16:54:00,0000049600-24-000021,0000049600,"EASTGROUP PROPERTIES, INC.",0099
616,http://www.sec.gov/Archives/edgar/data/1775194/000147793224000734/upxi_10q.htm,DQC.US.0099.9533,US GAAP 2023,10-Q,2024-02-15,2024-02-14 16:41:00,0001477932-24-000734,0001775194,"UPEXI, INC.",0099
617,http://www.sec.gov/Archives/edgar/data/1570937/000155479524000012/atao0214form10q.htm,DQC.US.0099.9533,US GAAP 2023,10-Q,2024-02-14,2024-02-14 16:30:00,0001554795-24-000012,0001570937,Altair International Corp.,0099
618,http://www.sec.gov/Archives/edgar/data/1643721/000147793224000728/lbuy_10q.htm,DQC.US.0099.9533,US GAAP 2023,10-Q,2024-02-14,2024-02-14 16:05:00,0001477932-24-000728,0001643721,"LEAFBUYER TECHNOLOGIES, INC.",0099
619,http://www.sec.gov/Archives/edgar/data/1016178/000101617824000005/carv-20231231.htm,DQC.US.0099.9533,US GAAP 2023,10-Q,2024-02-14,2024-02-14 14:19:00,0001016178-24-000005,0001016178,"CARVER BANCORP, INC.",0099
620,http://www.sec.gov/Archives/edgar/data/1396536/000107997324000238/duos_s1a.htm,DQC.US.0099.9533,US GAAP 2023,S-1/A,2024-02-14,2024-02-14 13:07:00,0001079973-24-000238,0001396536,"Duos Technologies Group, Inc.",0099
621,http://www.sec.gov/Archives/edgar/data/1089297/000109690624000201/nvgt-20231231.htm,DQC.US.0099.9533,US GAAP 2023,10-Q,2024-02-14,2024-02-14 12:41:00,0001096906-24-000201,0001089297,NOVAGANT CORP.,0099
622,http://www.sec.gov/Archives/edgar/data/1740797/000174079724000010/avai10q_dec312023.htm,DQC.US.0099.9533,US GAAP 2023,10-Q,2024-02-14,2024-02-14 12:40:00,0001740797-24-000010,0001740797,AVANT TECHNOLOGIES INC.,0099
623,http://www.sec.gov/Archives/edgar/data/1959585/000182912624000925/protopia_10q.htm,DQC.US.0099.9533,US GAAP 2023,10-Q,2024-02-14,2024-02-14 12:36:00,0001829126-24-000925,0001959585,Protopia Global Holdings Inc.,0099
624,http://www.sec.gov/Archives/edgar/data/1803977/000149315224006422/forms-1.htm,DQC.US.0099.9533,US GAAP 2023,S-1,2024-02-14,2024-02-14 11:18:00,0001493152-24-006422,0001803977,LIMITLESS X HOLDINGS INC.,0099
625,http://www.sec.gov/Archives/edgar/data/1822372/000182237224000003/streetex_10q31dec23.htm,DQC.US.0099.9533,US GAAP 2023,10-Q,2024-02-14,2024-02-14 10:25:00,0001822372-24-000003,0001822372,STREETEX CORP.,0099
626,http://www.sec.gov/Archives/edgar/data/802257/000118518524000156/mitesco20230930_10q.htm,DQC.US.0099.9533,US GAAP 2023,10-Q,2024-02-13,2024-02-13 17:20:00,0001185185-24-000156,0000802257,"MITESCO, INC",0099
627,http://www.sec.gov/Archives/edgar/data/89089/000008908924000011/sci-20231231.htm,DQC.US.0099.9533,US GAAP 2023,10-K,2024-02-14,2024-02-13 17:15:00,0000089089-24-000011,0000089089,Service Corporation International,0099
628,http://www.sec.gov/Archives/edgar/data/1443611/000147793224000688/sing_posam.htm,DQC.US.0099.9533,US GAAP 2023,POS AM,2024-02-13,2024-02-13 16:33:00,0001477932-24-000688,0001443611,Singlepoint Inc.,0099
629,http://www.sec.gov/Archives/edgar/data/1512228/000153949724000311/n2574_x189-10q.htm,DQC.US.0099.9533,US GAAP 2022,10-Q,2024-02-13,2024-02-13 16:01:00,0001539497-24-000311,0001512228,NioCorp Developments Ltd.,0099
630,http://www.sec.gov/Archives/edgar/data/1661039/000165495424001626/tptw_s1.htm,DQC.US.0099.9533,US GAAP 2023,S-1,2024-02-13,2024-02-13 12:02:00,0001654954-24-001626,0001661039,"TPT Global Tech, Inc.",0099
631,http://www.sec.gov/Archives/edgar/data/1683131/000160706224000061/forz093023form10q.htm,DQC.US.0099.9533,US GAAP 2022,10-Q,2024-02-13,2024-02-12 21:27:00,0001607062-24-000061,0001683131,"FORZA INNOVATIONS, INC.",0099
632,http://www.sec.gov/Archives/edgar/data/1580149/000152013824000069/bivi-20231231_10q.htm,DQC.US.0099.9533,US GAAP 2023,10-Q,2024-02-13,2024-02-12 18:30:00,0001520138-24-000069,0001580149,BioVie Inc.,0099
633,http://www.sec.gov/Archives/edgar/data/1868640/000095017024013887/rdzn-20231231.htm,DQC.US.0099.9533,US GAAP 2023,10-Q,2024-02-13,2024-02-12 16:30:00,0000950170-24-013887,0001868640,ROADZEN INC.,0099
634,http://www.sec.gov/Archives/edgar/data/34903/000003490324000032/frt-20231231.htm,DQC.US.0099.9533,US GAAP 2023,10-K,2024-02-13,2024-02-12 16:14:00,0000034903-24-000032,0000034903,Federal Realty Investment Trust,0099
635,http://www.sec.gov/Archives/edgar/data/216228/000021622824000020/itt-20231231.htm,DQC.US.0099.9533,US GAAP 2023,10-K,2024-08-02,2024-02-12 15:54:00,0000216228-24-000020,0000216228,ITT INC.,0099
636,http://www.sec.gov/Archives/edgar/data/26172/000002617224000012/cmi-20231231.htm,DQC.US.0099.9533,US GAAP 2023,10-K,2024-02-13,2024-02-12 15:24:00,0000026172-24-000012,0000026172,CUMMINS INC.,0099
637,http://www.sec.gov/Archives/edgar/data/1857910/000159991624000052/drfs_q324o.htm,DQC.US.0099.9533,US GAAP 2023,10-Q,2024-02-13,2024-02-12 13:01:00,0001599916-24-000052,0001857910,"Japan Food Tech Holdings, Inc.",0099
638,http://www.sec.gov/Archives/edgar/data/1396536/000107997324000217/duos_s1a.htm,DQC.US.0099.9533,US GAAP 2023,S-1/A,2024-02-13,2024-02-12 12:24:00,0001079973-24-000217,0001396536,"Duos Technologies Group, Inc.",0099
639,http://www.sec.gov/Archives/edgar/data/1751707/000160706224000057/unxp123123form10q.htm,DQC.US.0099.9533,US GAAP 2022,10-Q,2024-02-13,2024-02-12 09:57:00,0001607062-24-000057,0001751707,United Express Inc.,0099
640,http://www.sec.gov/Archives/edgar/data/700815/000070081524000006/sofe-form_10.htm,DQC.US.0099.9533,US GAAP 2022,10-12G,2024-02-13,2024-02-12 09:26:00,0000700815-24-000006,0000700815,"SOAFEE, INC.",0099
641,http://www.sec.gov/Archives/edgar/data/1435812/000151597124000020/arem10q123123.htm,DQC.US.0099.9533,US GAAP 2023,10-Q,2024-02-13,2024-02-09 17:47:00,0001515971-24-000020,0001435812,Arem Pacific Corporation,0099
642,http://www.sec.gov/Archives/edgar/data/1995416/000149315224005764/forms-4.htm,DQC.US.0099.9533,US GAAP 2023,S-4,2024-02-13,2024-02-09 17:31:00,0001493152-24-005764,0001995416,"New Arena Holdco, Inc.",0099
643,http://www.sec.gov/Archives/edgar/data/1853044/000182912624000858/aeriestech_s1a2.htm,DQC.US.0099.9533,US GAAP 2023,S-1/A,2024-02-13,2024-02-09 16:09:00,0001829126-24-000858,0001853044,"Aeries Technology, Inc.",0099
644,http://www.sec.gov/Archives/edgar/data/1624140/000101738624000018/jmkj_2023dec31-10q.htm,DQC.US.0099.9533,US GAAP 2023,10-Q,2024-02-13,2024-02-09 14:49:00,0001017386-24-000018,0001624140,"CORETAG, INC.",0099
645,http://www.sec.gov/Archives/edgar/data/1141284/000121390024011847/fs12024a1_actelis.htm,DQC.US.0099.9533,US GAAP 2023,S-1/A,2024-02-13,2024-02-09 09:33:00,0001213900-24-011847,0001141284,"Actelis Networks, Inc.",0099
646,http://www.sec.gov/Archives/edgar/data/1862463/000121390024011641/fs42024a1_insightacq.htm,DQC.US.0099.9533,US GAAP 2023,S-4/A,2024-02-14,2024-02-08 16:45:00,0001213900-24-011641,0001862463,Insight Acquisition Corp. /DE,0099
647,http://www.sec.gov/Archives/edgar/data/1504461/000150446124000009/ngl-20231231.htm,DQC.US.0099.9533,US GAAP 2023,10-Q,2024-02-13,2024-02-08 16:20:00,0001504461-24-000009,0001504461,NGL Energy Partners LP,0099
648,http://www.sec.gov/Archives/edgar/data/7789/000000778924000009/asb-20231231.htm,DQC.US.0099.9533,US GAAP 2023,10-K,2024-02-13,2024-02-08 16:17:00,0000007789-24-000009,0000007789,Associated Banc-Corp,0099
649,http://www.sec.gov/Archives/edgar/data/889971/000165495424001495/lpth_10q.htm,DQC.US.0099.9533,US GAAP 2023,10-Q,2024-02-13,2024-02-08 16:10:00,0001654954-24-001495,0000889971,"LIGHTPATH TECHNOLOGIES, INC.",0099
650,http://www.sec.gov/Archives/edgar/data/55785/000005578524000018/kmb-20231231.htm,DQC.US.0099.9533,US GAAP 2023,10-K,2024-02-14,2024-02-08 14:51:00,0000055785-24-000018,0000055785,KIMBERLY-CLARK CORPORATION,0099
651,http://www.sec.gov/Archives/edgar/data/1894954/000190359624000059/xpon_s-1a.htm,DQC.US.0099.9533,US GAAP 2023,S-1/A,2024-02-14,2024-02-07 16:35:00,0001903596-24-000059,0001894954,EXPION360 INC.,0099
652,http://www.sec.gov/Archives/edgar/data/1842566/000165495424001437/airsp_s1.htm,DQC.US.0099.9533,US GAAP 2023,S-1,2024-08-02,2024-02-07 14:15:00,0001654954-24-001437,0001842566,"AIRSHIP AI HOLDINGS, INC.",0099
653,http://www.sec.gov/Archives/edgar/data/1759424/000147793224000574/evil_10q.htm,DQC.US.0099.9533,US GAAP 2023,10-Q,2024-02-07,2024-02-07 06:02:00,0001477932-24-000574,0001759424,"EVIL EMPIRE DESIGNS, INC.",0099
654,http://www.sec.gov/Archives/edgar/data/1936756/000119983524000066/nbh-forms_1a.htm,DQC.US.0099.9533,US GAAP 2023,S-1/A,2024-02-06,2024-02-06 17:00:00,0001199835-24-000066,0001936756,"NEXT BRIDGE HYDROCARBONS, INC.",0099
655,http://www.sec.gov/Archives/edgar/data/1843656/000165495424001398/amao_s1a.htm,DQC.US.0099.9533,US GAAP 2023,S-1/A,2024-02-06,2024-02-06 16:14:00,0001654954-24-001398,0001843656,ROYALTY MANAGEMENT HOLDING CORPORATION,0099
656,http://www.sec.gov/Archives/edgar/data/1897982/000189798224000011/azpn-20231231.htm,DQC.US.0099.9533,US GAAP 2023,10-Q,2024-08-02,2024-02-06 16:07:00,0001897982-24-000011,0001897982,"ASPEN TECHNOLOGY, INC.",0099
657,http://www.sec.gov/Archives/edgar/data/921082/000092108224000006/hiw-20231231.htm,DQC.US.0099.9533,US GAAP 2023,10-K,2024-02-06,2024-02-06 16:05:00,0000921082-24-000006,0000921082,"HIGHWOODS PROPERTIES, INC.",0099
658,http://www.sec.gov/Archives/edgar/data/1951222/000119380524000131/e619212_f1-sealsq.htm,DQC.US.0099.9533,US GAAP 2023,F-1,2024-02-05,2024-02-05 17:24:00,0001193805-24-000131,0001951222,SEALSQ,0099
659,http://www.sec.gov/Archives/edgar/data/1840102/000152013824000055/spec_s1.htm,DQC.US.0099.9533,US GAAP 2023,S-1,2024-02-05,2024-02-05 17:08:00,0001520138-24-000055,0001840102,"Specificity, Inc.",0099
660,http://www.sec.gov/Archives/edgar/data/101829/000010182924000008/rtx-20231231.htm,DQC.US.0099.9533,US GAAP 2023,10-K,2024-02-05,2024-02-05 16:17:00,0000101829-24-000008,0000101829,RTX CORPORATION,0099
661,http://www.sec.gov/Archives/edgar/data/1849058/000121390024010052/fs42024a2_cloverleafcap.htm,DQC.US.0099.9533,US GAAP 2023,S-4/A,2024-02-05,2024-02-05 16:10:00,0001213900-24-010052,0001849058,Clover Leaf Capital Corp.,0099
662,http://www.sec.gov/Archives/edgar/data/1357878/000147237524000005/ixform10q.htm,DQC.US.0099.9533,US GAAP 2023,10-Q,2024-02-05,2024-02-05 15:07:00,0001472375-24-000005,0001357878,"REGENEREX PHARMA, INC.",0099
663,http://www.sec.gov/Archives/edgar/data/724004/000143774924003053/mlab20231231_10q.htm,DQC.US.0099.9533,US GAAP 2023,10-Q,2024-02-05,2024-02-05 08:01:00,0001437749-24-003053,0000724004,MESA LABORATORIES INC /CO,0099
664,http://www.sec.gov/Archives/edgar/data/100493/000010049324000014/tsn-20231230.htm,DQC.US.0099.9533,US GAAP 2023,10-Q,2024-02-05,2024-02-05 07:34:00,0000100493-24-000014,0000100493,"TYSON FOODS, INC.",0099
665,http://www.sec.gov/Archives/edgar/data/1599407/000121390024009742/ea192664-s1a1_1847hold.htm,DQC.US.0099.9533,US GAAP 2023,S-1/A,2024-02-02,2024-02-02 17:27:00,0001213900-24-009742,0001599407,1847 Holdings LLC,0099
666,http://www.sec.gov/Archives/edgar/data/34956/000165495424001252/tenx_s1a.htm,DQC.US.0099.9533,US GAAP 2022,S-1/A,2024-02-02,2024-02-02 17:24:00,0001654954-24-001252,0000034956,"Tenax Therapeutics, Inc.",0099
667,http://www.sec.gov/Archives/edgar/data/1882781/000159991624000049/c2blockq224.htm,DQC.US.0099.9533,US GAAP 2023,10-Q,2024-02-02,2024-02-02 15:18:00,0001599916-24-000049,0001882781,"C2 Blockchain,Inc.",0099
668,http://www.sec.gov/Archives/edgar/data/1789192/000149315224004673/forms-1a.htm,DQC.US.0099.9533,US GAAP 2023,S-1/A,2024-02-02,2024-02-02 10:00:00,0001493152-24-004673,0001789192,"N2OFF, Inc.",0099
669,http://www.sec.gov/Archives/edgar/data/1347491/000153949724000190/n2666_x19-10q.htm,DQC.US.0099.9533,US GAAP 2023,10-Q,2024-02-02,2024-02-01 17:49:00,0001539497-24-000190,0001347491,ALEXANDER TECH CORP.,0099
670,http://www.sec.gov/Archives/edgar/data/1702015/000159991624000046/aisq3_24.htm,DQC.US.0099.9533,US GAAP 2023,10-Q,2024-02-01,2024-02-01 16:37:00,0001599916-24-000046,0001702015,"AIS
HOLDINGS GROUP, INC.",0099
671,http://www.sec.gov/Archives/edgar/data/1842138/000190359624000052/form10ka_wrapspeed.htm,DQC.US.0099.9533,US GAAP 2023,10-K/A,2024-02-01,2024-02-01 14:37:00,0001903596-24-000052,0001842138,WarpSpeed Taxi Inc.,0099
672,http://www.sec.gov/Archives/edgar/data/1501585/000150158524000007/hii-20231231.htm,DQC.US.0099.9533,US GAAP 2023,10-K,2024-08-02,2024-02-01 12:09:00,0001501585-24-000007,0001501585,"HUNTINGTON INGALLS INDUSTRIES, INC.",0099
673,http://www.sec.gov/Archives/edgar/data/1231339/000147793224000492/asre_10q.htm,DQC.US.0099.9533,US GAAP 2023,10-Q,2024-02-01,2024-02-01 06:19:00,0001477932-24-000492,0001231339,"Astra Energy, Inc.",0099
674,http://www.sec.gov/Archives/edgar/data/1894954/000190359624000045/xpon_s-1a.htm,DQC.US.0099.9533,US GAAP 2023,S-1/A,2024-01-31,2024-01-31 17:30:00,0001903596-24-000045,0001894954,EXPION360 INC.,0099
675,http://www.sec.gov/Archives/edgar/data/1967621/000121390024008526/f20f2023_alphatech.htm,DQC.US.0099.9533,US GAAP 2023,20-F,2024-01-31,2024-01-31 17:22:00,0001213900-24-008526,0001967621,Alpha Technology Group Ltd,0099
676,http://www.sec.gov/Archives/edgar/data/829224/000082922424000013/sbux-20231231.htm,DQC.US.0099.9533,US GAAP 2023,10-Q,2024-01-30,2024-01-30 16:13:00,0000829224-24-000013,0000829224,Starbucks Corporation,0099
677,http://www.sec.gov/Archives/edgar/data/1885849/000188584924000003/tflm_10k2023_amend.htm,DQC.US.0099.9533,US GAAP 2023,10-K/A,2024-01-30,2024-01-30 10:56:00,0001885849-24-000003,0001885849,TOFLA MEGALINE INC.,0099
678,http://www.sec.gov/Archives/edgar/data/1892480/000147793224000437/hemp_s1.htm,DQC.US.0099.9533,US GAAP 2023,S-1,2024-01-29,2024-01-29 16:56:00,0001477932-24-000437,0001892480,"Hempacco Co., Inc.",0099
679,http://www.sec.gov/Archives/edgar/data/1701261/000147793224000432/fami_20f.htm,DQC.US.0099.9533,US GAAP 2023,20-F,2024-01-29,2024-01-29 16:06:00,0001477932-24-000432,0001701261,"Farmmi, Inc.",0099
680,http://www.sec.gov/Archives/edgar/data/1842138/000190359624000038/wrapspeed_10q.htm,DQC.US.0099.9533,US GAAP 2023,10-Q,2024-01-29,2024-01-29 15:19:00,0001903596-24-000038,0001842138,WarpSpeed Taxi Inc.,0099
681,http://www.sec.gov/Archives/edgar/data/38777/000003877724000006/ben-20231231.htm,DQC.US.0099.9533,US GAAP 2023,10-Q,2024-01-29,2024-01-29 08:43:00,0000038777-24-000006,0000038777,"FRANKLIN RESOURCES, INC.",0099
682,http://www.sec.gov/Archives/edgar/data/1842138/000190359624000036/form10k_wrapspeed.htm,DQC.US.0099.9533,US GAAP 2023,10-K,2024-01-26,2024-01-26 16:25:00,0001903596-24-000036,0001842138,WarpSpeed Taxi Inc.,0099
683,http://www.sec.gov/Archives/edgar/data/1806904/000121390024006994/f20f2023_ezgotech.htm,DQC.US.0099.9533,US GAAP 2023,20-F,2024-01-26,2024-01-26 16:23:00,0001213900-24-006994,0001806904,"EZGO
Technologies Ltd.",0099
684,http://www.sec.gov/Archives/edgar/data/1836875/000121390024006663/fs12024a1_nuvveholding.htm,DQC.US.0099.9533,US GAAP 2023,S-1/A,2024-01-26,2024-01-25 21:51:00,0001213900-24-006663,0001836875,NUVVE HOLDING CORP.,0099
685,http://www.sec.gov/Archives/edgar/data/1318268/000175392624000160/g083886_10-k.htm,DQC.US.0099.9533,US GAAP 2022,10-K,2024-01-25,2024-01-25 16:44:00,0001753926-24-000160,0001318268,Madison Technologies Inc.,0099
686,http://www.sec.gov/Archives/edgar/data/1133421/000113342124000006/noc-20231231.htm,DQC.US.0099.9533,US GAAP 2023,10-K,2024-01-25,2024-01-25 16:02:00,0001133421-24-000006,0001133421,NORTHROP GRUMMAN CORP /DE/,0099
687,http://www.sec.gov/Archives/edgar/data/1546853/000147793224000359/skky_10k.htm,DQC.US.0099.9533,US GAAP 2023,10-K,2024-01-25,2024-01-25 12:38:00,0001477932-24-000359,0001546853,"SKKYNET CLOUD SYSTEMS, INC.",0099
688,http://www.sec.gov/Archives/edgar/data/1936756/000119983524000050/nbh-forms_1a.htm,DQC.US.0099.9533,US GAAP 2023,S-1/A,2024-01-25,2024-01-25 12:38:00,0001199835-24-000050,0001936756,"NEXT BRIDGE HYDROCARBONS, INC.",0099
689,http://www.sec.gov/Archives/edgar/data/1108645/000147793224000351/cipi_s1a.htm,DQC.US.0099.9533,US GAAP 2023,S-1/A,2024-01-24,2024-01-24 17:20:00,0001477932-24-000351,0001108645,CORRELATE ENERGY CORP.,0099
690,http://www.sec.gov/Archives/edgar/data/1440153/000109690624000100/bkhu-20231031.htm,DQC.US.0099.9533,US GAAP 2023,10-Q,2024-01-24,2024-01-24 12:12:00,0001096906-24-000100,0001440153,"Bakhu Holdings, Corp.",0099
691,http://www.sec.gov/Archives/edgar/data/1855631/000149315224003523/forms-1.htm,DQC.US.0099.9533,US GAAP 2023,S-1,2024-01-24,2024-01-23 21:59:00,0001493152-24-003523,0001855631,AERWINS Technologies Inc.,0099
692,http://www.sec.gov/Archives/edgar/data/1894954/000190359624000030/xpon_s-1.htm,DQC.US.0099.9533,US GAAP 2023,S-1,2024-01-23,2024-01-23 17:30:00,0001903596-24-000030,0001894954,EXPION360 INC.,0099
693,http://www.sec.gov/Archives/edgar/data/1818674/000160706224000037/sybe123123form10q.htm,DQC.US.0099.9533,US GAAP 2022,10-Q,2024-01-23,2024-01-23 15:04:00,0001607062-24-000037,0001818674,SYBLEU INC.,0099
694,http://www.sec.gov/Archives/edgar/data/1939696/000121390024005420/ff12024_etao.htm,DQC.US.0099.9533,US GAAP 2023,F-1,2024-01-23,2024-01-22 20:56:00,0001213900-24-005420,0001939696,"ETAO International Co., Ltd.",0099
695,http://www.sec.gov/Archives/edgar/data/1675634/000147793224000315/pixy_10q.htm,DQC.US.0099.9533,US GAAP 2023,10-Q,2024-01-22,2024-01-22 17:25:00,0001477932-24-000315,0001675634,"SHIFTPIXY, INC.",0099
696,http://www.sec.gov/Archives/edgar/data/1442492/000119983524000042/lrdc-10q.htm,DQC.US.0099.9533,US GAAP 2023,10-Q,2024-01-22,2024-01-22 15:40:00,0001199835-24-000042,0001442492,"Laredo Oil, Inc.",0099
697,http://www.sec.gov/Archives/edgar/data/1435812/000151597124000011/arem10k063023.htm,DQC.US.0099.9533,US GAAP 2023,10-K/A,2024-01-22,2024-01-22 08:21:00,0001515971-24-000011,0001435812,Arem Pacific Corporation,0099
698,http://www.sec.gov/Archives/edgar/data/91668/000165495424000774/sodi_10q.htm,DQC.US.0099.9533,US GAAP 2023,10-Q,2024-01-19,2024-01-19 17:14:00,0001654954-24-000774,0000091668,"SOLITRON DEVICES, INC.",0099
699,http://www.sec.gov/Archives/edgar/data/1502152/000116169724000049/form_10-k.htm,DQC.US.0099.9533,US GAAP 2023,10-K,2024-01-19,2024-01-19 17:13:00,0001161697-24-000049,0001502152,GlobeStar Therapeutics Corp,0099
700,http://www.sec.gov/Archives/edgar/data/1411168/000137647424000042/dug-20231231.htm,DQC.US.0099.9533,US GAAP 2023,10-K,2024-01-18,2024-01-18 10:39:00,0001376474-24-000042,0001411168,Dutch Oven Gold Group Inc.,0099
701,http://www.sec.gov/Archives/edgar/data/1411168/000137647424000041/dug-20230930.htm,DQC.US.0099.9533,US GAAP 2023,10-Q,2024-01-18,2024-01-18 10:36:00,0001376474-24-000041,0001411168,Dutch Oven Gold Group Inc.,0099
702,http://www.sec.gov/Archives/edgar/data/772263/000139390524000018/nich-20231130.htm,DQC.US.0099.9533,US GAAP 2023,10-Q,2024-01-18,2024-01-17 18:55:00,0001393905-24-000018,0000772263,NITCHES INC.,0099
703,http://www.sec.gov/Archives/edgar/data/925661/000109690624000067/seci-20231231.htm,DQC.US.0099.9533,US GAAP 2023,10-Q,2024-01-17,2024-01-17 13:28:00,0001096906-24-000067,0000925661,"SECTOR 10, Inc.",0099
704,http://www.sec.gov/Archives/edgar/data/1288750/000165495424000665/tlrs_10ka.htm,DQC.US.0099.9533,US GAAP 2023,10-K/A,2024-01-17,2024-01-17 12:38:00,0001654954-24-000665,0001288750,TIMBERLINE RESOURCES CORPORATION,0099
705,http://www.sec.gov/Archives/edgar/data/1683131/000160706224000030/forz063023form10k.htm,DQC.US.0099.9533,US GAAP 2022,10-K,2024-01-17,2024-01-17 10:33:00,0001607062-24-000030,0001683131,"FORZA INNOVATIONS, INC.",0099
706,http://www.sec.gov/Archives/edgar/data/1853044/000182912624000227/aeriestech_s1a.htm,DQC.US.0099.9533,US GAAP 2023,S-1/A,2024-01-17,2024-01-16 21:58:00,0001829126-24-000227,0001853044,"Aeries Technology, Inc.",0099
707,http://www.sec.gov/Archives/edgar/data/1417926/000149315224002505/forms-4.htm,DQC.US.0099.9533,US GAAP 2023,S-4,2024-01-16,2024-01-16 17:29:00,0001493152-24-002505,0001417926,"NAYA BIOSCIENCES, INC.",0099
708,http://www.sec.gov/Archives/edgar/data/1493712/000139390524000014/cmxc-20231130.htm,DQC.US.0099.9533,US GAAP 2023,10-Q,2024-01-16,2024-01-16 17:01:00,0001393905-24-000014,0001493712,STIMCELL ENERGETICS INC.,0099
709,http://www.sec.gov/Archives/edgar/data/1497649/000190359624000016/gstx_10k.htm,DQC.US.0099.9533,US GAAP 2023,10-K,2024-01-16,2024-01-16 17:00:00,0001903596-24-000016,0001497649,GRAPHENE & SOLAR TECHNOLOGIES LTD,0099
710,http://www.sec.gov/Archives/edgar/data/1504678/000165495424000626/loop_10q.htm,DQC.US.0099.9533,US GAAP 2023,10-Q,2024-01-16,2024-01-16 16:11:00,0001654954-24-000626,0001504678,"Loop Industries, Inc.",0099
711,http://www.sec.gov/Archives/edgar/data/1498148/000116169724000035/form_10-q.htm,DQC.US.0099.9533,US GAAP 2023,10-Q,2024-01-16,2024-01-16 15:59:00,0001161697-24-000035,0001498148,ARTIFICIAL     INTELLIGENCE TECHNOLOGY SOLUTIONS INC.,0099
712,http://www.sec.gov/Archives/edgar/data/1575295/000147793224000188/alid_10q.htm,DQC.US.0099.9533,US GAAP 2023,10-Q,2024-01-16,2024-01-16 15:41:00,0001477932-24-000188,0001575295,Allied Corp.,0099
713,http://www.sec.gov/Archives/edgar/data/1605331/000166357724000009/abqq10q_113023.htm,DQC.US.0099.9533,US GAAP 2023,10-Q,2024-01-16,2024-01-16 14:45:00,0001663577-24-000009,0001605331,AB International Group Corp.,0099
714,http://www.sec.gov/Archives/edgar/data/1647822/000149315224002374/form10-q.htm,DQC.US.0099.9533,US GAAP 2023,10-Q,2024-01-16,2024-01-16 11:47:00,0001493152-24-002374,0001647822,"Jingbo Technology, Inc.",0099
715,http://www.sec.gov/Archives/edgar/data/895665/000149315224002270/form10-q.htm,DQC.US.0099.9533,US GAAP 2023,10-Q,2024-01-16,2024-01-12 17:41:00,0001493152-24-002270,0000895665,"CLEARDAY, INC.",0099
716,http://www.sec.gov/Archives/edgar/data/1383088/000147793224000156/cyca_10k.htm,DQC.US.0099.9533,US GAAP 2023,10-K,2024-01-12,2024-01-12 16:30:00,0001477932-24-000156,0001383088,CYTTA CORP.,0099
717,http://www.sec.gov/Archives/edgar/data/1680132/000139390524000008/csui-20231130.htm,DQC.US.0099.9533,US GAAP 2023,10-Q,2024-01-12,2024-01-12 15:50:00,0001393905-24-000008,0001680132,CANNABIS SUISSE CORP.,0099
718,http://www.sec.gov/Archives/edgar/data/1464865/000147793224000145/accredited_10q.htm,DQC.US.0099.9533,US GAAP 2023,10-Q,2024-01-12,2024-01-12 12:35:00,0001477932-24-000145,0001464865,"Accredited Solutions, Inc.",0099
719,http://www.sec.gov/Archives/edgar/data/1468978/000147793224000134/sitsf_10q.htm,DQC.US.0099.9533,US GAAP 2023,10-Q,2024-01-11,2024-01-11 17:03:00,0001477932-24-000134,0001468978,"SOUTHERN ITS INTERNATIONAL, INC.",0099
720,http://www.sec.gov/Archives/edgar/data/1522222/000118518524000064/cls20231130_10q.htm,DQC.US.0099.9533,US GAAP 2023,10-Q,2024-01-11,2024-01-11 16:01:00,0001185185-24-000064,0001522222,"CLS HOLDINGS USA, INC.",0099
721,http://www.sec.gov/Archives/edgar/data/1346022/000106299324000789/form10q.htm,DQC.US.0099.9533,US GAAP 2023,10-Q,2024-01-11,2024-01-11 15:38:00,0001062993-24-000789,0001346022,ENERTOPIA CORP.,0099
722,http://www.sec.gov/Archives/edgar/data/1977837/000197783724000003/alixo_10q30112023.htm,DQC.US.0099.9533,US GAAP 2023,10-Q,2024-01-10,2024-01-10 08:16:00,0001977837-24-000003,0001977837,ALIXO-YOLLOO CORP.,0099
723,http://www.sec.gov/Archives/edgar/data/1850391/000121465924000453/wtb17241s1a7.htm,DQC.US.0099.9533,US GAAP 2023,S-1/A,2024-01-09,2024-01-09 09:55:00,0001214659-24-000453,0001850391,WISDOMTREE BITCOIN FUND,0099
724,http://www.sec.gov/Archives/edgar/data/1850391/000121465924000371/wtbs1a6.htm,DQC.US.0099.9533,US GAAP 2023,S-1/A,2024-01-08,2024-01-08 06:03:00,0001214659-24-000371,0001850391,WISDOMTREE BITCOIN FUND,0099
725,http://www.sec.gov/Archives/edgar/data/1836875/000121390024001647/fs12024_nuvve.htm,DQC.US.0099.9533,US GAAP 2023,S-1,2024-01-08,2024-01-05 18:05:00,0001213900-24-001647,0001836875,NUVVE HOLDING CORP.,0099
726,http://www.sec.gov/Archives/edgar/data/1840317/000121390024001598/fs42023_plumacq1.htm,DQC.US.0099.9533,US GAAP 2023,S-4,2024-01-08,2024-01-05 17:12:00,0001213900-24-001598,0001840317,VEEA INC.,0099
727,http://www.sec.gov/Archives/edgar/data/1634293/000159991624000027/exceed_10k23o.htm,DQC.US.0099.9533,US GAAP 2023,10-K,2024-01-08,2024-01-05 15:49:00,0001599916-24-000027,0001634293,"Exceed World, Inc.",0099
728,http://www.sec.gov/Archives/edgar/data/1440153/000109690624000019/bkhu-20230731.htm,DQC.US.0099.9533,US GAAP 2023,10-K,2024-01-08,2024-01-05 14:36:00,0001096906-24-000019,0001440153,"Bakhu Holdings, Corp.",0099
729,http://www.sec.gov/Archives/edgar/data/23217/000143774924000605/cag20231126_10q.htm,DQC.US.0099.9533,US GAAP 2023,10-Q,2024-01-08,2024-01-04 16:30:00,0001437749-24-000605,0000023217,"CONAGRA BRANDS, INC.",0099
730,http://www.sec.gov/Archives/edgar/data/6845/000000684524000004/apog-20231125.htm,DQC.US.0099.9533,US GAAP 2023,10-Q,2024-01-03,2024-01-03 14:24:00,0000006845-24-000004,0000006845,"APOGEE ENTERPRISES, INC.",0099
731,http://www.sec.gov/Archives/edgar/data/1884072/000119983523000643/jewl-10q.htm,DQC.US.0099.9533,US GAAP 2023,10-Q,2023-12-29,2023-12-29 17:30:00,0001199835-23-000643,0001884072,ADAMAS ONE CORP.,0099
732,http://www.sec.gov/Archives/edgar/data/1787412/000159991623000295/wbba10k_23f.htm,DQC.US.0099.9533,US GAAP 2023,10-K,2023-12-29,2023-12-29 17:09:00,0001599916-23-000295,0001787412,"WB Burgers Asia, Inc.",0099
733,http://www.sec.gov/Archives/edgar/data/1787803/000149315223046613/ex99-1.htm,DQC.US.0099.9533,US GAAP 2023,6-K,2023-12-29,2023-12-29 17:00:00,0001493152-23-046613,0001787803,Meiwu Technology Co Ltd,0099
734,http://www.sec.gov/Archives/edgar/data/1396536/000155335023000476/duos_s1.htm,DQC.US.0099.9533,US GAAP 2023,S-1,2023-12-29,2023-12-29 16:31:00,0001553350-23-000476,0001396536,"Duos Technologies Group, Inc.",0099
735,http://www.sec.gov/Archives/edgar/data/1485029/000109690623002468/nahd-20230930.htm,DQC.US.0099.9533,US GAAP 2023,10-Q,2023-12-29,2023-12-29 11:42:00,0001096906-23-002468,0001485029,"NEW ASIA HOLDINGS, INC.",0099
736,http://www.sec.gov/Archives/edgar/data/831378/000147793223009405/lvpa_10ka.htm,DQC.US.0099.9533,US GAAP 2023,10-K/A,2023-12-29,2023-12-29 10:55:00,0001477932-23-009405,0000831378,LVPAI GROUP LIMITED,0099
737,http://www.sec.gov/Archives/edgar/data/1846809/000175392623001659/g083904_s4a.htm,DQC.US.0099.9533,US GAAP 2023,S-4/A,2023-12-29,2023-12-29 10:51:00,0001753926-23-001659,0001846809,OceanTech Acquisitions I Corp.,0099
738,http://www.sec.gov/Archives/edgar/data/1653876/000182912623008291/momentous_10kt.htm,DQC.US.0099.9533,US GAAP 2023,10-KT,2023-12-29,2023-12-29 09:30:00,0001829126-23-008291,0001653876,MOMENTOUS HOLDINGS CORPORATION,0099
739,http://www.sec.gov/Archives/edgar/data/1769256/000121390023099327/f20fr12b2023_fljgroup.htm,DQC.US.0099.9533,US GAAP 2023,20FR12B,2023-12-29,2023-12-28 18:30:00,0001213900-23-099327,0001769256,XChange TEC.INC,0099
740,http://www.sec.gov/Archives/edgar/data/1862463/000121390023098988/fs42023_insightacq.htm,DQC.US.0099.9533,US GAAP 2023,S-4,2023-12-28,2023-12-27 18:52:00,0001213900-23-098988,0001862463,Insight Acquisition Corp. /DE,0099
741,http://www.sec.gov/Archives/edgar/data/1636051/000118518523001351/fusegroup20230930_10k.htm,DQC.US.0099.9533,US GAAP 2023,10-K,2023-12-27,2023-12-27 17:01:00,0001185185-23-001351,0001636051,FUSE GROUP HOLDING INC,0099
742,http://www.sec.gov/Archives/edgar/data/1551887/000139390523000419/dusyf-20230731.htm,DQC.US.0099.9533,US GAAP 2023,10-Q,2023-12-27,2023-12-27 14:20:00,0001393905-23-000419,0001551887,DUESENBERG TECHNOLOGIES INC.,0099
743,http://www.sec.gov/Archives/edgar/data/1722380/000121390023098624/f20f2023_metadata.htm,DQC.US.0099.9533,US GAAP 2023,20-F,2023-12-26,2023-12-26 16:31:00,0001213900-23-098624,0001722380,Meta Data Limited,0099
744,http://www.sec.gov/Archives/edgar/data/1429393/000147793223009324/tkls_10q.htm,DQC.US.0099.9533,US GAAP 2023,10-Q,2023-12-22,2023-12-22 17:21:00,0001477932-23-009324,0001429393,"Trutankless, Inc.",0099
745,http://www.sec.gov/Archives/edgar/data/1936756/000119983523000625/nbh-forms_1a.htm,DQC.US.0099.9533,US GAAP 2023,S-1/A,2023-12-22,2023-12-22 14:15:00,0001199835-23-000625,0001936756,"NEXT BRIDGE HYDROCARBONS, INC.",0099
746,http://www.sec.gov/Archives/edgar/data/1468978/000147793223009311/sitsf_10q.htm,DQC.US.0099.9533,US GAAP 2023,10-Q,2023-12-22,2023-12-22 12:46:00,0001477932-23-009311,0001468978,"SOUTHERN ITS INTERNATIONAL, INC.",0099
747,http://www.sec.gov/Archives/edgar/data/1285543/000147793223009298/zrfy_10q.htm,DQC.US.0099.9533,US GAAP 2023,10-Q,2023-12-22,2023-12-22 06:02:00,0001477932-23-009298,0001285543,"ZERIFY, INC.",0099
748,http://www.sec.gov/Archives/edgar/data/1703625/000119983523000621/blis-10q.htm,DQC.US.0099.9533,US GAAP 2023,10-Q/A,2023-12-21,2023-12-21 17:02:00,0001199835-23-000621,0001703625,"NAPC Defense, Inc.",0099
749,http://www.sec.gov/Archives/edgar/data/1716621/000165495423015882/vtak_10q.htm,DQC.US.0099.9533,US GAAP 2023,10-Q,2023-12-21,2023-12-21 16:30:00,0001654954-23-015882,0001716621,"Catheter Precision, Inc.",0099
750,http://www.sec.gov/Archives/edgar/data/1846809/000175392623001615/g083877_s4a.htm,DQC.US.0099.9533,US GAAP 2023,S-4/A,2023-12-21,2023-12-20 21:47:00,0001753926-23-001615,0001846809,OceanTech Acquisitions I Corp.,0099
751,http://www.sec.gov/Archives/edgar/data/794170/000079417023000066/tol-20231031.htm,DQC.US.0099.9533,US GAAP 2023,10-K,2023-12-21,2023-12-20 21:14:00,0000794170-23-000066,0000794170,"Toll Brothers, Inc.",0099
752,http://www.sec.gov/Archives/edgar/data/1853044/000182912623008142/aeriestech_s1.htm,DQC.US.0099.9533,US GAAP 2023,S-1,2023-12-20,2023-12-20 17:09:00,0001829126-23-008142,0001853044,"Aeries Technology, Inc.",0099
753,http://www.sec.gov/Archives/edgar/data/1715611/000164033423002332/bmmj_10q.htm,DQC.US.0099.9533,US GAAP 2023,10-Q,2023-12-20,2023-12-20 17:01:00,0001640334-23-002332,0001715611,BODY AND MIND INC.,0099
754,http://www.sec.gov/Archives/edgar/data/1374881/000147793223009244/king_10k.htm,DQC.US.0099.9533,US GAAP 2023,10-K,2023-12-20,2023-12-20 10:36:00,0001477932-23-009244,0001374881,Kingfish Holding Corporation,0099
755,http://www.sec.gov/Archives/edgar/data/1468978/000147793223009238/sitsf_10q.htm,DQC.US.0099.9533,US GAAP 2023,10-Q,2023-12-19,2023-12-19 14:50:00,0001477932-23-009238,0001468978,"SOUTHERN ITS INTERNATIONAL, INC.",0099
756,http://www.sec.gov/Archives/edgar/data/1673475/000164033423002319/gpox_10q.htm,DQC.US.0099.9533,US GAAP 2023,10-Q,2023-12-19,2023-12-19 06:02:00,0001640334-23-002319,0001673475,"GPO PLUS, INC.",0099
757,http://www.sec.gov/Archives/edgar/data/357294/000143774923034783/hov20231031_10k.htm,DQC.US.0099.9533,US GAAP 2023,10-K,2023-12-18,2023-12-18 17:26:00,0001437749-23-034783,0000357294,"HOVNANIAN ENTERPRISES, INC.",0099
758,http://www.sec.gov/Archives/edgar/data/1880249/000159991623000280/psgi10q124o.htm,DQC.US.0099.9533,US GAAP 2023,10-Q,2023-12-18,2023-12-18 10:53:00,0001599916-23-000280,0001880249,"WeCapital Holdings, Inc.",0099
759,http://www.sec.gov/Archives/edgar/data/1108645/000147793223009185/cipi_s1a.htm,DQC.US.0099.9533,US GAAP 2023,S-1/A,2023-12-18,2023-12-15 19:17:00,0001477932-23-009185,0001108645,CORRELATE ENERGY CORP.,0099
760,http://www.sec.gov/Archives/edgar/data/1391426/000190359623000952/clvn_s1a.htm,DQC.US.0099.9533,US GAAP 2022,S-1/A,2023-12-15,2023-12-15 16:57:00,0001903596-23-000952,0001391426,CLEAN VISION CORPORATION,0099
761,http://www.sec.gov/Archives/edgar/data/1696025/000147793223009179/kcrd_10q.htm,DQC.US.0099.9533,US GAAP 2023,10-Q,2023-12-15,2023-12-15 16:47:00,0001477932-23-009179,0001696025,"KINDCARD, INC.",0099
762,http://www.sec.gov/Archives/edgar/data/1512886/000116169723000627/form_10-q.htm,DQC.US.0099.9533,US GAAP 2023,10-Q,2023-12-15,2023-12-15 16:15:00,0001161697-23-000627,0001512886,NEUTRA CORP.,0099
763,http://www.sec.gov/Archives/edgar/data/748268/000155479523000369/rcat1215form10q.htm,DQC.US.0099.9533,US GAAP 2023,10-Q,2023-12-15,2023-12-15 16:07:00,0001554795-23-000369,0000748268,"Red Cat Holdings, Inc.",0099
764,http://www.sec.gov/Archives/edgar/data/1585149/000149315223044949/form10-ka.htm,DQC.US.0099.9533,US GAAP 2023,10-K/A,2023-12-15,2023-12-15 06:04:00,0001493152-23-044949,0001585149,Dengfeng Group Ltd,0099
765,http://www.sec.gov/Archives/edgar/data/1490054/000109690623002376/vbhi-20231031.htm,DQC.US.0099.9533,US GAAP 2023,10-Q,2023-12-15,2023-12-14 21:18:00,0001096906-23-002376,0001490054,"VERDE BIO HOLDINGS, INC.",0099
766,http://www.sec.gov/Archives/edgar/data/1575295/000147793223009148/alid_10k.htm,DQC.US.0099.9533,US GAAP 2023,10-K,2023-12-14,2023-12-14 16:59:00,0001477932-23-009148,0001575295,Allied Corp.,0099
767,http://www.sec.gov/Archives/edgar/data/1350593/000135059323000060/mwa-20230930.htm,DQC.US.0099.9533,US GAAP 2023,10-K,2023-12-14,2023-12-14 14:39:00,0001350593-23-000060,0001350593,"MUELLER WATER PRODUCTS, INC.",0099
768,http://www.sec.gov/Archives/edgar/data/1585149/000149315223044752/form10-qa.htm,DQC.US.0099.9533,US GAAP 2023,10-Q/A,2023-12-14,2023-12-13 17:19:00,0001493152-23-044752,0001585149,Dengfeng Group Ltd,0099
769,http://www.sec.gov/Archives/edgar/data/1585149/000149315223044753/form10-qa.htm,DQC.US.0099.9533,US GAAP 2023,10-Q/A,2023-12-14,2023-12-13 17:19:00,0001493152-23-044753,0001585149,Dengfeng Group Ltd,0099
770,http://www.sec.gov/Archives/edgar/data/1585149/000149315223044751/form10qa.htm,DQC.US.0099.9533,US GAAP 2023,10-Q/A,2023-12-14,2023-12-13 17:18:00,0001493152-23-044751,0001585149,Dengfeng Group Ltd,0099
771,http://www.sec.gov/Archives/edgar/data/1585149/000149315223044748/form10-qa.htm,DQC.US.0099.9533,US GAAP 2023,10-Q/A,2023-12-14,2023-12-13 17:17:00,0001493152-23-044748,0001585149,Dengfeng Group Ltd,0099
772,http://www.sec.gov/Archives/edgar/data/1585149/000149315223044749/form10-qa.htm,DQC.US.0099.9533,US GAAP 2023,10-Q/A,2023-12-14,2023-12-13 17:17:00,0001493152-23-044749,0001585149,Dengfeng Group Ltd,0099
773,http://www.sec.gov/Archives/edgar/data/1585149/000149315223044746/form10-qa.htm,DQC.US.0099.9533,US GAAP 2023,10-Q/A,2023-12-14,2023-12-13 17:16:00,0001493152-23-044746,0001585149,Dengfeng Group Ltd,0099
774,http://www.sec.gov/Archives/edgar/data/1585149/000149315223044747/form10-qa.htm,DQC.US.0099.9533,US GAAP 2023,10-Q/A,2023-12-14,2023-12-13 17:16:00,0001493152-23-044747,0001585149,Dengfeng Group Ltd,0099
775,http://www.sec.gov/Archives/edgar/data/1585149/000149315223044743/form10-ka.htm,DQC.US.0099.9533,US GAAP 2023,10-K/A,2023-12-14,2023-12-13 17:15:00,0001493152-23-044743,0001585149,Dengfeng Group Ltd,0099
776,http://www.sec.gov/Archives/edgar/data/1681769/000152013823000544/ccyc-20231031_10q.htm,DQC.US.0099.9533,US GAAP 2023,10-Q,2023-12-14,2023-12-13 16:44:00,0001520138-23-000544,0001681769,BRILLIANT N.E.V. CORP.,0099
777,http://www.sec.gov/Archives/edgar/data/1346610/000121390023095383/ea189960-6ka1_soslimited.htm,DQC.US.0099.9533,US GAAP 2023,6-K/A,2023-12-14,2023-12-13 16:05:00,0001213900-23-095383,0001346610,SOS Limited,0099
778,http://www.sec.gov/Archives/edgar/data/802257/000118518523001290/mitesco20230630_10q.htm,DQC.US.0099.9533,US GAAP 2023,10-Q,2023-12-14,2023-12-13 15:53:00,0001185185-23-001290,0000802257,"MITESCO, INC",0099
779,http://www.sec.gov/Archives/edgar/data/1414382/000147793223009114/clev_10q.htm,DQC.US.0099.9533,US GAAP 2023,10-Q,2023-12-14,2023-12-13 15:04:00,0001477932-23-009114,0001414382,"Concrete Leveling Systems, Inc.",0099
780,http://www.sec.gov/Archives/edgar/data/793171/000149315223044572/forms-1a.htm,DQC.US.0099.9533,US GAAP 2023,S-1/A,2023-12-13,2023-12-12 16:51:00,0001493152-23-044572,0000793171,"VITRO BIOPHARMA, INC.",0099
781,http://www.sec.gov/Archives/edgar/data/1616741/000161674123000042/pati10k23.htm,DQC.US.0099.9533,US GAAP 2023,10-K,2023-12-13,2023-12-12 15:49:00,0001616741-23-000042,0001616741,"PATRIOT
TRANSPORTATION HOLDING, INC.",0099
782,http://www.sec.gov/Archives/edgar/data/1973047/000197304723000019/marky_10q31oct23.htm,DQC.US.0099.9533,US GAAP 2023,10-Q,2023-12-12,2023-12-12 09:17:00,0001973047-23-000019,0001973047,MARKY CORP.,0099
783,http://www.sec.gov/Archives/edgar/data/74046/000007404623000080/odc-20231031.htm,DQC.US.0099.9533,US GAAP 2022,10-Q,2023-12-11,2023-12-11 16:12:00,0000074046-23-000080,0000074046,OIL-DRI CORPORATION OF AMERICA,0099
784,http://www.sec.gov/Archives/edgar/data/915358/000091535823000016/sgma-20231031x10q.htm,DQC.US.0099.9533,US GAAP 2023,10-Q,2023-12-11,2023-12-11 12:50:00,0000915358-23-000016,0000915358,"SIGMATRON INTERNATIONAL, INC.",0099
785,http://www.sec.gov/Archives/edgar/data/1722556/000155889123000068/gofr-20230831.htm,DQC.US.0099.9533,US GAAP 2023,10-Q,2023-12-11,2023-12-11 12:34:00,0001558891-23-000068,0001722556,BestGofer Inc.,0099
786,http://www.sec.gov/Archives/edgar/data/1722556/000155889123000066/gofr-20230531.htm,DQC.US.0099.9533,US GAAP 2023,10-Q,2023-12-11,2023-12-11 12:26:00,0001558891-23-000066,0001722556,BestGofer Inc.,0099
787,http://www.sec.gov/Archives/edgar/data/1877788/000187778823000041/cstf-10q.htm,DQC.US.0099.9533,US GAAP 2023,10-Q,2023-12-08,2023-12-08 16:50:00,0001877788-23-000041,0001877788,CuraScientific Corp.,0099
788,http://www.sec.gov/Archives/edgar/data/1848672/000109690623002346/gdlg-20231031.htm,DQC.US.0099.9533,US GAAP 2023,10-Q,2023-12-08,2023-12-08 16:25:00,0001096906-23-002346,0001848672,GLIDELOGIC CORP.,0099
789,http://www.sec.gov/Archives/edgar/data/1811530/000159991623000271/nxmh10q224f.htm,DQC.US.0099.9533,US GAAP 2023,10-Q,2023-12-08,2023-12-08 15:57:00,0001599916-23-000271,0001811530,"Next Meats Holdings, Inc.",0099
790,http://www.sec.gov/Archives/edgar/data/1490873/000147793223009044/essi_10q.htm,DQC.US.0099.9533,US GAAP 2023,10-Q,2023-12-08,2023-12-08 15:33:00,0001477932-23-009044,0001490873,ECO SCIENCE SOLUTIONS INC.,0099
791,http://www.sec.gov/Archives/edgar/data/1721056/000147793223009040/hosu_10k.htm,DQC.US.0099.9533,US GAAP 2023,10-K,2023-12-08,2023-12-08 14:36:00,0001477932-23-009040,0001721056,HOOPS SCOUTING USA,0099
792,http://www.sec.gov/Archives/edgar/data/1624140/000101738623000407/jmkj_2023sept30-10k.htm,DQC.US.0099.9533,US GAAP 2023,10-K,2023-12-08,2023-12-08 14:10:00,0001017386-23-000407,0001624140,"CORETAG, INC.",0099
793,http://www.sec.gov/Archives/edgar/data/1849058/000121390023094217/fs42023a1_cloverleaf.htm,DQC.US.0099.9533,US GAAP 2023,S-4/A,2023-12-08,2023-12-08 09:11:00,0001213900-23-094217,0001849058,Clover Leaf Capital Corp.,0099
794,http://www.sec.gov/Archives/edgar/data/1193311/000119312523291200/d564719ds4.htm,DQC.US.0099.9533,US GAAP 2023,S-4,2023-12-08,2023-12-08 07:26:00,0001193125-23-291200,0001193311,Oncor Electric Delivery Company LLC,0099
795,http://www.sec.gov/Archives/edgar/data/772263/000139390523000404/nich-20230831.htm,DQC.US.0099.9533,US GAAP 2023,10-K,2023-12-07,2023-12-07 17:25:00,0001393905-23-000404,0000772263,NITCHES INC.,0099
796,http://www.sec.gov/Archives/edgar/data/1634117/000163411723000076/bned-20231028.htm,DQC.US.0099.9533,US GAAP 2023,10-Q,2023-12-07,2023-12-07 16:37:00,0001634117-23-000076,0001634117,"BARNES & NOBLE EDUCATION, INC.",0099
797,http://www.sec.gov/Archives/edgar/data/1891791/000189179123000008/tggi_20230930.htm,DQC.US.0099.9533,US GAAP 2023,10-Q,2023-12-05,2023-12-05 12:49:00,0001891791-23-000008,0001891791,Trans Global Group Inc.,0099
798,http://www.sec.gov/Archives/edgar/data/1885849/000188584923000021/tflm_10q31oct23.htm,DQC.US.0099.9533,US GAAP 2023,10-Q,2023-12-05,2023-12-05 09:29:00,0001885849-23-000021,0001885849,TOFLA MEGALINE INC.,0099
799,http://www.sec.gov/Archives/edgar/data/744187/000093041323002522/c107294_10q-ixbrl.htm,DQC.US.0099.9533,US GAAP 2023,10-Q,2023-12-04,2023-12-04 14:49:00,0000930413-23-002522,0000744187,REX AMERICAN RESOURCES CORPORATION,0099
800,http://www.sec.gov/Archives/edgar/data/1855474/000121390023092352/fs42023a3_poweranddig2.htm,DQC.US.0099.9533,US GAAP 2023,S-4/A,2023-12-04,2023-12-04 08:54:00,0001213900-23-092352,0001855474,AIRJOULE TECHNOLOGIES CORPORATION,0099
801,http://www.sec.gov/Archives/edgar/data/1949864/000194986423000029/mag10q_31102023.htm,DQC.US.0099.9533,US GAAP 2023,10-Q,2023-12-04,2023-12-04 07:37:00,0001949864-23-000029,0001949864,MAG MAGNA CORP,0099
802,http://www.sec.gov/Archives/edgar/data/1108645/000147793223008912/cipi_s1a.htm,DQC.US.0099.9533,US GAAP 2023,S-1/A,2023-12-01,2023-12-01 17:05:00,0001477932-23-008912,0001108645,CORRELATE ENERGY CORP.,0099
803,http://www.sec.gov/Archives/edgar/data/1936756/000119983523000590/nbh-forms_1.htm,DQC.US.0099.9533,US GAAP 2023,S-1/A,2023-12-01,2023-12-01 16:19:00,0001199835-23-000590,0001936756,"NEXT BRIDGE HYDROCARBONS, INC.",0099
804,http://www.sec.gov/Archives/edgar/data/1429393/000147793223008904/tkls_10q.htm,DQC.US.0099.9533,US GAAP 2023,10-Q,2023-12-01,2023-12-01 15:11:00,0001477932-23-008904,0001429393,"Trutankless, Inc.",0099
805,http://www.sec.gov/Archives/edgar/data/1854816/000147793223008901/mine_10q.htm,DQC.US.0099.9533,US GAAP 2023,10-Q/A,2023-12-01,2023-12-01 14:27:00,0001477932-23-008901,0001854816,MINERVA GOLD INC.,0099
806,http://www.sec.gov/Archives/edgar/data/1854816/000147793223008899/mine_10k.htm,DQC.US.0099.9533,US GAAP 2023,10-K/A,2023-12-01,2023-12-01 14:23:00,0001477932-23-008899,0001854816,MINERVA GOLD INC.,0099
807,http://www.sec.gov/Archives/edgar/data/1443611/000147793223008883/sing_s1a.htm,DQC.US.0099.9533,US GAAP 2023,S-1/A,2023-12-01,2023-11-30 20:12:00,0001477932-23-008883,0001443611,Singlepoint Inc.,0099
808,http://www.sec.gov/Archives/edgar/data/1888846/000159991623000265/ultimate_10q124o.htm,DQC.US.0099.9533,US GAAP 2023,10-Q,2023-11-30,2023-11-30 11:26:00,0001599916-23-000265,0001888846,"Ultimate Holdings GROUP, Inc.",0099
809,http://www.sec.gov/Archives/edgar/data/1714367/000168316823008551/sigmar_i10q-033123.htm,DQC.US.0099.9533,US GAAP 2023,10-Q,2023-11-30,2023-11-29 20:04:00,0001683168-23-008551,0001714367,SIGMARENOPRO INC.,0099
810,http://www.sec.gov/Archives/edgar/data/1605331/000166357723000552/abqq10k_083123.htm,DQC.US.0099.9533,US GAAP 2023,10-K,2023-11-29,2023-11-29 15:35:00,0001663577-23-000552,0001605331,AB International Group Corp.,0099
811,http://www.sec.gov/Archives/edgar/data/1498372/000139390523000391/iwal-20230930.htm,DQC.US.0099.9533,US GAAP 2023,10-Q/A,2023-11-29,2023-11-29 14:57:00,0001393905-23-000391,0001498372,iWALLET CORP,0099
812,http://www.sec.gov/Archives/edgar/data/1960262/000190359623000928/ludg_10q.htm,DQC.US.0099.9533,US GAAP 2022,10-Q,2023-11-28,2023-11-28 11:24:00,0001903596-23-000928,0001960262,"Ludwig Enterprises, Inc.",0099
813,http://www.sec.gov/Archives/edgar/data/1936804/000121390023090249/ea189024-f1a2_suncartech.htm,DQC.US.0099.9533,US GAAP 2023,F-1/A,2023-11-27,2023-11-27 16:51:00,0001213900-23-090249,0001936804,SunCar Technology Group Inc.,0099
814,http://www.sec.gov/Archives/edgar/data/1072725/000107272523000043/gdrzfform6kex991112723.htm,DQC.US.0099.9533,US GAAP 2023,6-K,2023-11-27,2023-11-27 15:59:00,0001072725-23-000043,0001072725,GOLD RESERVE LTD.,0099
815,http://www.sec.gov/Archives/edgar/data/831378/000147793223008786/lvpa_10q.htm,DQC.US.0099.9533,US GAAP 2023,10-Q,2023-11-24,2023-11-24 15:42:00,0001477932-23-008786,0000831378,LVPAI GROUP LIMITED,0099
816,http://www.sec.gov/Archives/edgar/data/1706509/000121390023089616/f10q0923_cosmos.htm,DQC.US.0099.9533,US GAAP 2023,10-Q,2023-11-22,2023-11-22 16:33:00,0001213900-23-089616,0001706509,COSMOS GROUP HOLDINGS INC.,0099
817,http://www.sec.gov/Archives/edgar/data/1970129/000164033423002231/leg_10q.htm,DQC.US.0099.9533,US GAAP 2023,10-Q,2023-11-22,2023-11-22 06:18:00,0001640334-23-002231,0001970129,"LEGEND SPICES, INC.",0099
818,http://www.sec.gov/Archives/edgar/data/1106213/000119983523000582/sfrx-10q.htm,DQC.US.0099.9533,US GAAP 2023,10-Q/A,2023-11-22,2023-11-21 17:56:00,0001199835-23-000582,0001106213,SEAFARER EXPLORATION CORP.,0099
819,http://www.sec.gov/Archives/edgar/data/39911/000003991123000132/gps-20231028.htm,DQC.US.0099.9533,US GAAP 2023,10-Q,2023-11-21,2023-11-21 13:05:00,0000039911-23-000132,0000039911,"GAP, INC",0099
820,http://www.sec.gov/Archives/edgar/data/1442999/000166357723000546/abti10q093023.htm,DQC.US.0099.9533,US GAAP 2023,10-Q,2023-11-21,2023-11-21 10:24:00,0001663577-23-000546,0001442999,"Alterola Biotech, Inc.",0099
821,http://www.sec.gov/Archives/edgar/data/1498372/000139390523000383/iwal-20230930.htm,DQC.US.0099.9533,US GAAP 2023,10-Q,2023-11-21,2023-11-20 17:34:00,0001393905-23-000383,0001498372,iWALLET CORP,0099
822,http://www.sec.gov/Archives/edgar/data/1393781/000121390023088845/f10q0923_qualityindust.htm,DQC.US.0099.9533,US GAAP 2023,10-Q,2023-11-21,2023-11-20 17:29:00,0001213900-23-088845,0001393781,Quality Industrial Corp.,0099
823,http://www.sec.gov/Archives/edgar/data/1849902/000175392623001505/g086850_10q.htm,DQC.US.0099.9533,US GAAP 2023,10-Q,2023-11-21,2023-11-20 17:28:00,0001753926-23-001505,0001849902,SEP ACQUISITION CORP.,0099
824,http://www.sec.gov/Archives/edgar/data/1530746/000190359623000916/kays_10q.htm,DQC.US.0099.9533,US GAAP 2022,10-Q,2023-11-21,2023-11-20 17:25:00,0001903596-23-000916,0001530746,"KAYA HOLDINGS, INC.",0099
825,http://www.sec.gov/Archives/edgar/data/1348362/000164033423002227/lxrp_10k.htm,DQC.US.0099.9533,US GAAP 2023,10-K,2023-11-20,2023-11-20 17:16:00,0001640334-23-002227,0001348362,Lexaria Bioscience Corp,0099
826,http://www.sec.gov/Archives/edgar/data/1906133/000147793223008705/icct_10q.htm,DQC.US.0099.9533,US GAAP 2023,10-Q,2023-11-21,2023-11-20 17:00:00,0001477932-23-008705,0001906133,iCoreConnect Inc.,0099
827,http://www.sec.gov/Archives/edgar/data/896493/000121465923015389/aa11823010q.htm,DQC.US.0099.9533,US GAAP 2023,10-Q,2023-11-20,2023-11-20 16:57:00,0001214659-23-015389,0000896493,"HYPERSCALE DATA, INC.",0099
828,http://www.sec.gov/Archives/edgar/data/792935/000190359623000912/grst_10q.htm,DQC.US.0099.9533,US GAAP 2022,10-Q,2023-11-21,2023-11-20 16:55:00,0001903596-23-000912,0000792935,ETHEMA HEALTH CORPORATION.,0099
829,http://www.sec.gov/Archives/edgar/data/1441082/000147793223008701/thcc_10q.htm,DQC.US.0099.9533,US GAAP 2023,10-Q,2023-11-20,2023-11-20 16:51:00,0001477932-23-008701,0001441082,THE HEALING COMPANY INC.,0099
830,http://www.sec.gov/Archives/edgar/data/1394108/000155479523000348/suic1115form10q.htm,DQC.US.0099.9533,US GAAP 2023,10-Q,2023-11-20,2023-11-20 16:31:00,0001554795-23-000348,0001394108,SUIC     WORLDWIDE HOLDINGS LTD.,0099
831,http://www.sec.gov/Archives/edgar/data/1514946/000109690623002238/axim_10q.htm,DQC.US.0099.9533,US GAAP 2023,10-Q,2023-11-20,2023-11-20 16:29:00,0001096906-23-002238,0001514946,"AXIM BIOTECHNOLOGIES, INC.",0099
832,http://www.sec.gov/Archives/edgar/data/1434740/000147793223008694/rngr_10qa.htm,DQC.US.0099.9533,US GAAP 2023,10-Q/A,2023-11-20,2023-11-20 16:27:00,0001477932-23-008694,0001434740,RANGER GOLD CORP.,0099
833,http://www.sec.gov/Archives/edgar/data/1853580/000182912623007597/perceptioncapital3_10q.htm,DQC.US.0099.9533,US GAAP 2023,10-Q,2023-11-20,2023-11-20 16:27:00,0001829126-23-007597,0001853580,PERCEPTION CAPITAL CORP. III,0099
834,http://www.sec.gov/Archives/edgar/data/1922331/000182912623007595/globalstaracq_10q.htm,DQC.US.0099.9533,US GAAP 2023,10-Q,2023-11-20,2023-11-20 16:15:00,0001829126-23-007595,0001922331,GLOBAL STAR ACQUISITION INC.,0099
835,http://www.sec.gov/Archives/edgar/data/723533/000101738623000399/lwlw_2023sept30-10q.htm,DQC.US.0099.9533,US GAAP 2023,10-Q,2023-11-20,2023-11-20 16:06:00,0001017386-23-000399,0000723533,Longwen Group Corp.,0099
836,http://www.sec.gov/Archives/edgar/data/1376804/000182912623007593/vnueinc_10q.htm,DQC.US.0099.9533,US GAAP 2022,10-Q,2023-11-20,2023-11-20 16:05:00,0001829126-23-007593,0001376804,"VNUE, INC.",0099
837,http://www.sec.gov/Archives/edgar/data/1741257/000173112223002172/e5238_10q.htm,DQC.US.0099.9533,US GAAP 2023,10-Q,2023-11-20,2023-11-20 16:01:00,0001731122-23-002172,0001741257,"BANGFU TECHNOLOGY GROUP CO., LTD.",0099
838,http://www.sec.gov/Archives/edgar/data/845819/000151597123000158/ktel10q093023.htm,DQC.US.0099.9533,US GAAP 2023,10-Q,2023-11-20,2023-11-20 16:00:00,0001515971-23-000158,0000845819,"KonaTel, Inc.",0099
839,http://www.sec.gov/Archives/edgar/data/1409999/000147793223008686/bbbt_10q.htm,DQC.US.0099.9533,US GAAP 2023,10-Q,2023-11-20,2023-11-20 15:55:00,0001477932-23-008686,0001409999,"Black Bird Biotech, Inc.",0099
840,http://www.sec.gov/Archives/edgar/data/1301991/000182912623007588/smartmetric_10q.htm,DQC.US.0099.9533,US GAAP 2023,10-Q,2023-11-20,2023-11-20 15:30:00,0001829126-23-007588,0001301991,"SMARTMETRIC, INC.",0099
841,http://www.sec.gov/Archives/edgar/data/1803977/000149315223042021/form10-q.htm,DQC.US.0099.9533,US GAAP 2023,10-Q,2023-11-20,2023-11-20 12:47:00,0001493152-23-042021,0001803977,LIMITLESS X HOLDINGS INC.,0099
842,http://www.sec.gov/Archives/edgar/data/867038/000101738623000396/sog_2023sept30-10q.htm,DQC.US.0099.9533,US GAAP 2023,10-Q,2023-11-20,2023-11-20 12:40:00,0001017386-23-000396,0000867038,SPINDLETOP OIL & GAS CO.,0099
843,http://www.sec.gov/Archives/edgar/data/1543652/000109690623002225/fflo-20230930.htm,DQC.US.0099.9533,US GAAP 2023,10-Q,2023-11-20,2023-11-20 10:28:00,0001096906-23-002225,0001543652,Free Flow USA Inc.,0099
844,http://www.sec.gov/Archives/edgar/data/1864032/000121465923015357/adtc11823010q.htm,DQC.US.0099.9533,US GAAP 2023,10-Q,2023-11-20,2023-11-17 17:40:00,0001214659-23-015357,0001864032,Ault Disruptive Technologies Corporation,0099
845,http://www.sec.gov/Archives/edgar/data/1431074/000139390523000380/brgo-20230930.htm,DQC.US.0099.9533,US GAAP 2023,10-Q,2023-11-17,2023-11-17 16:53:00,0001393905-23-000380,0001431074,"BERGIO INTERNATIONAL, INC.",0099
846,http://www.sec.gov/Archives/edgar/data/1811109/000160706223000518/auvi093023form10q.htm,DQC.US.0099.9533,US GAAP 2022,10-Q,2023-11-17,2023-11-17 16:34:00,0001607062-23-000518,0001811109,"APPLIED UV, INC.",0099
847,http://www.sec.gov/Archives/edgar/data/1740797/000174079723000081/avai10q_sep2023.htm,DQC.US.0099.9533,US GAAP 2023,10-Q,2023-11-17,2023-11-17 16:28:00,0001740797-23-000081,0001740797,AVANT TECHNOLOGIES INC.,0099
848,http://www.sec.gov/Archives/edgar/data/1084133/000126493123000066/real10q32023.htm,DQC.US.0099.9533,US GAAP 2023,10-Q,2023-11-17,2023-11-17 16:25:00,0001264931-23-000066,0001084133,REAL BRANDS INC.,0099
849,http://www.sec.gov/Archives/edgar/data/1936804/000121390023088338/ea188038-f1a1_suncartech.htm,DQC.US.0099.9533,US GAAP 2023,F-1/A,2023-11-17,2023-11-17 16:21:00,0001213900-23-088338,0001936804,SunCar Technology Group Inc.,0099
850,http://www.sec.gov/Archives/edgar/data/1846809/000175392623001497/g083861_10q.htm,DQC.US.0099.9533,US GAAP 2023,10-Q,2023-11-17,2023-11-17 16:16:00,0001753926-23-001497,0001846809,OceanTech Acquisitions I Corp.,0099
851,http://www.sec.gov/Archives/edgar/data/1911545/000121390023088311/f10q0923_hanryuhold.htm,DQC.US.0099.9533,US GAAP 2023,10-Q,2023-11-17,2023-11-17 16:01:00,0001213900-23-088311,0001911545,"GLOBAL INTERACTIVE TECHNOLOGIES, INC.",0099
852,http://www.sec.gov/Archives/edgar/data/1346655/000101738623000378/cmgo_2023sept30-10qa.htm,DQC.US.0099.9533,US GAAP 2022,10-Q/A,2023-11-17,2023-11-17 09:59:00,0001017386-23-000378,0001346655,"CMG HOLDINGS GROUP, INC.",0099
853,http://www.sec.gov/Archives/edgar/data/1765048/000176504823000015/gcgj_1020230930.htm,DQC.US.0099.9533,US GAAP 2023,10-Q,2023-11-17,2023-11-17 09:57:00,0001765048-23-000015,0001765048,GUOCHUN                                             INTERNATIONAL INC.,0099
854,http://www.sec.gov/Archives/edgar/data/1342936/000137647423000499/avoi-20230930.htm,DQC.US.0099.9533,US GAAP 2023,10-Q,2023-11-16,2023-11-16 15:39:00,0001376474-23-000499,0001342936,"Rivulet Entertainment, Inc.",0099
855,http://www.sec.gov/Archives/edgar/data/1594204/000121465923015264/x11623010q.htm,DQC.US.0099.9533,US GAAP 2023,10-Q,2023-11-16,2023-11-16 15:01:00,0001214659-23-015264,0001594204,ZHEN DING RESOURCES INC.,0099
856,http://www.sec.gov/Archives/edgar/data/1888740/000119983523000577/lseb-10q.htm,DQC.US.0099.9533,US GAAP 2023,10-Q,2023-11-16,2023-11-16 13:51:00,0001199835-23-000577,0001888740,LSEB CREATIVE CORP.,0099
857,http://www.sec.gov/Archives/edgar/data/1696195/000147793223008560/knit_10k.htm,DQC.US.0099.9533,US GAAP 2023,10-K,2023-11-16,2023-11-16 13:34:00,0001477932-23-008560,0001696195,Kinetic Group Inc.,0099
858,http://www.sec.gov/Archives/edgar/data/1434737/000109690623002211/srsg-20230930.htm,DQC.US.0099.9533,US GAAP 2023,10-Q,2023-11-16,2023-11-16 13:27:00,0001096906-23-002211,0001434737,"SPIRITS TIME INTERNATIONAL, INC.",0099
859,http://www.sec.gov/Archives/edgar/data/1793497/000121390023087514/f10q0923_vstrust.htm,DQC.US.0099.9533,US GAAP 2023,10-Q,2023-11-15,2023-11-15 15:40:00,0001213900-23-087514,0001793497,VS Trust,0099
860,http://www.sec.gov/Archives/edgar/data/1265521/000166357723000542/trfe10q093023.htm,DQC.US.0099.9533,US GAAP 2023,10-Q,2023-11-15,2023-11-15 15:18:00,0001663577-23-000542,0001265521,"Polomar Health Services, Inc.",0099
861,http://www.sec.gov/Archives/edgar/data/894556/000164033423002165/general_10q.htm,DQC.US.0099.9533,US GAAP 2023,10-Q,2023-11-15,2023-11-15 13:32:00,0001640334-23-002165,0000894556,"General Enterprise Ventures, Inc.",0099
862,http://www.sec.gov/Archives/edgar/data/1417664/000121465923015207/ve11723410q.htm,DQC.US.0099.9533,US GAAP 2023,10-Q,2023-11-15,2023-11-15 13:22:00,0001214659-23-015207,0001417664,"Value Exchange International, Inc.",0099
863,http://www.sec.gov/Archives/edgar/data/1871890/000190359623000892/form10k_galaxy.htm,DQC.US.0099.9533,US GAAP 2023,10-K,2023-11-15,2023-11-15 11:10:00,0001903596-23-000892,0001871890,GALAXY ENTERPRISES INC.,0099
864,http://www.sec.gov/Archives/edgar/data/1085277/000166357723000536/skvi10q093023.htm,DQC.US.0099.9533,US GAAP 2023,10-Q,2023-11-15,2023-11-14 21:14:00,0001663577-23-000536,0001085277,"Skinvisible, Inc.",0099
865,http://www.sec.gov/Archives/edgar/data/1329606/000149315223041332/form10-q.htm,DQC.US.0099.9533,US GAAP 2023,10-Q,2023-11-15,2023-11-14 17:27:00,0001493152-23-041332,0001329606,"CLEAN ENERGY TECHNOLOGIES, INC.",0099
866,http://www.sec.gov/Archives/edgar/data/1820875/000182912623007447/cxappinc_10q.htm,DQC.US.0099.9533,US GAAP 2023,10-Q,2023-11-15,2023-11-14 17:26:00,0001829126-23-007447,0001820875,CXApp Inc.,0099
867,http://www.sec.gov/Archives/edgar/data/810509/000143774923032052/navb20230930_10q.htm,DQC.US.0099.9533,US GAAP 2023,10-Q,2023-11-15,2023-11-14 17:21:00,0001437749-23-032052,0000810509,"NAVIDEA BIOPHARMACEUTICALS, INC.",0099
868,http://www.sec.gov/Archives/edgar/data/1937987/000121390023087097/f10q0923_falcons.htm,DQC.US.0099.9533,US GAAP 2023,10-Q,2023-11-15,2023-11-14 17:19:00,0001213900-23-087097,0001937987,"FALCON’S BEYOND GLOBAL, INC.",0099
869,http://www.sec.gov/Archives/edgar/data/1416090/000109690623002194/form_10q.htm,DQC.US.0099.9533,US GAAP 2023,10-Q,2023-11-15,2023-11-14 17:09:00,0001096906-23-002194,0001416090,Inception Mining Inc.,0099
870,http://www.sec.gov/Archives/edgar/data/1807887/000165495423014375/laser_10q.htm,DQC.US.0099.9533,US GAAP 2022,10-Q,2023-11-15,2023-11-14 17:01:00,0001654954-23-014375,0001807887,Laser     Photonics Corporation,0099
871,http://www.sec.gov/Archives/edgar/data/1527728/000173112223002120/e5207_10q.htm,DQC.US.0099.9533,US GAAP 2023,10-Q,2023-11-15,2023-11-14 17:00:00,0001731122-23-002120,0001527728,RENOVARO INC.,0099
872,http://www.sec.gov/Archives/edgar/data/1617765/000106299323020819/form10q.htm,DQC.US.0099.9533,US GAAP 2023,10-Q,2023-11-15,2023-11-14 17:00:00,0001062993-23-020819,0001617765,"Evome Medical Technologies, Inc.",0099
873,http://www.sec.gov/Archives/edgar/data/1401521/000140152123000139/acic-20230930.htm,DQC.US.0099.9533,US GAAP 2023,10-Q,2023-11-15,2023-11-14 16:56:00,0001401521-23-000139,0001401521,American Coastal Insurance Corporation,0099
874,http://www.sec.gov/Archives/edgar/data/1391426/000190359623000888/clnv_10q.htm,DQC.US.0099.9533,US GAAP 2022,10-Q,2023-11-15,2023-11-14 16:54:00,0001903596-23-000888,0001391426,CLEAN VISION CORPORATION,0099
875,http://www.sec.gov/Archives/edgar/data/1460702/000149315223041230/form10-q.htm,DQC.US.0099.9533,US GAAP 2023,10-Q,2023-11-15,2023-11-14 16:54:00,0001493152-23-041230,0001460702,"Qualigen
Therapeutics, Inc.",0099
876,http://www.sec.gov/Archives/edgar/data/1853044/000182912623007441/aeriestech_10q.htm,DQC.US.0099.9533,US GAAP 2023,10-Q,2023-11-15,2023-11-14 16:52:00,0001829126-23-007441,0001853044,"Aeries Technology, Inc.",0099
877,http://www.sec.gov/Archives/edgar/data/894560/000109690623002192/both-20230930.htm,DQC.US.0099.9533,US GAAP 2023,10-Q,2023-11-15,2023-11-14 16:52:00,0001096906-23-002192,0000894560,"BIOETHICS, LTD.",0099
878,http://www.sec.gov/Archives/edgar/data/61004/000143774923032026/lglg20230930_10q.htm,DQC.US.0099.9533,US GAAP 2023,10-Q,2023-11-15,2023-11-14 16:46:00,0001437749-23-032026,0000061004,"THE LGL GROUP, INC.",0099
879,http://www.sec.gov/Archives/edgar/data/1856161/000182912623007436/pearlholdings_10q.htm,DQC.US.0099.9533,US GAAP 2023,10-Q,2023-11-15,2023-11-14 16:31:00,0001829126-23-007436,0001856161,PEARL HOLDINGS ACQUISITION CORP,0099
880,http://www.sec.gov/Archives/edgar/data/1017655/000143774923031999/payd20230930_10q.htm,DQC.US.0099.9533,US GAAP 2023,10-Q,2023-11-15,2023-11-14 16:30:00,0001437749-23-031999,0001017655,"PAID, Inc.",0099
881,http://www.sec.gov/Archives/edgar/data/1141284/000121390023087004/f10q0923_actelisnet.htm,DQC.US.0099.9533,US GAAP 2023,10-Q,2023-11-15,2023-11-14 16:30:00,0001213900-23-087004,0001141284,"Actelis Networks, Inc.",0099
882,http://www.sec.gov/Archives/edgar/data/1349706/000121465923015148/im11823010q.htm,DQC.US.0099.9533,US GAAP 2023,10-Q,2023-11-15,2023-11-14 16:30:00,0001214659-23-015148,0001349706,"TURNONGREEN, INC.",0099
883,http://www.sec.gov/Archives/edgar/data/1570937/000155479523000343/atao1114form10q.htm,DQC.US.0099.9533,US GAAP 2023,10-Q,2023-11-15,2023-11-14 16:30:00,0001554795-23-000343,0001570937,Altair International Corp.,0099
884,http://www.sec.gov/Archives/edgar/data/1936756/000119983523000572/nbh-10q.htm,DQC.US.0099.9533,US GAAP 2023,10-Q,2023-11-15,2023-11-14 16:29:00,0001199835-23-000572,0001936756,"NEXT BRIDGE HYDROCARBONS, INC.",0099
885,http://www.sec.gov/Archives/edgar/data/1876945/000165495423014364/glfc_10q.htm,DQC.US.0099.9533,US GAAP 2023,10-Q,2023-11-15,2023-11-14 16:21:00,0001654954-23-014364,0001876945,Gold Flora Corporation,0099
886,http://www.sec.gov/Archives/edgar/data/1495231/000149523123000219/izea-20230930.htm,DQC.US.0099.9533,US GAAP 2023,10-Q,2023-11-15,2023-11-14 16:19:00,0001495231-23-000219,0001495231,"IZEA WORLDWIDE, INC.",0099
887,http://www.sec.gov/Archives/edgar/data/1702924/000143774923031987/wrap20230930_10q.htm,DQC.US.0099.9533,US GAAP 2023,10-Q,2023-11-15,2023-11-14 16:19:00,0001437749-23-031987,0001702924,"WRAP TECHNOLOGIES, INC.",0099
888,http://www.sec.gov/Archives/edgar/data/1846975/000182912623007429/sdcledge_10q.htm,DQC.US.0099.9533,US GAAP 2023,10-Q,2023-11-15,2023-11-14 16:16:00,0001829126-23-007429,0001846975,SDCL EDGE Acquisition Corporation,0099
889,http://www.sec.gov/Archives/edgar/data/1865111/000182912623007428/alphastaracq_10q.htm,DQC.US.0099.9533,US GAAP 2023,10-Q,2023-11-15,2023-11-14 16:16:00,0001829126-23-007428,0001865111,ALPHA STAR ACQUISITION CORPORATION,0099
890,http://www.sec.gov/Archives/edgar/data/1961/000126493123000060/wdddq32023.htm,DQC.US.0099.9533,US GAAP 2023,10-Q,2023-11-15,2023-11-14 16:16:00,0001264931-23-000060,0000001961,WORLDS INC.,0099
891,http://www.sec.gov/Archives/edgar/data/1134765/000143774923031976/chuc20230930_10q.htm,DQC.US.0099.9533,US GAAP 2023,10-Q,2023-11-15,2023-11-14 16:15:00,0001437749-23-031976,0001134765,"Charlie's Holdings, Inc.",0099
892,http://www.sec.gov/Archives/edgar/data/1610940/000121390023086962/f10q0923_etfmanagers1.htm,DQC.US.0099.9533,US GAAP 2023,10-Q,2023-11-15,2023-11-14 16:15:00,0001213900-23-086962,0001610940,Amplify Commodity Trust,0099
893,http://www.sec.gov/Archives/edgar/data/1978528/000182912623007424/quettaacquisition_10q.htm,DQC.US.0099.9533,US GAAP 2023,10-Q,2023-11-15,2023-11-14 16:15:00,0001829126-23-007424,0001978528,Quetta Acquisition Corporation,0099
894,http://www.sec.gov/Archives/edgar/data/1860879/000182912623007421/rigelresources_10q.htm,DQC.US.0099.9533,US GAAP 2023,10-Q,2023-11-15,2023-11-14 16:13:00,0001829126-23-007421,0001860879,Rigel Resource Acquisition Corp,0099
895,http://www.sec.gov/Archives/edgar/data/1352952/000109690623002186/cnfn-20230930.htm,DQC.US.0099.9533,US GAAP 2023,10-Q,2023-11-15,2023-11-14 16:09:00,0001096906-23-002186,0001352952,CFN ENTERPRISES INC.,0099
896,http://www.sec.gov/Archives/edgar/data/1681682/000165495423014357/ndra_10q.htm,DQC.US.0099.9533,US GAAP 2022,10-Q,2023-11-15,2023-11-14 16:07:00,0001654954-23-014357,0001681682,ENDRA Life Sciences Inc.,0099
897,http://www.sec.gov/Archives/edgar/data/1393772/000119983523000570/budz-10q.htm,DQC.US.0099.9533,US GAAP 2023,10-Q,2023-11-15,2023-11-14 16:06:00,0001199835-23-000570,0001393772,"WEED, INC.",0099
898,http://www.sec.gov/Archives/edgar/data/1857910/000159991623000260/drfs_q224o.htm,DQC.US.0099.9533,US GAAP 2023,10-Q,2023-11-15,2023-11-14 16:06:00,0001599916-23-000260,0001857910,"Japan Food Tech Holdings, Inc.",0099
899,http://www.sec.gov/Archives/edgar/data/1034760/000165495423014354/wyy_10q.htm,DQC.US.0099.9533,US GAAP 2023,10-Q,2023-11-15,2023-11-14 16:02:00,0001654954-23-014354,0001034760,WidePoint Corporation,0099
900,http://www.sec.gov/Archives/edgar/data/1346655/000101738623000364/cmgo_2023sept30-10q.htm,DQC.US.0099.9533,US GAAP 2022,10-Q,2023-11-15,2023-11-14 16:02:00,0001017386-23-000364,0001346655,"CMG HOLDINGS GROUP, INC.",0099
901,http://www.sec.gov/Archives/edgar/data/838875/000119983523000568/wvvi-10q.htm,DQC.US.0099.9533,US GAAP 2023,10-Q,2023-11-15,2023-11-14 16:02:00,0001199835-23-000568,0000838875,"WILLAMETTE VALLEY VINEYARDS, INC.",0099
902,http://www.sec.gov/Archives/edgar/data/1507957/000143774923031954/ipwr20230630_10q.htm,DQC.US.0099.9533,US GAAP 2023,10-Q,2023-11-15,2023-11-14 16:01:00,0001437749-23-031954,0001507957,IDEAL POWER INC.,0099
903,http://www.sec.gov/Archives/edgar/data/1902794/000165495423014352/mgol_10q.htm,DQC.US.0099.9533,US GAAP 2023,10-Q,2023-11-15,2023-11-14 16:01:00,0001654954-23-014352,0001902794,MGO GLOBAL INC.,0099
904,http://www.sec.gov/Archives/edgar/data/1905956/000121390023086880/f10q0923_treasureglobal.htm,DQC.US.0099.9533,US GAAP 2023,10-Q,2023-11-15,2023-11-14 16:00:00,0001213900-23-086880,0001905956,TREASURE GLOBAL INC,0099
905,http://www.sec.gov/Archives/edgar/data/1113313/000160706223000499/avni093023form10q.htm,DQC.US.0099.9533,US GAAP 2022,10-Q,2023-11-15,2023-11-14 15:58:00,0001607062-23-000499,0001113313,ARVANA INC.,0099
906,http://www.sec.gov/Archives/edgar/data/1874138/000159991623000255/shgi_q111023.htm,DQC.US.0099.9533,US GAAP 2023,10-Q,2023-11-15,2023-11-14 15:41:00,0001599916-23-000255,0001874138,"Sparx     Holdings Group, Inc.",0099
907,http://www.sec.gov/Archives/edgar/data/1560672/000156067223000083/earn-20230930.htm,DQC.US.0099.9533,US GAAP 2023,10-Q,2023-11-15,2023-11-14 15:29:00,0001560672-23-000083,0001560672,Ellington Credit Company,0099
908,http://www.sec.gov/Archives/edgar/data/1854526/000147793223008433/brql_10q.htm,DQC.US.0099.9533,US GAAP 2023,10-Q,2023-11-15,2023-11-14 15:25:00,0001477932-23-008433,0001854526,"brooqLy, Inc.",0099
909,http://www.sec.gov/Archives/edgar/data/768216/000118518523001192/coyni20230930_10q.htm,DQC.US.0099.9533,US GAAP 2023,10-Q,2023-11-15,2023-11-14 15:24:00,0001185185-23-001192,0000768216,"COYNI, INC.",0099
910,http://www.sec.gov/Archives/edgar/data/1681769/000152013823000494/brilliantnevcorp_10k.htm,DQC.US.0099.9533,US GAAP 2023,10-K,2023-11-15,2023-11-14 15:08:00,0001520138-23-000494,0001681769,BRILLIANT N.E.V. CORP.,0099
911,http://www.sec.gov/Archives/edgar/data/1643301/000147793223008419/avrw_10q.htm,DQC.US.0099.9533,US GAAP 2023,10-Q,2023-11-15,2023-11-14 15:01:00,0001477932-23-008419,0001643301,"AVENIR WELLNESS SOLUTIONS, INC.",0099
912,http://www.sec.gov/Archives/edgar/data/773318/000160706223000497/vrtc093023form10q.htm,DQC.US.0099.9533,US GAAP 2022,10-Q,2023-11-15,2023-11-14 14:56:00,0001607062-23-000497,0000773318,"VERITEC, INC.",0099
913,http://www.sec.gov/Archives/edgar/data/1652539/000106299323020761/form10q.htm,DQC.US.0099.9533,US GAAP 2023,10-Q,2023-11-15,2023-11-14 13:55:00,0001062993-23-020761,0001652539,SUSGLOBAL ENERGY CORP.,0099
914,http://www.sec.gov/Archives/edgar/data/1435812/000151597123000150/arem10q093023.htm,DQC.US.0099.9533,US GAAP 2023,10-Q,2023-11-15,2023-11-14 13:30:00,0001515971-23-000150,0001435812,Arem Pacific Corporation,0099
915,http://www.sec.gov/Archives/edgar/data/1163389/000190359623000884/nwpp_10q.htm,DQC.US.0099.9533,US GAAP 2022,10-Q,2023-11-15,2023-11-14 13:29:00,0001903596-23-000884,0001163389,"NEW PEOPLES BANKSHARES, INC.",0099
916,http://www.sec.gov/Archives/edgar/data/1495584/000139834423020671/fp0085762-2_10qixbrl.htm,DQC.US.0099.9533,US GAAP 2023,10-Q,2023-11-15,2023-11-14 13:15:00,0001398344-23-020671,0001495584,"Firsthand Technology Value Fund, Inc.",0099
917,http://www.sec.gov/Archives/edgar/data/1138867/000153949723001911/n3220_x21-10q.htm,DQC.US.0099.9533,US GAAP 2023,10-Q,2023-11-15,2023-11-14 13:08:00,0001539497-23-001911,0001138867,"EESTech, Inc",0099
918,http://www.sec.gov/Archives/edgar/data/1351901/000165495423014304/cigf6_10q.htm,DQC.US.0099.9533,US GAAP 2023,10-Q,2023-11-15,2023-11-14 13:07:00,0001654954-23-014304,0001351901,COMMONWEALTH INCOME & GROWTH FUND VI,0099
919,http://www.sec.gov/Archives/edgar/data/1766526/000118518523001188/tectonic20230930_10q.htm,DQC.US.0099.9533,US GAAP 2023,10-Q,2023-11-14,2023-11-14 13:01:00,0001185185-23-001188,0001766526,"Tectonic Financial, Inc.",0099
920,http://www.sec.gov/Archives/edgar/data/1138476/000118518523001187/pacifichco20230930_10q.htm,DQC.US.0099.9533,US GAAP 2023,10-Q,2023-11-14,2023-11-14 12:58:00,0001185185-23-001187,0001138476,"PACIFIC HEALTH CARE ORGANIZATION, INC.",0099
921,http://www.sec.gov/Archives/edgar/data/944075/000094407523000087/q3_2023.htm,DQC.US.0099.9533,US GAAP 2023,10-Q,2023-11-14,2023-11-14 12:55:00,0000944075-23-000087,0000944075,"SOCKET
MOBILE, INC.",0099
922,http://www.sec.gov/Archives/edgar/data/945617/000190359623000879/ammj_10q.htm,DQC.US.0099.9533,US GAAP 2022,10-Q,2023-11-14,2023-11-14 12:27:00,0001903596-23-000879,0000945617,"AMERICAN CANNABIS COMPANY, INC.",0099
923,http://www.sec.gov/Archives/edgar/data/1527702/000166357723000520/iqst10q093023.htm,DQC.US.0099.9533,US GAAP 2023,10-Q,2023-11-14,2023-11-14 12:12:00,0001663577-23-000520,0001527702,iQSTEL Inc.,0099
924,http://www.sec.gov/Archives/edgar/data/1016178/000101617823000022/carv-20230930.htm,DQC.US.0099.9533,US GAAP 2023,10-Q,2023-11-14,2023-11-14 12:01:00,0001016178-23-000022,0001016178,"CARVER BANCORP, INC.",0099
925,http://www.sec.gov/Archives/edgar/data/814926/000190359623000875/capc_10q.htm,DQC.US.0099.9533,US GAAP 2023,10-Q,2023-11-14,2023-11-14 11:55:00,0001903596-23-000875,0000814926,"CAPSTONE COMPANIES, INC.",0099
926,http://www.sec.gov/Archives/edgar/data/1730732/000147793223008381/3forces_10q.htm,DQC.US.0099.9533,US GAAP 2023,10-Q,2023-11-14,2023-11-14 11:46:00,0001477932-23-008381,0001730732,3FORCES INC.,0099
927,http://www.sec.gov/Archives/edgar/data/1431567/000143774923031833/ovly20230930_10q.htm,DQC.US.0099.9533,US GAAP 2023,10-Q,2023-11-14,2023-11-14 11:39:00,0001437749-23-031833,0001431567,OAK VALLEY BANCORP,0099
928,http://www.sec.gov/Archives/edgar/data/1443863/000147793223008379/bicx_10q.htm,DQC.US.0099.9533,US GAAP 2023,10-Q,2023-11-14,2023-11-14 11:37:00,0001477932-23-008379,0001443863,BioCorRx Inc.,0099
929,http://www.sec.gov/Archives/edgar/data/66496/000119312523276793/d566724d10q.htm,DQC.US.0099.9533,US GAAP 2023,10-Q,2023-11-14,2023-11-14 11:28:00,0001193125-23-276793,0000066496,MILLS MUSIC TRUST,0099
930,http://www.sec.gov/Archives/edgar/data/1415332/000164033423002135/ltum_10q.htm,DQC.US.0099.9533,US GAAP 2023,10-Q,2023-11-14,2023-11-14 11:18:00,0001640334-23-002135,0001415332,LITHIUM CORPORATION,0099
931,http://www.sec.gov/Archives/edgar/data/1848861/000147793223008368/haia_10q.htm,DQC.US.0099.9533,US GAAP 2023,10-Q,2023-11-14,2023-11-14 11:06:00,0001477932-23-008368,0001848861,HEALTHCARE AI ACQUISITION CORP.,0099
932,http://www.sec.gov/Archives/edgar/data/1641751/000164175123000019/bbrw-10q.htm,DQC.US.0099.9533,US GAAP 2023,10-Q,2023-11-14,2023-11-14 10:20:00,0001641751-23-000019,0001641751,BrewBilt Manufacturing Inc.,0099
933,http://www.sec.gov/Archives/edgar/data/740806/000165495423014253/fmbm_10q.htm,DQC.US.0099.9533,US GAAP 2023,10-Q,2023-11-14,2023-11-14 09:36:00,0001654954-23-014253,0000740806,F&M BANK CORP.,0099
934,http://www.sec.gov/Archives/edgar/data/1959585/000182912623007373/protopia_10q.htm,DQC.US.0099.9533,US GAAP 2023,10-Q,2023-11-14,2023-11-14 09:21:00,0001829126-23-007373,0001959585,Protopia Global Holdings Inc.,0099
935,http://www.sec.gov/Archives/edgar/data/896494/000117891323003658/exhibit_99-1.htm,DQC.US.0099.9533,US GAAP 2023,6-K,2023-11-14,2023-11-14 07:01:00,0001178913-23-003658,0000896494,Senstar Technologies Ltd.,0099
936,http://www.sec.gov/Archives/edgar/data/1347242/000175392623001484/g083836_10q.htm,DQC.US.0099.9533,US GAAP 2023,10-Q,2023-11-14,2023-11-14 06:14:00,0001753926-23-001484,0001347242,Lipella Pharmaceuticals Inc.,0099
937,http://www.sec.gov/Archives/edgar/data/1880441/000182912623007361/batteryfuture_10q.htm,DQC.US.0099.9533,US GAAP 2023,10-Q,2023-11-14,2023-11-13 21:56:00,0001829126-23-007361,0001880441,Battery Future Acquisition Corp.,0099
938,http://www.sec.gov/Archives/edgar/data/1715611/000164033423002116/bmmj_10k.htm,DQC.US.0099.9533,US GAAP 2023,10-K,2023-11-14,2023-11-13 20:33:00,0001640334-23-002116,0001715611,BODY AND MIND INC.,0099
939,http://www.sec.gov/Archives/edgar/data/38777/000003877723000169/ben-20230930.htm,DQC.US.0099.9533,US GAAP 2023,10-K,2023-11-14,2023-11-13 18:13:00,0000038777-23-000169,0000038777,"FRANKLIN RESOURCES, INC.",0099
940,http://www.sec.gov/Archives/edgar/data/1672886/000107997323001563/zhongyuan_f1a.htm,DQC.US.0099.9533,US GAAP 2023,F-1/A,2023-11-14,2023-11-13 17:26:00,0001079973-23-001563,0001672886,ZHONG YUAN BIO-TECHNOLOGY HOLDINGS LIMITED,0099
941,http://www.sec.gov/Archives/edgar/data/730669/000147793223008306/fccc_10q.htm,DQC.US.0099.9533,US GAAP 2023,10-Q,2023-11-14,2023-11-13 17:19:00,0001477932-23-008306,0000730669,"FCCC, INC.",0099
942,http://www.sec.gov/Archives/edgar/data/1419275/000118518523001176/ryvyl20230930_10q.htm,DQC.US.0099.9533,US GAAP 2023,10-Q,2023-11-14,2023-11-13 17:01:00,0001185185-23-001176,0001419275,RYVYL INC.,0099
943,http://www.sec.gov/Archives/edgar/data/1868640/000095017023063100/rdzn-20230930.htm,DQC.US.0099.9533,US GAAP 2023,10-Q,2023-11-14,2023-11-13 17:00:00,0000950170-23-063100,0001868640,ROADZEN INC.,0099
944,http://www.sec.gov/Archives/edgar/data/1324759/000149315223040587/form10-q.htm,DQC.US.0099.9533,US GAAP 2023,10-Q,2023-11-14,2023-11-13 16:52:00,0001493152-23-040587,0001324759,HONG YUAN HOLDING GROUP,0099
945,http://www.sec.gov/Archives/edgar/data/1266806/000175392623001474/g083825_10q.htm,DQC.US.0099.9533,US GAAP 2023,10-Q,2023-11-14,2023-11-13 16:31:00,0001753926-23-001474,0001266806,"Vivani Medical, Inc.",0099
946,http://www.sec.gov/Archives/edgar/data/1468910/000182912623007324/millburnmulti_10q.htm,DQC.US.0099.9533,US GAAP 2023,10-Q,2023-11-14,2023-11-13 16:31:00,0001829126-23-007324,0001468910,MILLBURN MULTI-MARKETS FUND L.P.,0099
947,http://www.sec.gov/Archives/edgar/data/1862068/000182912623007323/rubicontech_10q.htm,DQC.US.0099.9533,US GAAP 2023,10-Q,2023-11-14,2023-11-13 16:31:00,0001829126-23-007323,0001862068,"Rubicon Technologies, Inc.",0099
948,http://www.sec.gov/Archives/edgar/data/34956/000165495423014168/tenx_10q.htm,DQC.US.0099.9533,US GAAP 2023,10-Q,2023-11-14,2023-11-13 16:31:00,0001654954-23-014168,0000034956,"Tenax Therapeutics, Inc.",0099
949,http://www.sec.gov/Archives/edgar/data/1444839/000109181823000186/brvo20230930.htm,DQC.US.0099.9533,US GAAP 2023,10-Q,2023-11-14,2023-11-13 16:15:00,0001091818-23-000186,0001444839,BRAVO MULTINATIONAL INCORPORATED,0099
950,http://www.sec.gov/Archives/edgar/data/1830081/000121390023086112/f10q0923_rumbleinc.htm,DQC.US.0099.9533,US GAAP 2023,10-Q,2023-11-14,2023-11-13 16:08:00,0001213900-23-086112,0001830081,Rumble Inc.,0099
951,http://www.sec.gov/Archives/edgar/data/1025561/000149315223040479/form10-q.htm,DQC.US.0099.9533,US GAAP 2023,10-Q,2023-11-14,2023-11-13 16:06:00,0001493152-23-040479,0001025561,SHARPLINK GAMING LTD.,0099
952,http://www.sec.gov/Archives/edgar/data/1512228/000153949723001892/n2574_x170-10q.htm,DQC.US.0099.9533,US GAAP 2022,10-Q,2023-11-14,2023-11-13 16:06:00,0001539497-23-001892,0001512228,NioCorp Developments Ltd.,0099
953,http://www.sec.gov/Archives/edgar/data/1575142/000164033423002105/bdpt_10q.htm,DQC.US.0099.9533,US GAAP 2023,10-Q,2023-11-14,2023-11-13 16:06:00,0001640334-23-002105,0001575142,"BIOADAPTIVES, INC.",0099
954,http://www.sec.gov/Archives/edgar/data/80172/000143774923031605/npk20230912_10q.htm,DQC.US.0099.9533,US GAAP 2023,10-Q,2023-11-14,2023-11-13 16:02:00,0001437749-23-031605,0000080172,NATIONAL PRESTO INDUSTRIES INC,0099
955,http://www.sec.gov/Archives/edgar/data/1422892/000121390023086072/f10q0923_singularity.htm,DQC.US.0099.9533,US GAAP 2023,10-Q,2023-11-14,2023-11-13 16:01:00,0001213900-23-086072,0001422892,SINGULARITY FUTURE TECHNOLOGY LTD.,0099
956,http://www.sec.gov/Archives/edgar/data/1319643/000119983523000556/lsmg-10q.htm,DQC.US.0099.9533,US GAAP 2023,10-Q,2023-11-14,2023-11-13 15:50:00,0001199835-23-000556,0001319643,LODE-STAR MINING INC.,0099
957,http://www.sec.gov/Archives/edgar/data/1399306/000139930623000030/brbl-10q.htm,DQC.US.0099.9533,US GAAP 2023,10-Q,2023-11-14,2023-11-13 15:40:00,0001399306-23-000030,0001399306,BREWBILT BREWING COMPANY,0099
958,http://www.sec.gov/Archives/edgar/data/924515/000147793223008286/gthp_10q.htm,DQC.US.0099.9533,US GAAP 2023,10-Q,2023-11-14,2023-11-13 15:28:00,0001477932-23-008286,0000924515,"GUIDED THERAPEUTICS, INC.",0099
959,http://www.sec.gov/Archives/edgar/data/1556727/000143774923031577/fnwb20230930_10q.htm,DQC.US.0099.9533,US GAAP 2023,10-Q,2023-11-14,2023-11-13 15:27:00,0001437749-23-031577,0001556727,FIRST NORTHWEST BANCORP,0099
960,http://www.sec.gov/Archives/edgar/data/1696088/000118518523001172/er1220230930_10q.htm,DQC.US.0099.9533,US GAAP 2023,10-Q,2023-11-14,2023-11-13 15:11:00,0001185185-23-001172,0001696088,"Energy Resources 12, L.P.",0099
961,http://www.sec.gov/Archives/edgar/data/1339688/000106299323020624/form10q.htm,DQC.US.0099.9533,US GAAP 2023,10-Q,2023-11-14,2023-11-13 14:26:00,0001062993-23-020624,0001339688,Lion Copper and Gold Corp.,0099
962,http://www.sec.gov/Archives/edgar/data/59860/000119983523000547/grmc-10q.htm,DQC.US.0099.9533,US GAAP 2023,10-Q,2023-11-13,2023-11-13 12:45:00,0001199835-23-000547,0000059860,GOLDRICH MINING COMPANY,0099
963,http://www.sec.gov/Archives/edgar/data/1160798/000182912623007288/c2eenergyinc_10q.htm,DQC.US.0099.9533,US GAAP 2023,10-Q,2023-11-13,2023-11-13 12:08:00,0001829126-23-007288,0001160798,C2E ENERGY INC.,0099
964,http://www.sec.gov/Archives/edgar/data/1089297/000109690623002143/nvgt-20230930.htm,DQC.US.0099.9533,US GAAP 2023,10-Q,2023-11-13,2023-11-13 11:56:00,0001096906-23-002143,0001089297,NOVAGANT CORP.,0099
965,http://www.sec.gov/Archives/edgar/data/1690384/000173112223002066/e5172_10q.htm,DQC.US.0099.9533,US GAAP 2023,10-Q,2023-11-13,2023-11-13 11:18:00,0001731122-23-002066,0001690384,"BioCrude Technologies USA, Inc.",0099
966,http://www.sec.gov/Archives/edgar/data/1410187/000101738623000354/cnnc2023sept30_10q.htm,DQC.US.0099.9533,US GAAP 2023,10-Q,2023-11-13,2023-11-13 09:45:00,0001017386-23-000354,0001410187,CANNONAU CORP,0099
967,http://www.sec.gov/Archives/edgar/data/1822372/000182237223000015/ssrt_10q30092023.htm,DQC.US.0099.9533,US GAAP 2023,10-Q,2023-11-13,2023-11-13 09:43:00,0001822372-23-000015,0001822372,STREETEX CORP.,0099
968,http://www.sec.gov/Archives/edgar/data/1703157/000101738623000352/scth_form10q09302023.htm,DQC.US.0099.9533,US GAAP 2022,10-Q,2023-11-13,2023-11-13 09:42:00,0001017386-23-000352,0001703157,"SecureTech Innovations, Inc.",0099
969,http://www.sec.gov/Archives/edgar/data/1392545/000089016323000039/lgtg-20230930.xml,DQC.US.0099.9533,US GAAP 2023,10-Q,2023-11-13,2023-11-13 08:43:00,0000890163-23-000039,0001392545,"Lightning Gaming, Inc.",0099
970,http://www.sec.gov/Archives/edgar/data/1809750/000147793223008264/edbl_10q.htm,DQC.US.0099.9533,US GAAP 2023,10-Q,2023-11-13,2023-11-13 08:24:00,0001477932-23-008264,0001809750,EDIBLE GARDEN AG INCORPORATED,0099
971,http://www.sec.gov/Archives/edgar/data/1676163/000121390023085569/f10q0923_ssinnovation.htm,DQC.US.0099.9533,US GAAP 2023,10-Q,2023-11-13,2023-11-13 08:23:00,0001213900-23-085569,0001676163,"SS INNOVATIONS INTERNATIONAL, INC.",0099
972,http://www.sec.gov/Archives/edgar/data/1494582/000143774923031401/bomn20230930_10q.htm,DQC.US.0099.9533,US GAAP 2023,10-Q,2023-11-13,2023-11-13 08:17:00,0001437749-23-031401,0001494582,BOSTON OMAHA CORPORATION,0099
973,http://www.sec.gov/Archives/edgar/data/1839285/000160706223000487/hcti093023form10q.htm,DQC.US.0099.9533,US GAAP 2022,10-Q,2023-11-13,2023-11-13 08:00:00,0001607062-23-000487,0001839285,"HEALTHCARE
TRIANGLE, INC.",0099
974,http://www.sec.gov/Archives/edgar/data/1763329/000109690623002130/tpia-20230930.htm,DQC.US.0099.9533,US GAAP 2023,10-Q,2023-11-13,2023-11-13 06:38:00,0001096906-23-002130,0001763329,"Mycotopia Therapies, Inc.",0099
975,http://www.sec.gov/Archives/edgar/data/1938338/000147793223008251/global_10q.htm,DQC.US.0099.9533,US GAAP 2023,10-Q,2023-11-13,2023-11-13 06:15:00,0001477932-23-008251,0001938338,GlobalTech Corporation,0099
976,http://www.sec.gov/Archives/edgar/data/1618696/000139834423020415/fp0085839-2_10qixbrl.htm,DQC.US.0099.9533,US GAAP 2023,10-Q,2023-11-10,2023-11-09 17:27:00,0001398344-23-020415,0001618696,GUGGENHEIM CREDIT INCOME FUND 2019,0099
977,http://www.sec.gov/Archives/edgar/data/1860514/000182912623007256/rothchacquisition_10q.htm,DQC.US.0099.9533,US GAAP 2023,10-Q,2023-11-10,2023-11-09 17:22:00,0001829126-23-007256,0001860514,ROTH CH ACQUISITION CO.,0099
978,http://www.sec.gov/Archives/edgar/data/894081/000089408123000213/atsg-20230930.htm,DQC.US.0099.9533,US GAAP 2023,10-Q,2023-11-10,2023-11-09 17:19:00,0000894081-23-000213,0000894081,"Air Transport Services Group, Inc.",0099
979,http://www.sec.gov/Archives/edgar/data/1075736/000165495423014034/cxdo_10q.htm,DQC.US.0099.9533,US GAAP 2023,10-Q,2023-11-10,2023-11-09 17:15:00,0001654954-23-014034,0001075736,"Crexendo, Inc.",0099
980,http://www.sec.gov/Archives/edgar/data/1411342/000141134223000184/efc-20230930.htm,DQC.US.0099.9533,US GAAP 2023,10-Q,2023-11-10,2023-11-09 16:31:00,0001411342-23-000184,0001411342,ELLINGTON FINANCIAL INC,0099
981,http://www.sec.gov/Archives/edgar/data/1072842/000118518523001160/firstcap20230930_10q.htm,DQC.US.0099.9533,US GAAP 2023,10-Q,2023-11-10,2023-11-09 16:17:00,0001185185-23-001160,0001072842,"First Capital International, Inc.",0099
982,http://www.sec.gov/Archives/edgar/data/1504461/000150446123000050/ngl-20230930.htm,DQC.US.0099.9533,US GAAP 2023,10-Q,2023-11-10,2023-11-09 16:16:00,0001504461-23-000050,0001504461,NGL Energy Partners LP,0099
983,http://www.sec.gov/Archives/edgar/data/1098880/000106299323020422/form10q.htm,DQC.US.0099.9533,US GAAP 2023,10-Q,2023-11-10,2023-11-09 16:10:00,0001062993-23-020422,0001098880,IntelGenx Technologies Corp.,0099
984,http://www.sec.gov/Archives/edgar/data/1894954/000190359623000855/xpon_10q.htm,DQC.US.0099.9533,US GAAP 2022,10-Q,2023-11-09,2023-11-09 16:06:00,0001903596-23-000855,0001894954,EXPION360 INC.,0099
985,http://www.sec.gov/Archives/edgar/data/925661/000109690623002125/seci-20230930.htm,DQC.US.0099.9533,US GAAP 2023,10-Q,2023-11-09,2023-11-09 15:38:00,0001096906-23-002125,0000925661,"SECTOR 10, Inc.",0099
986,http://www.sec.gov/Archives/edgar/data/1325814/000132581423000213/fhlbdm-20230930.htm,DQC.US.0099.9533,US GAAP 2022,10-Q,2023-11-09,2023-11-09 15:28:00,0001325814-23-000213,0001325814,Federal Home Loan Bank of Des Moines,0099
987,http://www.sec.gov/Archives/edgar/data/1841514/000095017023061868/ck0001841514-20230930.htm,DQC.US.0099.9533,US GAAP 2023,10-Q,2023-11-09,2023-11-09 14:43:00,0000950170-23-061868,0001841514,"Commonwealth Credit Partners BDC I, Inc.",0099
988,http://www.sec.gov/Archives/edgar/data/1446371/000144637123000047/srtr-20230930.htm,DQC.US.0099.9533,US GAAP 2023,10-Q,2023-11-09,2023-11-09 13:55:00,0001446371-23-000047,0001446371,"STRATEGIC REALTY TRUST, INC.",0099
989,http://www.sec.gov/Archives/edgar/data/1842563/000184256323000019/gogo_10q300923.htm,DQC.US.0099.9533,US GAAP 2023,10-Q,2023-11-09,2023-11-09 13:43:00,0001842563-23-000019,0001842563,"GO GO BUYERS, INC.",0099
990,http://www.sec.gov/Archives/edgar/data/763901/000119312523274342/d569953d10q.htm,DQC.US.0099.9533,US GAAP 2022,10-Q,2023-11-09,2023-11-09 13:05:00,0001193125-23-274342,0000763901,"POPULAR, INC.",0099
991,http://www.sec.gov/Archives/edgar/data/932781/000155278123000442/e23435_fcco-10q.htm,DQC.US.0099.9533,US GAAP 2023,10-Q,2023-11-09,2023-11-09 11:23:00,0001552781-23-000442,0000932781,FIRST COMMUNITY CORPORATION,0099
992,http://www.sec.gov/Archives/edgar/data/837010/000083701023000053/vriac-20230930.htm,DQC.US.0099.9533,US GAAP 2023,10-Q,2023-11-09,2023-11-09 11:06:00,0000837010-23-000053,0000837010,VOYA RETIREMENT INSURANCE & ANNUITY CO,0099
993,http://www.sec.gov/Archives/edgar/data/312257/000118518523001156/innovfood20230930_10q.htm,DQC.US.0099.9533,US GAAP 2023,10-Q,2023-11-09,2023-11-09 11:01:00,0001185185-23-001156,0000312257,"Innovative Food Holdings, Inc.",0099
994,http://www.sec.gov/Archives/edgar/data/868082/000143774923031084/eepl20230930_10q.htm,DQC.US.0099.9533,US GAAP 2023,10-Q,2023-11-09,2023-11-09 09:00:00,0001437749-23-031084,0000868082,EVERFLOW EASTERN PARTNERS LP,0099
995,http://www.sec.gov/Archives/edgar/data/1653653/000165365323000020/rrr-20230930.htm,DQC.US.0099.9533,US GAAP 2023,10-Q,2023-11-09,2023-11-08 20:23:00,0001653653-23-000020,0001653653,"RED ROCK RESORTS, INC.",0099
996,http://www.sec.gov/Archives/edgar/data/1580149/000152013823000473/bivi-20230930_10q.htm,DQC.US.0099.9533,US GAAP 2023,10-Q,2023-11-09,2023-11-08 16:30:00,0001520138-23-000473,0001580149,BioVie Inc.,0099
997,http://www.sec.gov/Archives/edgar/data/1893311/000182912623007194/luxurbanhotels_10q.htm,DQC.US.0099.9533,US GAAP 2023,10-Q,2023-11-09,2023-11-08 16:08:00,0001829126-23-007194,0001893311,LuxUrban Hotels Inc.,0099
998,http://www.sec.gov/Archives/edgar/data/1089907/000155278123000439/e23436_swkh-10q.htm,DQC.US.0099.9533,US GAAP 2023,10-Q,2023-11-09,2023-11-08 16:06:00,0001552781-23-000439,0001089907,SWK HOLDINGS CORPORATION,0099
999,http://www.sec.gov/Archives/edgar/data/704440/000116169723000568/form_10-q.htm,DQC.US.0099.9533,US GAAP 2023,10-Q,2023-11-09,2023-11-08 16:06:00,0001161697-23-000568,0000704440,"KORU MEDICAL SYSTEMS, INC.",0099
1000,http://www.sec.gov/Archives/edgar/data/925741/000143774923030938/bcda20230930_10q.htm,DQC.US.0099.9533,US GAAP 2023,10-Q,2023-11-09,2023-11-08 16:06:00,0001437749-23-030938,0000925741,"BIOCARDIA, INC.",0099
1001,http://www.sec.gov/Archives/edgar/data/1213809/000143774923030937/dyai20230930_10q.htm,DQC.US.0099.9533,US GAAP 2023,10-Q,2023-11-09,2023-11-08 16:05:00,0001437749-23-030937,0001213809,"Dyadic International, Inc.",0099
1002,http://www.sec.gov/Archives/edgar/data/103730/000010373023000086/vishayintertech_10q.htm,DQC.US.0099.9533,US GAAP 2023,10-Q,2023-11-09,2023-11-08 16:04:00,0000103730-23-000086,0000103730,"Vishay Intertechnology, Inc.",0099
1003,http://www.sec.gov/Archives/edgar/data/1790169/000106299323020315/form10q.htm,DQC.US.0099.9533,US GAAP 2023,10-Q,2023-11-09,2023-11-08 16:01:00,0001062993-23-020315,0001790169,Flora Growth Corp.,0099
1004,http://www.sec.gov/Archives/edgar/data/1946021/000192998023000263/hspo_10q.htm,DQC.US.0099.9533,US GAAP 2023,10-Q,2023-11-09,2023-11-08 16:00:00,0001929980-23-000263,0001946021,HORIZON SPACE ACQUISITION I CORP.,0099
1005,http://www.sec.gov/Archives/edgar/data/1285785/000161803423000019/mos-20230930.htm,DQC.US.0099.9533,US GAAP 2023,10-Q,2023-11-09,2023-11-08 12:43:00,0001618034-23-000019,0001285785,MOSAIC CO,0099
1006,http://www.sec.gov/Archives/edgar/data/1357878/000147237523000142/ixform10q.htm,DQC.US.0099.9533,US GAAP 2023,10-Q,2023-11-09,2023-11-08 11:56:00,0001472375-23-000142,0001357878,"REGENEREX PHARMA, INC.",0099
1007,http://www.sec.gov/Archives/edgar/data/1532383/000101738623000345/vnja_2023sept30-10q.htm,DQC.US.0099.9533,US GAAP 2023,10-Q,2023-11-09,2023-11-08 11:28:00,0001017386-23-000345,0001532383,Vanjia Corporation,0099
1008,http://www.sec.gov/Archives/edgar/data/796534/000143774923030806/nksh20230930_10q.htm,DQC.US.0099.9533,US GAAP 2023,10-Q,2023-11-09,2023-11-08 10:11:00,0001437749-23-030806,0000796534,"NATIONAL BANKSHARES, INC.",0099
1009,http://www.sec.gov/Archives/edgar/data/1353613/000095017023060481/fxy-20230930.htm,DQC.US.0099.9533,US GAAP 2023,10-Q,2023-11-09,2023-11-07 17:58:00,0000950170-23-060481,0001353613,Invesco CurrencyShares Japanese Yen Trust,0099
1010,http://www.sec.gov/Archives/edgar/data/846913/000143774923030663/ftek20230930_10q.htm,DQC.US.0099.9533,US GAAP 2023,10-Q,2023-11-09,2023-11-07 16:30:00,0001437749-23-030663,0000846913,"FUEL TECH, INC.",0099
1011,http://www.sec.gov/Archives/edgar/data/1377630/000137763023000189/ncminc-20230928.htm,DQC.US.0099.9533,US GAAP 2022,10-Q,2024-08-02,2023-11-07 16:28:00,0001377630-23-000189,0001377630,"NATIONAL CINEMEDIA, INC.",0099
1012,http://www.sec.gov/Archives/edgar/data/1840425/000089843223000769/blac-20230930.htm,DQC.US.0099.9533,US GAAP 2023,10-Q,2023-11-09,2023-11-07 16:20:00,0000898432-23-000769,0001840425,BELLEVUE LIFE SCIENCES ACQUISITION CORP.,0099
1013,http://www.sec.gov/Archives/edgar/data/874501/000087450123000150/ambc-20230930.htm,DQC.US.0099.9533,US GAAP 2022,10-Q,2023-11-09,2023-11-07 16:20:00,0000874501-23-000150,0000874501,"AMBAC FINANCIAL GROUP, INC.",0099
1014,http://www.sec.gov/Archives/edgar/data/1037540/000165642323000047/bxp-20230930.htm,DQC.US.0099.9533,US GAAP 2023,10-Q,2023-11-09,2023-11-07 16:07:00,0001656423-23-000047,0001037540,"BXP, INC.",0099
1015,http://www.sec.gov/Archives/edgar/data/1880661/000188066123000106/tpg-20230930.htm,DQC.US.0099.9533,US GAAP 2023,10-Q,2023-11-09,2023-11-07 16:01:00,0001880661-23-000106,0001880661,TPG Inc.,0099
1016,http://www.sec.gov/Archives/edgar/data/1041061/000104106123000050/yum-20230930.htm,DQC.US.0099.9533,US GAAP 2023,10-Q,2023-11-09,2023-11-07 15:09:00,0001041061-23-000050,0001041061,"YUM! BRANDS, INC.",0099
1017,http://www.sec.gov/Archives/edgar/data/1331451/000133145123000204/fhlbc-20230930.htm,DQC.US.0099.9533,US GAAP 2023,10-Q,2023-11-09,2023-11-07 14:53:00,0001331451-23-000204,0001331451,FEDERAL HOME LOAN BANK OF CHICAGO,0099
1018,http://www.sec.gov/Archives/edgar/data/1811530/000159991623000247/nxmh10q124o.htm,DQC.US.0099.9533,US GAAP 2023,10-Q,2023-11-09,2023-11-07 13:08:00,0001599916-23-000247,0001811530,"Next Meats Holdings, Inc.",0099
1019,http://www.sec.gov/Archives/edgar/data/896841/000089684123000153/avid-20230930.htm,DQC.US.0099.9533,US GAAP 2023,10-Q,2023-11-09,2023-11-06 17:46:00,0000896841-23-000153,0000896841,"Avid Technology, Inc.",0099
1020,http://www.sec.gov/Archives/edgar/data/1056358/000105635823000067/mtex-20230930.htm,DQC.US.0099.9533,US GAAP 2023,10-Q,2023-11-09,2023-11-06 17:36:00,0001056358-23-000067,0001056358,"MANNATECH, INCORPORATED",0099
1021,http://www.sec.gov/Archives/edgar/data/883984/000088398423000038/icui-20230930.htm,DQC.US.0099.9533,US GAAP 2023,10-Q,2023-11-09,2023-11-06 16:57:00,0000883984-23-000038,0000883984,ICU MEDICAL INC/DE,0099
1022,http://www.sec.gov/Archives/edgar/data/59255/000155837023017764/vhl-20230930x10q.htm,DQC.US.0099.9533,US GAAP 2022,10-Q,2023-11-09,2023-11-06 16:15:00,0001558370-23-017764,0000059255,"Valhi, Inc.",0099
1023,http://www.sec.gov/Archives/edgar/data/1897982/000189798223000080/azpn-20230930.htm,DQC.US.0099.9533,US GAAP 2023,10-Q,2023-11-09,2023-11-06 16:14:00,0001897982-23-000080,0001897982,"ASPEN TECHNOLOGY, INC.",0099
1024,http://www.sec.gov/Archives/edgar/data/1419612/000117891323003538/zk2330473.htm,DQC.US.0099.9533,US GAAP 2023,10-Q,2023-11-09,2023-11-06 16:05:00,0001178913-23-003538,0001419612,"SOLAREDGE TECHNOLOGIES, INC",0099
1025,http://www.sec.gov/Archives/edgar/data/1315061/000121465923014589/o101723010q.htm,DQC.US.0099.9533,US GAAP 2023,10-Q,2023-11-09,2023-11-06 14:42:00,0001214659-23-014589,0001315061,"Ridgewood Energy O Fund, LLC",0099
1026,http://www.sec.gov/Archives/edgar/data/1338474/000121465923014590/q101923010q.htm,DQC.US.0099.9533,US GAAP 2023,10-Q,2023-11-09,2023-11-06 14:42:00,0001214659-23-014590,0001338474,"Ridgewood Energy Q Fund, LLC",0099
1027,http://www.sec.gov/Archives/edgar/data/1352190/000121465923014591/s101723010q.htm,DQC.US.0099.9533,US GAAP 2023,10-Q,2023-11-09,2023-11-06 14:42:00,0001214659-23-014591,0001352190,"Ridgewood Energy S Fund, LLC",0099
1028,http://www.sec.gov/Archives/edgar/data/1364397/000121465923014592/t101823010q.htm,DQC.US.0099.9533,US GAAP 2023,10-Q,2023-11-09,2023-11-06 14:42:00,0001214659-23-014592,0001364397,"Ridgewood Energy T Fund, LLC",0099
1029,http://www.sec.gov/Archives/edgar/data/1377178/000121465923014593/u102023010q.htm,DQC.US.0099.9533,US GAAP 2023,10-Q,2023-11-09,2023-11-06 14:42:00,0001214659-23-014593,0001377178,"Ridgewood Energy U Fund, LLC",0099
1030,http://www.sec.gov/Archives/edgar/data/1385662/000121465923014594/v101923010q.htm,DQC.US.0099.9533,US GAAP 2023,10-Q,2023-11-09,2023-11-06 14:42:00,0001214659-23-014594,0001385662,"Ridgewood Energy V Fund, LLC",0099
1031,http://www.sec.gov/Archives/edgar/data/1409947/000121465923014595/w102023310q.htm,DQC.US.0099.9533,US GAAP 2023,10-Q,2023-11-09,2023-11-06 14:42:00,0001214659-23-014595,0001409947,"Ridgewood Energy W Fund, LLC",0099
1032,http://www.sec.gov/Archives/edgar/data/1434070/000121465923014597/y101723010q.htm,DQC.US.0099.9533,US GAAP 2023,10-Q,2023-11-09,2023-11-06 14:42:00,0001214659-23-014597,0001434070,"Ridgewood Energy Y Fund, LLC",0099
1033,http://www.sec.gov/Archives/edgar/data/1455741/000121465923014596/x101823010q.htm,DQC.US.0099.9533,US GAAP 2023,10-Q,2023-11-09,2023-11-06 14:42:00,0001214659-23-014596,0001455741,"Ridgewood Energy X Fund, LLC",0099
1034,http://www.sec.gov/Archives/edgar/data/1457919/000121465923014588/a110182310q.htm,DQC.US.0099.9533,US GAAP 2023,10-Q,2023-11-09,2023-11-06 14:42:00,0001214659-23-014588,0001457919,"Ridgewood Energy A-1 Fund, LLC",0099
1035,http://www.sec.gov/Archives/edgar/data/1578329/000118518523001146/apex1120230930_10q.htm,DQC.US.0099.9533,US GAAP 2023,10-Q,2023-11-09,2023-11-06 14:29:00,0001185185-23-001146,0001578329,APEX 11 INC.,0099
1036,http://www.sec.gov/Archives/edgar/data/1968915/000196891523000035/phin-20230930.htm,DQC.US.0099.9533,US GAAP 2023,10-Q,2023-11-09,2023-11-06 13:19:00,0001968915-23-000035,0001968915,PHINIA INC.,0099
1037,http://www.sec.gov/Archives/edgar/data/1763329/000109690623002096/tpia-20221231.htm,DQC.US.0099.9533,US GAAP 2023,10-K/A,2023-11-09,2023-11-06 12:13:00,0001096906-23-002096,0001763329,"Mycotopia Therapies, Inc.",0099
1038,http://www.sec.gov/Archives/edgar/data/1763329/000109690623002094/tpia-20220930.htm,DQC.US.0099.9533,US GAAP 2023,10-Q/A,2023-11-09,2023-11-06 11:54:00,0001096906-23-002094,0001763329,"Mycotopia Therapies, Inc.",0099
1039,http://www.sec.gov/Archives/edgar/data/1955520/000195552023000020/knf-20230930.htm,DQC.US.0099.9533,US GAAP 2023,10-Q,2023-11-09,2023-11-06 07:08:00,0001955520-23-000020,0001955520,Knife River Corporation,0099
1040,http://www.sec.gov/Archives/edgar/data/1846809/000175392623001419/g083818_s4a.htm,DQC.US.0099.9533,US GAAP 2023,S-4/A,2023-11-09,2023-11-03 17:26:00,0001753926-23-001419,0001846809,OceanTech Acquisitions I Corp.,0099
1041,http://www.sec.gov/Archives/edgar/data/1679688/000167968823000119/dbrg-20230930.htm,DQC.US.0099.9533,US GAAP 2023,10-Q,2023-11-09,2023-11-03 17:08:00,0001679688-23-000119,0001679688,"DigitalBridge Group, Inc.",0099
1042,http://www.sec.gov/Archives/edgar/data/1647822/000149315223039283/form10-q.htm,DQC.US.0099.9533,US GAAP 2023,10-Q,2023-11-09,2023-11-03 14:36:00,0001493152-23-039283,0001647822,"Jingbo Technology, Inc.",0099
1043,http://www.sec.gov/Archives/edgar/data/55242/000005524223000051/kmt-20230930.htm,DQC.US.0099.9533,US GAAP 2023,10-Q,2023-11-09,2023-11-03 13:44:00,0000055242-23-000051,0000055242,KENNAMETAL INC.,0099
1044,http://www.sec.gov/Archives/edgar/data/1895144/000182912623007096/goldenstaracq_10q.htm,DQC.US.0099.9533,US GAAP 2023,10-Q,2023-11-09,2023-11-03 12:37:00,0001829126-23-007096,0001895144,GOLDEN STAR ACQUISITION CORPORATION,0099
1045,http://www.sec.gov/Archives/edgar/data/1751707/000160706223000468/unxp093023form10q.htm,DQC.US.0099.9533,US GAAP 2022,10-Q,2023-11-09,2023-11-03 06:57:00,0001607062-23-000468,0001751707,United Express Inc.,0099
1046,http://www.sec.gov/Archives/edgar/data/1391426/000190359623000829/clvn_s1.htm,DQC.US.0099.9533,US GAAP 2022,S-1,2023-11-09,2023-11-02 19:33:00,0001903596-23-000829,0001391426,CLEAN VISION CORPORATION,0099
1047,http://www.sec.gov/Archives/edgar/data/728391/000072839123000045/cik0000728391-20230930.htm,DQC.US.0099.9533,US GAAP 2023,10-Q,2023-11-09,2023-11-02 17:23:00,0000728391-23-000045,0000728391,"IPALCO ENTERPRISES, INC.",0099
1048,http://www.sec.gov/Archives/edgar/data/19745/000162828023036449/cpk-20230930.htm,DQC.US.0099.9533,US GAAP 2023,10-Q,2023-11-09,2023-11-02 16:49:00,0001628280-23-036449,0000019745,CHESAPEAKE UTILITIES CORP,0099
1049,http://www.sec.gov/Archives/edgar/data/65984/000006598423000094/etr-20230930.htm,DQC.US.0099.9533,US GAAP 2023,10-Q,2023-11-08,2023-11-02 16:45:00,0000065984-23-000094,0000065984,Entergy Corporation,0099
1050,http://www.sec.gov/Archives/edgar/data/67716/000006771623000112/mdu-20230930.htm,DQC.US.0099.9533,US GAAP 2023,10-Q,2023-11-08,2023-11-02 16:43:00,0000067716-23-000112,0000067716,"MDU Resources Group, Inc.",0099
1051,http://www.sec.gov/Archives/edgar/data/1345126/000134512623000054/codi-20230930.htm,DQC.US.0099.9533,US GAAP 2023,10-Q,2023-11-08,2023-11-02 16:17:00,0001345126-23-000054,0001345126,COMPASS DIVERSIFIED HOLDINGS,0099
1052,http://www.sec.gov/Archives/edgar/data/34903/000003490323000064/frt-20230930.htm,DQC.US.0099.9533,US GAAP 2023,10-Q,2023-11-08,2023-11-02 16:11:00,0000034903-23-000064,0000034903,Federal Realty Investment Trust,0099
1053,http://www.sec.gov/Archives/edgar/data/1130889/000155479523000336/cncl1030form10q.htm,DQC.US.0099.9533,US GAAP 2023,10-Q,2023-11-03,2023-11-02 16:07:00,0001554795-23-000336,0001130889,CANCER CAPITAL CORP.,0099
1054,http://www.sec.gov/Archives/edgar/data/351817/000035181723000095/sbow-20230930.htm,DQC.US.0099.9533,US GAAP 2023,10-Q,2023-11-03,2023-11-02 16:06:00,0000351817-23-000095,0000351817,"SilverBow Resources, Inc.",0099
1055,http://www.sec.gov/Archives/edgar/data/1587523/000158752323000081/kn-20230930.htm,DQC.US.0099.9533,US GAAP 2023,10-Q,2023-11-08,2023-11-02 16:03:00,0001587523-23-000081,0001587523,Knowles Corporation,0099
1056,http://www.sec.gov/Archives/edgar/data/89089/000008908923000065/sci-20230930.htm,DQC.US.0099.9533,US GAAP 2023,10-Q,2023-11-03,2023-11-02 14:49:00,0000089089-23-000065,0000089089,Service Corporation International,0099
1057,http://www.sec.gov/Archives/edgar/data/1118072/000155479523000334/skin1030form10q.htm,DQC.US.0099.9533,US GAAP 2023,10-Q,2023-11-03,2023-11-02 13:34:00,0001554795-23-000334,0001118072,SKINOVATION PHARMACEUTICAL INCORPORATED,0099
1058,http://www.sec.gov/Archives/edgar/data/790179/000155479523000332/pgec1030form10q.htm,DQC.US.0099.9533,US GAAP 2023,10-Q,2023-11-03,2023-11-02 13:24:00,0001554795-23-000332,0000790179,PRESTIGE CAPITAL CORPORATION,0099
1059,http://www.sec.gov/Archives/edgar/data/1160945/000155479523000330/nvsi1030form10q.htm,DQC.US.0099.9533,US GAAP 2023,10-Q,2023-11-03,2023-11-02 13:19:00,0001554795-23-000330,0001160945,"NOVA STAR INNOVATIONS, INC.",0099
1060,http://www.sec.gov/Archives/edgar/data/1430319/000155479523000328/ccti1030form10q.htm,DQC.US.0099.9533,US GAAP 2023,10-Q,2023-11-03,2023-11-02 13:13:00,0001554795-23-000328,0001430319,"C & C TOURS, INC",0099
1061,http://www.sec.gov/Archives/edgar/data/26172/000002617223000045/cmi-20230930.htm,DQC.US.0099.9533,US GAAP 2023,10-Q,2023-11-03,2023-11-02 12:34:00,0000026172-23-000045,0000026172,CUMMINS INC.,0099
1062,http://www.sec.gov/Archives/edgar/data/1276187/000127618723000093/et-20230930.htm,DQC.US.0099.9533,US GAAP 2023,10-Q,2023-11-03,2023-11-02 11:22:00,0001276187-23-000093,0001276187,ENERGY TRANSFER LP,0099
1063,http://www.sec.gov/Archives/edgar/data/4904/000000490423000121/aep-20230930.htm,DQC.US.0099.9533,US GAAP 2023,10-Q,2023-11-03,2023-11-02 07:14:00,0000004904-23-000121,0000004904,AMERICAN ELECTRIC POWER CO INC.,0099
1064,http://www.sec.gov/Archives/edgar/data/1175535/000143774923029786/wstr20230930_10q.htm,DQC.US.0099.9533,US GAAP 2023,10-Q,2023-11-03,2023-11-01 16:45:00,0001437749-23-029786,0001175535,Whitestone REIT,0099
1065,http://www.sec.gov/Archives/edgar/data/1005229/000100522923000274/cmco-20230930.htm,DQC.US.0099.9533,US GAAP 2022,10-Q,2023-11-03,2023-11-01 16:14:00,0001005229-23-000274,0001005229,Columbus McKinnon Corporation,0099
1066,http://www.sec.gov/Archives/edgar/data/14930/000001493023000182/bcorp-20230930.htm,DQC.US.0099.9533,US GAAP 2023,10-Q,2023-11-03,2023-11-01 14:32:00,0000014930-23-000182,0000014930,Brunswick Corporation,0099
1067,http://www.sec.gov/Archives/edgar/data/1364885/000162828023035852/spr-20230928.htm,DQC.US.0099.9533,US GAAP 2023,10-Q,2023-11-03,2023-11-01 12:32:00,0001628280-23-035852,0001364885,"Spirit AeroSystems Holdings, Inc.",0099
1068,http://www.sec.gov/Archives/edgar/data/1538217/000149315223038887/form10-q.htm,DQC.US.0099.9533,US GAAP 2023,10-Q,2023-11-03,2023-10-31 17:13:00,0001493152-23-038887,0001538217,"SRAX, INC.",0099
1069,http://www.sec.gov/Archives/edgar/data/1587732/000158773223000054/ogs-20230930.htm,DQC.US.0099.9533,US GAAP 2023,10-Q,2023-11-03,2023-10-31 16:50:00,0001587732-23-000054,0001587732,"ONE Gas, Inc.",0099
1070,http://www.sec.gov/Archives/edgar/data/895665/000149315223038868/form10-qa.htm,DQC.US.0099.9533,US GAAP 2023,10-Q/A,2023-11-03,2023-10-31 16:42:00,0001493152-23-038868,0000895665,"CLEARDAY, INC.",0099
1071,http://www.sec.gov/Archives/edgar/data/1165002/000116500223000084/whg-20230930.htm,DQC.US.0099.9533,US GAAP 2023,10-Q,2023-11-02,2023-10-31 16:16:00,0001165002-23-000084,0001165002,"WESTWOOD HOLDINGS GROUP, INC.",0099
1072,http://www.sec.gov/Archives/edgar/data/1563298/000107997323001505/eawd_s1.htm,DQC.US.0099.9533,US GAAP 2023,S-1,2023-11-02,2023-10-31 11:40:00,0001079973-23-001505,0001563298,ENERGY AND WATER DEVELOPMENT CORP.,0099
1073,http://www.sec.gov/Archives/edgar/data/1882781/000159991623000241/c2blockq124f.htm,DQC.US.0099.9533,US GAAP 2023,10-Q,2023-11-02,2023-10-30 18:09:00,0001599916-23-000241,0001882781,"C2 Blockchain,Inc.",0099
1074,http://www.sec.gov/Archives/edgar/data/1936756/000119983523000532/nbh-forms_1.htm,DQC.US.0099.9533,US GAAP 2023,S-1/A,2023-11-02,2023-10-30 17:54:00,0001199835-23-000532,0001936756,"NEXT BRIDGE HYDROCARBONS, INC.",0099
1075,http://www.sec.gov/Archives/edgar/data/1713863/000121390023081589/f10k2023_rafaelhold.htm,DQC.US.0099.9533,US GAAP 2023,10-K,2023-11-02,2023-10-30 17:18:00,0001213900-23-081589,0001713863,"RAFAEL HOLDINGS, INC.",0099
1076,http://www.sec.gov/Archives/edgar/data/1885849/000188584923000017/tflm_10k2023.htm,DQC.US.0099.9533,US GAAP 2023,10-K,2023-11-02,2023-10-30 15:40:00,0001885849-23-000017,0001885849,TOFLA MEGALINE INC.,0099
1077,http://www.sec.gov/Archives/edgar/data/842517/000084251723000186/isba-20230930.htm,DQC.US.0099.9533,US GAAP 2023,10-Q,2023-11-02,2023-10-27 14:19:00,0000842517-23-000186,0000842517,ISABELLA BANK CORP,0099
1078,http://www.sec.gov/Archives/edgar/data/799292/000079929223000120/mho-20230930.htm,DQC.US.0099.9533,US GAAP 2023,10-Q,2023-10-27,2023-10-27 10:23:00,0000799292-23-000120,0000799292,"M/I HOMES, INC.",0099
1079,http://www.sec.gov/Archives/edgar/data/7789/000000778923000075/asb-20230930.htm,DQC.US.0099.9533,US GAAP 2023,10-Q,2023-10-26,2023-10-26 16:16:00,0000007789-23-000075,0000007789,Associated Banc-Corp,0099
1080,http://www.sec.gov/Archives/edgar/data/1043509/000104350923000019/sah-20230930.htm,DQC.US.0099.9533,US GAAP 2023,10-Q,2023-10-26,2023-10-26 16:00:00,0001043509-23-000019,0001043509,"SONIC AUTOMOTIVE, INC.",0099
1081,http://www.sec.gov/Archives/edgar/data/1685766/000182912623006785/moveixinc_10q.htm,DQC.US.0099.9533,US GAAP 2023,10-Q,2023-10-26,2023-10-26 15:09:00,0001829126-23-006785,0001685766,MOVEIX INC,0099
1082,http://www.sec.gov/Archives/edgar/data/1308027/000149315223038362/form10-q.htm,DQC.US.0099.9533,US GAAP 2023,10-Q,2023-10-26,2023-10-26 14:41:00,0001493152-23-038362,0001308027,VYSTAR CORPORATION,0099
1083,http://www.sec.gov/Archives/edgar/data/1818152/000159991623000230/zentrum_q323o.htm,DQC.US.0099.9533,US GAAP 2023,10-Q,2023-10-26,2023-10-26 14:26:00,0001599916-23-000230,0001818152,"Zentrum Holdings, Inc.",0099
1084,http://www.sec.gov/Archives/edgar/data/1045450/000104545023000073/epr-20230930.htm,DQC.US.0099.9533,US GAAP 2023,10-Q,2023-10-26,2023-10-26 09:30:00,0001045450-23-000073,0001045450,EPR PROPERTIES,0099
1085,http://www.sec.gov/Archives/edgar/data/1133421/000113342123000053/noc-20230930.htm,DQC.US.0099.9533,US GAAP 2023,10-Q,2023-10-26,2023-10-26 08:31:00,0001133421-23-000053,0001133421,NORTHROP GRUMMAN CORP /DE/,0099
1086,http://www.sec.gov/Archives/edgar/data/51644/000005164423000051/ipg-20230930.htm,DQC.US.0099.9533,US GAAP 2022,10-Q,2023-10-25,2023-10-25 16:42:00,0000051644-23-000051,0000051644,"INTERPUBLIC GROUP OF COMPANIES, INC.",0099
1087,http://www.sec.gov/Archives/edgar/data/1936804/000101376223006595/ea187271-f1a1_suncartech.htm,DQC.US.0099.9533,US GAAP 2023,F-1/A,2023-10-25,2023-10-25 15:17:00,0001013762-23-006595,0001936804,SunCar Technology Group Inc.,0099
1088,http://www.sec.gov/Archives/edgar/data/45012/000004501223000056/hal-20230930.htm,DQC.US.0099.9533,US GAAP 2023,10-Q,2023-10-25,2023-10-25 14:37:00,0000045012-23-000056,0000045012,HALLIBURTON COMPANY,0099
1089,http://www.sec.gov/Archives/edgar/data/1702015/000159991623000228/aisq2_24o.htm,DQC.US.0099.9533,US GAAP 2023,10-Q,2023-10-25,2023-10-25 13:08:00,0001599916-23-000228,0001702015,"AIS
HOLDINGS GROUP, INC.",0099
1090,http://www.sec.gov/Archives/edgar/data/930245/000147237523000136/ixform10q.htm,DQC.US.0099.9533,US GAAP 2023,10-Q,2023-10-25,2023-10-25 12:57:00,0001472375-23-000136,0000930245,GLOBAL ACQUISITIONS CORPORATION,0099
1091,http://www.sec.gov/Archives/edgar/data/101829/000010182923000037/rtx-20230930.htm,DQC.US.0099.9533,US GAAP 2023,10-Q,2023-10-24,2023-10-24 16:49:00,0000101829-23-000037,0000101829,RTX CORPORATION,0099
1092,http://www.sec.gov/Archives/edgar/data/921082/000092108223000053/hiw-20230930.htm,DQC.US.0099.9533,US GAAP 2023,10-Q,2023-10-24,2023-10-24 16:04:00,0000921082-23-000053,0000921082,"HIGHWOODS PROPERTIES, INC.",0099
1093,http://www.sec.gov/Archives/edgar/data/1627469/000159991623000224/photozou_10q323o.htm,DQC.US.0099.9533,US GAAP 2023,10-Q,2023-10-24,2023-10-24 14:55:00,0001599916-23-000224,0001627469,"Photozou     Holdings, Inc.",0099
1094,http://www.sec.gov/Archives/edgar/data/1844793/000109690623002037/yohe-20221231.htm,DQC.US.0099.9533,US GAAP 2023,10-K/A,2023-10-24,2023-10-24 13:11:00,0001096906-23-002037,0001844793,"YO-HEALTH, INC.",0099
1095,http://www.sec.gov/Archives/edgar/data/55785/000005578523000064/kmb-20230930.htm,DQC.US.0099.9533,US GAAP 2023,10-Q,2023-10-24,2023-10-24 10:03:00,0000055785-23-000064,0000055785,KIMBERLY-CLARK CORPORATION,0099
1096,http://www.sec.gov/Archives/edgar/data/1442492/000119983523000524/lrdc-10q.htm,DQC.US.0099.9533,US GAAP 2023,10-Q,2023-10-23,2023-10-23 17:28:00,0001199835-23-000524,0001442492,"Laredo Oil, Inc.",0099
1097,http://www.sec.gov/Archives/edgar/data/1936804/000101376223005877/ea185944-f1_suncartech.htm,DQC.US.0099.9533,US GAAP 2023,F-1,2023-10-23,2023-10-23 17:24:00,0001013762-23-005877,0001936804,SunCar Technology Group Inc.,0099
1098,http://www.sec.gov/Archives/edgar/data/1729637/000147793223007813/karx_10q.htm,DQC.US.0099.9533,US GAAP 2023,10-Q,2023-10-23,2023-10-23 16:58:00,0001477932-23-007813,0001729637,Karbon-X Corp.,0099
1099,http://www.sec.gov/Archives/edgar/data/1441082/000147793223007798/hlco_10k.htm,DQC.US.0099.9533,US GAAP 2023,10-K,2023-10-23,2023-10-23 06:07:00,0001477932-23-007798,0001441082,THE HEALING COMPANY INC.,0099
1100,http://www.sec.gov/Archives/edgar/data/1901886/000182912623006713/aurafatprojects_10q.htm,DQC.US.0099.9533,US GAAP 2023,10-Q,2023-10-23,2023-10-23 06:02:00,0001829126-23-006713,0001901886,AURA FAT PROJECTS ACQUISITION CORP,0099
1101,http://www.sec.gov/Archives/edgar/data/1977837/000197783723000015/alixo10q_31082023.htm,DQC.US.0099.9533,US GAAP 2023,10-Q,2023-10-19,2023-10-19 16:47:00,0001977837-23-000015,0001977837,ALIXO-YOLLOO CORP.,0099
1102,http://www.sec.gov/Archives/edgar/data/1301991/000182912623006691/smartmetric_10ka.htm,DQC.US.0099.9533,US GAAP 2023,10-K/A,2023-10-19,2023-10-19 16:20:00,0001829126-23-006691,0001301991,"SMARTMETRIC, INC.",0099
1103,http://www.sec.gov/Archives/edgar/data/1301991/000182912623006678/smartmetric_10ka.htm,DQC.US.0099.9533,US GAAP 2023,10-K/A,2023-10-18,2023-10-18 17:26:00,0001829126-23-006678,0001301991,"SMARTMETRIC, INC.",0099
1104,http://www.sec.gov/Archives/edgar/data/1812360/000101376223004858/ea185587-s1_foxotech.htm,DQC.US.0099.9533,US GAAP 2023,S-1,2023-10-18,2023-10-18 16:59:00,0001013762-23-004858,0001812360,FOXO TECHNOLOGIES INC.,0099
1105,http://www.sec.gov/Archives/edgar/data/1790169/000106299323019529/forms1.htm,DQC.US.0099.9533,US GAAP 2023,S-1,2023-10-18,2023-10-18 16:02:00,0001062993-23-019529,0001790169,Flora Growth Corp.,0099
1106,http://www.sec.gov/Archives/edgar/data/1834105/000149315223037534/forms-1.htm,DQC.US.0099.9533,US GAAP 2023,S-1,2023-10-17,2023-10-17 17:28:00,0001493152-23-037534,0001834105,"Impact     BioMedical, INC.",0099
1107,http://www.sec.gov/Archives/edgar/data/1763329/000109690623002008/tpia-20220630.htm,DQC.US.0099.9533,US GAAP 2023,10-Q/A,2023-10-17,2023-10-17 17:07:00,0001096906-23-002008,0001763329,"Mycotopia Therapies, Inc.",0099
1108,http://www.sec.gov/Archives/edgar/data/1551887/000139390523000354/dusyf-20230430.htm,DQC.US.0099.9533,US GAAP 2023,10-Q,2023-10-17,2023-10-17 17:05:00,0001393905-23-000354,0001551887,DUESENBERG TECHNOLOGIES INC.,0099
1109,http://www.sec.gov/Archives/edgar/data/1763329/000109690623002006/tpia-20220331.htm,DQC.US.0099.9533,US GAAP 2023,10-Q/A,2023-10-17,2023-10-17 17:00:00,0001096906-23-002006,0001763329,"Mycotopia Therapies, Inc.",0099
1110,http://www.sec.gov/Archives/edgar/data/1464865/000147793223007697/accredited_10q.htm,DQC.US.0099.9533,US GAAP 2023,10-Q,2023-10-17,2023-10-17 16:33:00,0001477932-23-007697,0001464865,"Accredited Solutions, Inc.",0099
1111,http://www.sec.gov/Archives/edgar/data/1680132/000139390523000352/csui-20230831.htm,DQC.US.0099.9533,US GAAP 2023,10-Q,2023-10-17,2023-10-17 12:43:00,0001393905-23-000352,0001680132,CANNABIS SUISSE CORP.,0099
1112,http://www.sec.gov/Archives/edgar/data/895665/000149315223037425/form10-q.htm,DQC.US.0099.9533,US GAAP 2023,10-Q,2023-10-17,2023-10-16 21:09:00,0001493152-23-037425,0000895665,"CLEARDAY, INC.",0099
1113,http://www.sec.gov/Archives/edgar/data/1493712/000139390523000350/cmxc-20230831.htm,DQC.US.0099.9533,US GAAP 2023,10-Q,2023-10-16,2023-10-16 17:20:00,0001393905-23-000350,0001493712,STIMCELL ENERGETICS INC.,0099
1114,http://www.sec.gov/Archives/edgar/data/1822372/000182237223000013/ssrt_10k30062023.htm,DQC.US.0099.9533,US GAAP 2023,10-K,2023-10-16,2023-10-16 17:16:00,0001822372-23-000013,0001822372,STREETEX CORP.,0099
1115,http://www.sec.gov/Archives/edgar/data/884650/000165495423012978/igi_10q.htm,DQC.US.0099.9533,US GAAP 2023,10-Q,2023-10-16,2023-10-16 17:01:00,0001654954-23-012978,0000884650,"Infinite Group, Inc.",0099
1116,http://www.sec.gov/Archives/edgar/data/1818674/000160706223000459/sybleu093023form10q.htm,DQC.US.0099.9533,US GAAP 2022,10-Q,2023-10-16,2023-10-16 16:00:00,0001607062-23-000459,0001818674,SYBLEU INC.,0099
1117,http://www.sec.gov/Archives/edgar/data/1781629/000178162923000016/ankm10q_31082023.htm,DQC.US.0099.9533,US GAAP 2023,10-Q,2023-10-16,2023-10-16 13:57:00,0001781629-23-000016,0001781629,"ANKAM, INC.",0099
1118,http://www.sec.gov/Archives/edgar/data/1758699/000175869923000016/form10q0823.htm,DQC.US.0099.9533,US GAAP 2023,10-Q,2023-10-16,2023-10-16 12:49:00,0001758699-23-000016,0001758699,TRANSUITE.ORG INC.,0099
1119,http://www.sec.gov/Archives/edgar/data/1108645/000147793223007654/cipi_s1.htm,DQC.US.0099.9533,US GAAP 2023,S-1,2023-10-16,2023-10-16 12:28:00,0001477932-23-007654,0001108645,CORRELATE ENERGY CORP.,0099
1120,http://www.sec.gov/Archives/edgar/data/1435812/000151597123000135/arem10k063023.htm,DQC.US.0099.9533,US GAAP 2023,10-K,2023-10-16,2023-10-16 08:29:00,0001515971-23-000135,0001435812,Arem Pacific Corporation,0099
1121,http://www.sec.gov/Archives/edgar/data/1504678/000165495423012942/loop_10q.htm,DQC.US.0099.9533,US GAAP 2023,10-Q,2023-10-16,2023-10-16 07:12:00,0001654954-23-012942,0001504678,"Loop Industries, Inc.",0099
1122,http://www.sec.gov/Archives/edgar/data/7623/000143774923028228/artw20230831_10q.htm,DQC.US.0099.9533,US GAAP 2023,10-Q,2023-10-13,2023-10-13 17:24:00,0001437749-23-028228,0000007623,ARTS WAY MANUFACTURING CO INC,0099
1123,http://www.sec.gov/Archives/edgar/data/1931055/000166357723000505/mdnc10q_083123.htm,DQC.US.0099.9533,US GAAP 2023,10-Q,2023-10-13,2023-10-13 17:05:00,0001663577-23-000505,0001931055,Medinotec Inc.,0099
1124,http://www.sec.gov/Archives/edgar/data/1301991/000182912623006622/smartmetric_10k.htm,DQC.US.0099.9533,US GAAP 2023,10-K,2023-10-13,2023-10-13 16:58:00,0001829126-23-006622,0001301991,"SMARTMETRIC, INC.",0099
1125,http://www.sec.gov/Archives/edgar/data/1683252/000147793223007616/tkcm_10k.htm,DQC.US.0099.9533,US GAAP 2023,10-K,2023-10-13,2023-10-13 11:34:00,0001477932-23-007616,0001683252,Token Communities Ltd.,0099
1126,http://www.sec.gov/Archives/edgar/data/1498148/000116169723000543/form_10-q.htm,DQC.US.0099.9533,US GAAP 2023,10-Q,2023-10-12,2023-10-12 17:13:00,0001161697-23-000543,0001498148,ARTIFICIAL     INTELLIGENCE TECHNOLOGY SOLUTIONS INC.,0099
1127,http://www.sec.gov/Archives/edgar/data/1543268/000101376223003519/f20f2023_bitbrother.htm,DQC.US.0099.9533,US GAAP 2023,20-F,2023-10-12,2023-10-12 16:06:00,0001013762-23-003519,0001543268,Bit Brother Limited,0099
1128,http://www.sec.gov/Archives/edgar/data/1522222/000118518523001060/cls20231010_10q.htm,DQC.US.0099.9533,US GAAP 2023,10-Q,2023-10-12,2023-10-12 15:57:00,0001185185-23-001060,0001522222,"CLS HOLDINGS USA, INC.",0099
1129,http://www.sec.gov/Archives/edgar/data/1633438/000117494723001200/f20f2022_azurepower.htm,DQC.US.0099.9533,US GAAP 2023,20-F,2023-10-12,2023-10-12 15:23:00,0001174947-23-001200,0001633438,Azure Power Global Limited,0099
1130,http://www.sec.gov/Archives/edgar/data/1530425/000147793223007594/arrt_10k.htm,DQC.US.0099.9533,US GAAP 2023,10-K,2023-10-12,2023-10-12 14:41:00,0001477932-23-007594,0001530425,"ARTISAN CONSUMER GOODS, INC.",0099
1131,http://www.sec.gov/Archives/edgar/data/1888846/000159991623000220/ultimate_10k23o.htm,DQC.US.0099.9533,US GAAP 2022,10-K,2023-10-12,2023-10-12 13:16:00,0001599916-23-000220,0001888846,"Ultimate Holdings GROUP, Inc.",0099
1132,http://www.sec.gov/Archives/edgar/data/1906133/000147793223007540/icct_s1a.htm,DQC.US.0099.9533,US GAAP 2023,S-1/A,2023-10-10,2023-10-10 17:21:00,0001477932-23-007540,0001906133,iCoreConnect Inc.,0099
1133,http://www.sec.gov/Archives/edgar/data/1996210/000147793223007533/blum_s4.htm,DQC.US.0099.9533,US GAAP 2023,S-4,2023-10-10,2023-10-10 16:36:00,0001477932-23-007533,0001996210,"BLUM HOLDINGS, INC.",0099
1134,http://www.sec.gov/Archives/edgar/data/1569083/000164033423001787/cqcq_10q.htm,DQC.US.0099.9533,US GAAP 2023,10-Q,2023-10-10,2023-10-10 14:26:00,0001640334-23-001787,0001569083,"MAKINGORG, INC.",0099
1135,http://www.sec.gov/Archives/edgar/data/1554906/000147793223007501/cbca_10q.htm,DQC.US.0099.9533,US GAAP 2023,10-Q,2023-10-10,2023-10-10 12:11:00,0001477932-23-007501,0001554906,CROWN BAUS CAPITAL CORP,0099
1136,http://www.sec.gov/Archives/edgar/data/1880249/000159991623000217/psgi_10k23o.htm,DQC.US.0099.9533,US GAAP 2022,10-K,2023-10-10,2023-10-10 09:26:00,0001599916-23-000217,0001880249,"WeCapital Holdings, Inc.",0099
1137,http://www.sec.gov/Archives/edgar/data/1512228/000153949723001700/n2574_x163-10k.htm,DQC.US.0099.9533,US GAAP 2022,10-K,2023-10-10,2023-10-06 17:28:00,0001539497-23-001700,0001512228,NioCorp Developments Ltd.,0099
1138,http://www.sec.gov/Archives/edgar/data/1672886/000107997323001399/zhongyuan_f1a.htm,DQC.US.0099.9533,US GAAP 2023,F-1/A,2023-10-10,2023-10-06 17:15:00,0001079973-23-001399,0001672886,ZHONG YUAN BIO-TECHNOLOGY HOLDINGS LIMITED,0099
1139,http://www.sec.gov/Archives/edgar/data/1696411/000147793223007411/crona_10q.htm,DQC.US.0099.9533,US GAAP 2023,10-Q,2023-10-10,2023-10-05 17:00:00,0001477932-23-007411,0001696411,CRONA CORP.,0099
1140,http://www.sec.gov/Archives/edgar/data/1396536/000107997323001387/duos_s1.htm,DQC.US.0099.9533,US GAAP 2023,S-1,2023-10-10,2023-10-05 16:53:00,0001079973-23-001387,0001396536,"Duos Technologies Group, Inc.",0099
1141,http://www.sec.gov/Archives/edgar/data/1981535/000149315223035714/forms-4a.htm,DQC.US.0099.9533,US GAAP 2023,S-4/A,2023-10-10,2023-10-04 19:02:00,0001493152-23-035714,0001981535,"SHARPLINK GAMING, INC.",0099
1142,http://www.sec.gov/Archives/edgar/data/87802/000165495423012595/scnd_s1a.htm,DQC.US.0099.9533,US GAAP 2023,S-1/A,2023-10-10,2023-10-04 17:20:00,0001654954-23-012595,0000087802,"SCIENTIFIC INDUSTRIES, INC.",0099
1143,http://www.sec.gov/Archives/edgar/data/6845/000000684523000029/apog-20230826.htm,DQC.US.0099.9533,US GAAP 2023,10-Q,2023-10-10,2023-10-04 16:41:00,0000006845-23-000029,0000006845,"APOGEE ENTERPRISES, INC.",0099
1144,http://www.sec.gov/Archives/edgar/data/1394108/000155479523000317/suic1002form10ka2.htm,DQC.US.0099.9533,US GAAP 2022,10-K/A,2023-10-04,2023-10-04 15:22:00,0001554795-23-000317,0001394108,SUIC     WORLDWIDE HOLDINGS LTD.,0099
1145,http://www.sec.gov/Archives/edgar/data/802257/000118518523001031/mitesco20230331_10q.htm,DQC.US.0099.9533,US GAAP 2023,10-Q,2023-10-04,2023-10-04 12:27:00,0001185185-23-001031,0000802257,"MITESCO, INC",0099
1146,http://www.sec.gov/Archives/edgar/data/1775194/000147793223007307/upxi_10k.htm,DQC.US.0099.9533,US GAAP 2023,10-K,2023-10-03,2023-10-03 06:03:00,0001477932-23-007307,0001775194,"UPEXI, INC.",0099
1147,http://www.sec.gov/Archives/edgar/data/1844793/000109690623001881/yohe-20221231.htm,DQC.US.0099.9533,US GAAP 2023,10-K/A,2023-10-02,2023-10-02 16:11:00,0001096906-23-001881,0001844793,"YO-HEALTH, INC.",0099
1148,http://www.sec.gov/Archives/edgar/data/1517389/000147793223007268/jfil_10q.htm,DQC.US.0099.9533,US GAAP 2023,10-Q,2023-10-02,2023-10-02 10:56:00,0001477932-23-007268,0001517389,"Jubilant Flame International, LTD",0099
1149,http://www.sec.gov/Archives/edgar/data/1647822/000149315223034950/form10-k.htm,DQC.US.0099.9533,US GAAP 2023,10-K,2023-10-02,2023-10-02 06:10:00,0001493152-23-034950,0001647822,"Jingbo Technology, Inc.",0099
1150,http://www.sec.gov/Archives/edgar/data/59860/000119983523000503/grmc-10q.htm,DQC.US.0099.9533,US GAAP 2023,10-Q,2023-10-02,2023-09-29 17:16:00,0001199835-23-000503,0000059860,GOLDRICH MINING COMPANY,0099
1151,http://www.sec.gov/Archives/edgar/data/1443611/000147793223007226/sing_s1a.htm,DQC.US.0099.9533,US GAAP 2023,S-1/A,2023-10-01,2023-09-29 15:06:00,0001477932-23-007226,0001443611,Singlepoint Inc.,0099
1152,http://www.sec.gov/Archives/edgar/data/1391426/000190359623000758/clnv_s1.htm,DQC.US.0099.9533,US GAAP 2022,S-1,2023-10-01,2023-09-28 17:38:00,0001903596-23-000758,0001391426,CLEAN VISION CORPORATION,0099
1153,http://www.sec.gov/Archives/edgar/data/1643721/000147793223007194/lbuy_10k.htm,DQC.US.0099.9533,US GAAP 2023,10-K,2023-10-01,2023-09-28 17:19:00,0001477932-23-007194,0001643721,"LEAFBUYER TECHNOLOGIES, INC.",0099
1154,http://www.sec.gov/Archives/edgar/data/1811530/000159991623000212/nxmh_ye23o.htm,DQC.US.0099.9533,US GAAP 2022,10-K,2023-10-01,2023-09-28 17:04:00,0001599916-23-000212,0001811530,"Next Meats Holdings, Inc.",0099
1155,http://www.sec.gov/Archives/edgar/data/1936804/000121390023080494/ea185943-6k_suncartech.htm,DQC.US.0099.9533,US GAAP 2023,6-K,2023-10-01,2023-09-28 16:18:00,0001213900-23-080494,0001936804,SunCar Technology Group Inc.,0099
1156,http://www.sec.gov/Archives/edgar/data/875729/000107997323001327/bion_10k-063023.htm,DQC.US.0099.9533,US GAAP 2023,10-K,2023-10-01,2023-09-28 15:45:00,0001079973-23-001327,0000875729,"BION ENVIRONMENTAL TECHNOLOGIES, INC.",0099
1157,http://www.sec.gov/Archives/edgar/data/1485029/000109690623001859/nahd-20230630.htm,DQC.US.0099.9533,US GAAP 2023,10-Q,2023-10-01,2023-09-28 11:12:00,0001096906-23-001859,0001485029,"NEW ASIA HOLDINGS, INC.",0099
1158,http://www.sec.gov/Archives/edgar/data/828530/000155335023000434/adfk_10k.htm,DQC.US.0099.9533,US GAAP 2023,10-K,2023-10-01,2023-09-27 16:01:00,0001553350-23-000434,0000828530,ADMIRAL FINANCIAL CORP.,0099
1159,http://www.sec.gov/Archives/edgar/data/1726822/000182912623006294/soulbiotech_10q.htm,DQC.US.0099.9533,US GAAP 2023,10-Q,2023-10-01,2023-09-27 15:35:00,0001829126-23-006294,0001726822,Adorbs Inc,0099
1160,http://www.sec.gov/Archives/edgar/data/1610940/000121390023079811/f10k2023_etfmanag1.htm,DQC.US.0099.9533,US GAAP 2023,10-K,2023-10-01,2023-09-27 11:59:00,0001213900-23-079811,0001610940,Amplify Commodity Trust,0099
1161,http://www.sec.gov/Archives/edgar/data/1190370/000173112223001734/e5065_10qa.htm,DQC.US.0099.9533,US GAAP 2023,10-Q/A,2023-10-01,2023-09-27 10:16:00,0001731122-23-001734,0001190370,"Innovative Designs, Inc.",0099
1162,http://www.sec.gov/Archives/edgar/data/1350102/000107997323001313/asti_s1a.htm,DQC.US.0099.9533,US GAAP 2023,S-1/A,2023-10-01,2023-09-27 09:21:00,0001079973-23-001313,0001350102,"Ascent Solar Technologies, Inc.",0099
1163,http://www.sec.gov/Archives/edgar/data/1350102/000107997323001306/asti_s1a.htm,DQC.US.0099.9533,US GAAP 2023,S-1/A,2023-09-25,2023-09-25 17:18:00,0001079973-23-001306,0001350102,"Ascent Solar Technologies, Inc.",0099
1164,http://www.sec.gov/Archives/edgar/data/1190370/000173112223001728/e5060_10q.htm,DQC.US.0099.9533,US GAAP 2023,10-Q,2023-09-25,2023-09-25 12:53:00,0001731122-23-001728,0001190370,"Innovative Designs, Inc.",0099
1165,http://www.sec.gov/Archives/edgar/data/1443611/000147793223007032/sing_posam.htm,DQC.US.0099.9533,US GAAP 2023,POS AM,2023-09-22,2023-09-22 16:06:00,0001477932-23-007032,0001443611,Singlepoint Inc.,0099
1166,http://www.sec.gov/Archives/edgar/data/59860/000119983523000494/grmc-10q.htm,DQC.US.0099.9533,US GAAP 2023,10-Q,2023-09-22,2023-09-22 13:55:00,0001199835-23-000494,0000059860,GOLDRICH MINING COMPANY,0099
1167,http://www.sec.gov/Archives/edgar/data/1844452/000121390023078331/fs12023_intuitmac.htm,DQC.US.0099.9533,US GAAP 2023,S-1,2023-09-21,2023-09-21 16:07:00,0001213900-23-078331,0001844452,"INTUITIVE MACHINES, INC.",0099
1168,http://www.sec.gov/Archives/edgar/data/1938338/000147793223006997/global_10ka.htm,DQC.US.0099.9533,US GAAP 2023,10-K/A,2023-09-21,2023-09-21 14:06:00,0001477932-23-006997,0001938338,GlobalTech Corporation,0099
1169,http://www.sec.gov/Archives/edgar/data/1906133/000147793223006977/icct_s1.htm,DQC.US.0099.9533,US GAAP 2023,S-1,2023-09-21,2023-09-20 17:29:00,0001477932-23-006977,0001906133,iCoreConnect Inc.,0099
1170,http://www.sec.gov/Archives/edgar/data/1848672/000109690623001821/gdlg-20230731.htm,DQC.US.0099.9533,US GAAP 2023,10-Q/A,2023-09-21,2023-09-20 15:55:00,0001096906-23-001821,0001848672,GLIDELOGIC CORP.,0099
1171,http://www.sec.gov/Archives/edgar/data/1438901/000116169723000502/form_10-q.htm,DQC.US.0099.9533,US GAAP 2023,10-Q,2023-09-21,2023-09-19 20:40:00,0001161697-23-000502,0001438901,"AUTO PARTS 4LESS GROUP, INC.",0099
1172,http://www.sec.gov/Archives/edgar/data/748268/000155479523000305/rcat0919form10q.htm,DQC.US.0099.9533,US GAAP 2023,10-Q,2023-09-20,2023-09-19 17:15:00,0001554795-23-000305,0000748268,"Red Cat Holdings, Inc.",0099
1173,http://www.sec.gov/Archives/edgar/data/1490054/000109690623001814/vbhi-20230731.htm,DQC.US.0099.9533,US GAAP 2023,10-Q,2023-09-20,2023-09-19 13:49:00,0001096906-23-001814,0001490054,"VERDE BIO HOLDINGS, INC.",0099
1174,http://www.sec.gov/Archives/edgar/data/1642365/000182912623006182/alpineautobro_s1a.htm,DQC.US.0099.9533,US GAAP 2023,S-1/A,2023-09-20,2023-09-19 11:40:00,0001829126-23-006182,0001642365,ALPINE AUTO BROKERS INC.,0099
1175,http://www.sec.gov/Archives/edgar/data/1350102/000107997323001283/asti_s1a.htm,DQC.US.0099.9533,US GAAP 2023,S-1/A,2023-09-19,2023-09-18 17:29:00,0001079973-23-001283,0001350102,"Ascent Solar Technologies, Inc.",0099
1176,http://www.sec.gov/Archives/edgar/data/1703625/000119983523000490/blis-10q.htm,DQC.US.0099.9533,US GAAP 2023,10-Q,2023-09-18,2023-09-18 12:46:00,0001199835-23-000490,0001703625,"NAPC Defense, Inc.",0099
1177,http://www.sec.gov/Archives/edgar/data/1882781/000159991623000202/c2block23o.htm,DQC.US.0099.9533,US GAAP 2023,10-K,2023-09-18,2023-09-18 09:09:00,0001599916-23-000202,0001882781,"C2 Blockchain,Inc.",0099
1178,http://www.sec.gov/Archives/edgar/data/1391426/000190359623000728/clnv_s1a.htm,DQC.US.0099.9533,US GAAP 2022,S-1/A,2023-09-15,2023-09-15 17:29:00,0001903596-23-000728,0001391426,CLEAN VISION CORPORATION,0099
1179,http://www.sec.gov/Archives/edgar/data/1443611/000147793223006928/sing_posam.htm,DQC.US.0099.9533,US GAAP 2023,POS AM,2023-09-15,2023-09-15 17:21:00,0001477932-23-006928,0001443611,Singlepoint Inc.,0099
1180,http://www.sec.gov/Archives/edgar/data/1653876/000182912623006106/momentous_10k.htm,DQC.US.0099.9533,US GAAP 2023,10-K,2023-09-15,2023-09-15 07:44:00,0001829126-23-006106,0001653876,MOMENTOUS HOLDINGS CORPORATION,0099
1181,http://www.sec.gov/Archives/edgar/data/1281845/000149315223032701/form10-k.htm,DQC.US.0099.9533,US GAAP 2023,10-K,2023-09-15,2023-09-15 06:02:00,0001493152-23-032701,0001281845,"UNIQUE LOGISTICS INTERNATIONAL, INC.",0099
1182,http://www.sec.gov/Archives/edgar/data/1627554/000101738623000327/pdro_2023jul31-10q.htm,DQC.US.0099.9533,US GAAP 2023,10-Q,2023-09-14,2023-09-14 16:49:00,0001017386-23-000327,0001627554,"Pedro’s List, Inc.",0099
1183,http://www.sec.gov/Archives/edgar/data/1414767/000190359623000722/ncpl_10q.htm,DQC.US.0099.9533,US GAAP 2022,10-Q,2023-09-14,2023-09-14 16:05:00,0001903596-23-000722,0001414767,Netcapital Inc.,0099
1184,http://www.sec.gov/Archives/edgar/data/1512886/000116169723000485/form_10-q.htm,DQC.US.0099.9533,US GAAP 2023,10-Q,2023-09-14,2023-09-14 16:01:00,0001161697-23-000485,0001512886,NEUTRA CORP.,0099
1185,http://www.sec.gov/Archives/edgar/data/1936756/000119983523000480/nbh-forms_1.htm,DQC.US.0099.9533,US GAAP 2023,S-1/A,2023-09-14,2023-09-14 14:28:00,0001199835-23-000480,0001936756,"NEXT BRIDGE HYDROCARBONS, INC.",0099
1186,http://www.sec.gov/Archives/edgar/data/1885336/000121390023076640/f10q0723_sensasuretech.htm,DQC.US.0099.9533,US GAAP 2023,10-Q,2023-09-14,2023-09-14 14:10:00,0001213900-23-076640,0001885336,"FORMATION MINERALS, INC.",0099
1187,http://www.sec.gov/Archives/edgar/data/1350102/000107997323001261/asti_s1a.htm,DQC.US.0099.9533,US GAAP 2023,S-1/A,2023-09-13,2023-09-13 17:26:00,0001079973-23-001261,0001350102,"Ascent Solar Technologies, Inc.",0099
1188,http://www.sec.gov/Archives/edgar/data/1442492/000119983523000476/lrdc-10k.htm,DQC.US.0099.9533,US GAAP 2023,10-K,2023-09-13,2023-09-13 17:25:00,0001199835-23-000476,0001442492,"Laredo Oil, Inc.",0099
1189,http://www.sec.gov/Archives/edgar/data/1729637/000147793223006860/karx_10k.htm,DQC.US.0099.9533,US GAAP 2023,10-K,2023-09-13,2023-09-13 17:17:00,0001477932-23-006860,0001729637,Karbon-X Corp.,0099
1190,http://www.sec.gov/Archives/edgar/data/1901886/000182912623006063/aurafatprojects_f4a1.htm,DQC.US.0099.9533,US GAAP 2023,F-4/A,2023-09-13,2023-09-13 16:30:00,0001829126-23-006063,0001901886,AURA FAT PROJECTS ACQUISITION CORP,0099
1191,http://www.sec.gov/Archives/edgar/data/1497649/000190359623000717/gstx_10q.htm,DQC.US.0099.9533,US GAAP 2023,10-Q,2023-09-13,2023-09-13 12:50:00,0001903596-23-000717,0001497649,GRAPHENE & SOLAR TECHNOLOGIES LTD,0099
1192,http://www.sec.gov/Archives/edgar/data/1496383/000166357723000466/ilus10qa_063023.htm,DQC.US.0099.9533,US GAAP 2023,10-Q/A,2023-09-13,2023-09-13 11:36:00,0001663577-23-000466,0001496383,"Ilustrato Pictures International, Inc.",0099
1193,http://www.sec.gov/Archives/edgar/data/1846809/000175392623001216/g083716_s4a.htm,DQC.US.0099.9533,US GAAP 2023,S-4/A,2023-09-13,2023-09-12 21:28:00,0001753926-23-001216,0001846809,OceanTech Acquisitions I Corp.,0099
1194,http://www.sec.gov/Archives/edgar/data/1813744/000159991623000194/worldscan_q323o.htm,DQC.US.0099.9533,US GAAP 2022,10-Q,2023-09-12,2023-09-12 15:41:00,0001599916-23-000194,0001813744,"World Scan Project, Inc.",0099
1195,http://www.sec.gov/Archives/edgar/data/1680132/000139390523000328/csui-20230531.htm,DQC.US.0099.9533,US GAAP 2023,10-K,2023-09-12,2023-09-12 14:47:00,0001393905-23-000328,0001680132,CANNABIS SUISSE CORP.,0099
1196,http://www.sec.gov/Archives/edgar/data/915358/000091535823000010/sgma-20230731x10q.htm,DQC.US.0099.9533,US GAAP 2023,10-Q,2023-09-12,2023-09-12 11:35:00,0000915358-23-000010,0000915358,"SIGMATRON INTERNATIONAL, INC.",0099
1197,http://www.sec.gov/Archives/edgar/data/1857910/000159991623000190/drfs_q124o.htm,DQC.US.0099.9533,US GAAP 2023,10-Q,2023-09-11,2023-09-11 11:11:00,0001599916-23-000190,0001857910,"Japan Food Tech Holdings, Inc.",0099
1198,http://www.sec.gov/Archives/edgar/data/1973047/000197304723000016/marky_10q.htm,DQC.US.0099.9533,US GAAP 2023,10-Q,2023-09-11,2023-09-11 07:33:00,0001973047-23-000016,0001973047,MARKY CORP.,0099
1199,http://www.sec.gov/Archives/edgar/data/1938338/000147793223006781/global_10ka.htm,DQC.US.0099.9533,US GAAP 2023,10-K/A,2023-09-11,2023-09-08 20:37:00,0001477932-23-006781,0001938338,GlobalTech Corporation,0099
1200,http://www.sec.gov/Archives/edgar/data/1874138/000159991623000188/shgi_10kout.htm,DQC.US.0099.9533,US GAAP 2023,10-K,2023-09-08,2023-09-08 15:42:00,0001599916-23-000188,0001874138,"Sparx     Holdings Group, Inc.",0099
1201,http://www.sec.gov/Archives/edgar/data/1333172/000119312523230676/d525011d6k.htm,DQC.US.0099.9533,US GAAP 2023,6-K,2023-09-07,2023-09-07 16:26:00,0001193125-23-230676,0001333172,NAVIOS MARITIME HOLDINGS INC.,0099
1202,http://www.sec.gov/Archives/edgar/data/1703625/000119983523000466/blis-10k.htm,DQC.US.0099.9533,US GAAP 2023,10-K/A,2023-09-07,2023-09-07 14:56:00,0001199835-23-000466,0001703625,"NAPC Defense, Inc.",0099
1203,http://www.sec.gov/Archives/edgar/data/1634117/000163411723000047/bned-20230729.htm,DQC.US.0099.9533,US GAAP 2023,10-Q,2023-09-06,2023-09-06 16:41:00,0001634117-23-000047,0001634117,"BARNES & NOBLE EDUCATION, INC.",0099
1204,http://www.sec.gov/Archives/edgar/data/1753681/000147793223006651/elite_10q.htm,DQC.US.0099.9533,US GAAP 2023,10-Q,2023-09-06,2023-09-06 15:29:00,0001477932-23-006651,0001753681,Elite Performance Holding Corp.,0099
1205,http://www.sec.gov/Archives/edgar/data/851726/000109690623001753/sfgc-20230331.htm,DQC.US.0099.9533,US GAAP 2023,10-Q,2023-09-06,2023-09-06 13:26:00,0001096906-23-001753,0000851726,SANTA FE GOLD CORPORATION,0099
1206,http://www.sec.gov/Archives/edgar/data/1756180/000168316823006299/nocera_i10ka2.htm,DQC.US.0099.9533,US GAAP 2023,10-K/A,2023-09-06,2023-09-06 12:36:00,0001683168-23-006299,0001756180,"NOCERA, INC.",0099
1207,http://www.sec.gov/Archives/edgar/data/1570937/000155479523000287/atao0905form10qa1.htm,DQC.US.0099.9533,US GAAP 2023,10-Q/A,2023-09-05,2023-09-05 16:02:00,0001554795-23-000287,0001570937,Altair International Corp.,0099
1208,http://www.sec.gov/Archives/edgar/data/827099/000165495423011543/cpwr_10k.htm,DQC.US.0099.9533,US GAAP 2023,10-K,2023-09-05,2023-09-05 15:12:00,0001654954-23-011543,0000827099,OCEAN THERMAL ENERGY CORPORATION,0099
1209,http://www.sec.gov/Archives/edgar/data/1812360/000121390023073554/ea184629-s1a1_foxotech.htm,DQC.US.0099.9533,US GAAP 2023,S-1/A,2023-09-05,2023-09-05 06:06:00,0001213900-23-073554,0001812360,FOXO TECHNOLOGIES INC.,0099
1210,http://www.sec.gov/Archives/edgar/data/1849820/000121390023073538/ea183417-s1a1_nauticus.htm,DQC.US.0099.9533,US GAAP 2023,S-1/A,2023-09-05,2023-09-01 21:54:00,0001213900-23-073538,0001849820,"NAUTICUS ROBOTICS, INC.",0099
1211,http://www.sec.gov/Archives/edgar/data/1862068/000182912623005876/rubicontech_s1a4.htm,DQC.US.0099.9533,US GAAP 2023,S-1/A,2023-09-05,2023-09-01 18:19:00,0001829126-23-005876,0001862068,"Rubicon Technologies, Inc.",0099
1212,http://www.sec.gov/Archives/edgar/data/1121795/000155335023000419/ghst_10qv3.htm,DQC.US.0099.9533,US GAAP 2022,10-Q/A,2023-09-02,2023-09-01 17:29:00,0001553350-23-000419,0001121795,GHST World Inc.,0099
1213,http://www.sec.gov/Archives/edgar/data/1493712/000139390523000324/cmxc-20230531.htm,DQC.US.0099.9533,US GAAP 2023,10-K,2023-09-02,2023-09-01 17:18:00,0001393905-23-000324,0001493712,STIMCELL ENERGETICS INC.,0099
1214,http://www.sec.gov/Archives/edgar/data/357294/000143774923025061/hov20230731_10q.htm,DQC.US.0099.9533,US GAAP 2023,10-Q,2023-09-01,2023-09-01 16:09:00,0001437749-23-025061,0000357294,"HOVNANIAN ENTERPRISES, INC.",0099
1215,http://www.sec.gov/Archives/edgar/data/1938186/000121390023073212/ea184286-6k_jayudglobal.htm,DQC.US.0099.9533,US GAAP 2023,6-K,2023-09-01,2023-09-01 16:01:00,0001213900-23-073212,0001938186,Jayud Global Logistics Limited,0099
1216,http://www.sec.gov/Archives/edgar/data/1065696/000106569623000087/lkq-20230901.htm,DQC.US.0099.9533,US GAAP 2023,S-4,2023-09-01,2023-09-01 15:34:00,0001065696-23-000087,0001065696,LKQ CORPORATION,0099
1217,http://www.sec.gov/Archives/edgar/data/744187/000093041323002074/c106955_10q-ixbrl.htm,DQC.US.0099.9533,US GAAP 2023,10-Q,2023-09-01,2023-09-01 11:11:00,0000930413-23-002074,0000744187,REX AMERICAN RESOURCES CORPORATION,0099
1218,http://www.sec.gov/Archives/edgar/data/1891791/000182912623005838/transglobal_10q.htm,DQC.US.0099.9533,US GAAP 2023,10-Q,2023-09-01,2023-09-01 10:04:00,0001829126-23-005838,0001891791,Trans Global Group Inc.,0099
1219,http://www.sec.gov/Archives/edgar/data/1753681/000147793223006574/elite_10q.htm,DQC.US.0099.9533,US GAAP 2023,10-Q,2023-09-01,2023-09-01 06:02:00,0001477932-23-006574,0001753681,Elite Performance Holding Corp.,0099
1220,http://www.sec.gov/Archives/edgar/data/1787412/000159991623000184/wbba10q323o.htm,DQC.US.0099.9533,US GAAP 2022,10-Q,2023-08-31,2023-08-31 11:15:00,0001599916-23-000184,0001787412,"WB Burgers Asia, Inc.",0099
1221,http://www.sec.gov/Archives/edgar/data/1391426/000190359623000691/clnv_s1.htm,DQC.US.0099.9533,US GAAP 2022,S-1,2023-08-31,2023-08-30 21:59:00,0001903596-23-000691,0001391426,CLEAN VISION CORPORATION,0099
1222,http://www.sec.gov/Archives/edgar/data/1394108/000155479523000285/suic0828form10qa1.htm,DQC.US.0099.9533,US GAAP 2023,10-Q/A,2023-08-29,2023-08-29 16:06:00,0001554795-23-000285,0001394108,SUIC     WORLDWIDE HOLDINGS LTD.,0099
1223,http://www.sec.gov/Archives/edgar/data/1394108/000155479523000283/suic0822form10ka1.htm,DQC.US.0099.9533,US GAAP 2022,10-K/A,2023-08-29,2023-08-29 16:04:00,0001554795-23-000283,0001394108,SUIC     WORLDWIDE HOLDINGS LTD.,0099
1224,http://www.sec.gov/Archives/edgar/data/793171/000149315223030408/forms-1a.htm,DQC.US.0099.9533,US GAAP 2023,S-1/A,2023-08-29,2023-08-28 21:58:00,0001493152-23-030408,0000793171,"VITRO BIOPHARMA, INC.",0099
1225,http://www.sec.gov/Archives/edgar/data/1538217/000149315223030357/form10-q.htm,DQC.US.0099.9533,US GAAP 2022,10-Q,2023-08-28,2023-08-28 16:05:00,0001493152-23-030357,0001538217,"SRAX, INC.",0099
1226,http://www.sec.gov/Archives/edgar/data/1527702/000166357723000447/iqst_s1a3.htm,DQC.US.0099.9533,US GAAP 2022,S-1/A,2023-08-25,2023-08-25 16:54:00,0001663577-23-000447,0001527702,iQSTEL Inc.,0099
1227,http://www.sec.gov/Archives/edgar/data/1812360/000121390023070921/ea184215-s1_foxotech.htm,DQC.US.0099.9533,US GAAP 2023,S-1,2023-08-25,2023-08-25 16:16:00,0001213900-23-070921,0001812360,FOXO TECHNOLOGIES INC.,0099
1228,http://www.sec.gov/Archives/edgar/data/1842498/000117891323002997/exhibit_99-1.htm,DQC.US.0099.9533,US GAAP 2023,6-K,2023-08-25,2023-08-25 16:01:00,0001178913-23-002997,0001842498,OTONOMO TECHNOLOGIES LTD.,0099
1229,http://www.sec.gov/Archives/edgar/data/39911/000003991123000110/gps-20230729.htm,DQC.US.0099.9533,US GAAP 2023,10-Q,2023-08-25,2023-08-25 13:40:00,0000039911-23-000110,0000039911,"GAP, INC",0099
1230,http://www.sec.gov/Archives/edgar/data/1514443/000182912623005654/ameriguardsec_s1a3.htm,DQC.US.0099.9533,US GAAP 2023,S-1/A,2023-08-25,2023-08-25 12:00:00,0001829126-23-005654,0001514443,"AMERIGUARD SECURITY SERVICES, INC.",0099
1231,http://www.sec.gov/Archives/edgar/data/1522222/000118518523000917/cls20230531_10k.htm,DQC.US.0099.9533,US GAAP 2023,10-K,2023-08-24,2023-08-24 16:01:00,0001185185-23-000917,0001522222,"CLS HOLDINGS USA, INC.",0099
1232,http://www.sec.gov/Archives/edgar/data/1265521/000166357723000441/trfe10q2_063023.htm,DQC.US.0099.9533,US GAAP 2023,10-Q,2023-08-23,2023-08-23 17:12:00,0001663577-23-000441,0001265521,"Polomar Health Services, Inc.",0099
1233,http://www.sec.gov/Archives/edgar/data/1672886/000107997323001193/zhongyuan_f1a.htm,DQC.US.0099.9533,US GAAP 2023,F-1/A,2023-08-22,2023-08-22 17:16:00,0001079973-23-001193,0001672886,ZHONG YUAN BIO-TECHNOLOGY HOLDINGS LIMITED,0099
1234,http://www.sec.gov/Archives/edgar/data/1567388/000164033423001619/nink_10k.htm,DQC.US.0099.9533,US GAAP 2023,10-K,2023-08-22,2023-08-22 16:31:00,0001640334-23-001619,0001567388,NAMI CORP.,0099
1235,http://www.sec.gov/Archives/edgar/data/1393540/000147793223006397/igen_10q.htm,DQC.US.0099.9533,US GAAP 2023,10-Q,2023-08-22,2023-08-22 13:26:00,0001477932-23-006397,0001393540,IGEN NETWORKS CORPORATION,0099
1236,http://www.sec.gov/Archives/edgar/data/1673481/000149315223029753/form10-q.htm,DQC.US.0099.9533,US GAAP 2023,10-Q,2023-08-22,2023-08-21 21:51:00,0001493152-23-029753,0001673481,Lottery.com Inc.,0099
1237,http://www.sec.gov/Archives/edgar/data/1391426/000190359623000649/clnv_10q.htm,DQC.US.0099.9533,US GAAP 2022,10-Q,2023-08-21,2023-08-21 17:23:00,0001903596-23-000649,0001391426,CLEAN VISION CORPORATION,0099
1238,http://www.sec.gov/Archives/edgar/data/1864032/000121465923011568/p73123610q.htm,DQC.US.0099.9533,US GAAP 2023,10-Q,2023-08-21,2023-08-21 17:12:00,0001214659-23-011568,0001864032,Ault Disruptive Technologies Corporation,0099
1239,http://www.sec.gov/Archives/edgar/data/1500123/000155479523000272/inlb0821form10q.htm,DQC.US.0099.9533,US GAAP 2023,10-Q,2023-08-21,2023-08-21 17:11:00,0001554795-23-000272,0001500123,ITEM 9 LABS CORP.,0099
1240,http://www.sec.gov/Archives/edgar/data/1853580/000182912623005580/portagefintechacq_10q.htm,DQC.US.0099.9533,US GAAP 2023,10-Q,2023-08-21,2023-08-21 17:09:00,0001829126-23-005580,0001853580,PERCEPTION CAPITAL CORP. III,0099
1241,http://www.sec.gov/Archives/edgar/data/1324736/000147793223006343/henc_10q.htm,DQC.US.0099.9533,US GAAP 2023,10-Q,2023-08-21,2023-08-21 17:00:00,0001477932-23-006343,0001324736,Hero Technologies Inc.,0099
1242,http://www.sec.gov/Archives/edgar/data/896493/000121465923011564/aa81123110q.htm,DQC.US.0099.9533,US GAAP 2023,10-Q,2023-08-21,2023-08-21 16:50:00,0001214659-23-011564,0000896493,"HYPERSCALE DATA, INC.",0099
1243,http://www.sec.gov/Archives/edgar/data/1445109/000118518523000890/nsgp20230630_10q.htm,DQC.US.0099.9533,US GAAP 2023,10-Q,2023-08-21,2023-08-21 16:47:00,0001185185-23-000890,0001445109,"NEWSTREAM ENERGY TECHNOLOGIES GROUP, INC.",0099
1244,http://www.sec.gov/Archives/edgar/data/1897982/000189798223000045/azpn-20230630.htm,DQC.US.0099.9533,US GAAP 2023,10-K,2023-08-21,2023-08-21 16:46:00,0001897982-23-000045,0001897982,"ASPEN TECHNOLOGY, INC.",0099
1245,http://www.sec.gov/Archives/edgar/data/792935/000190359623000646/grst_10q.htm,DQC.US.0099.9533,US GAAP 2022,10-Q,2023-08-21,2023-08-21 16:37:00,0001903596-23-000646,0000792935,ETHEMA HEALTH CORPORATION.,0099
1246,http://www.sec.gov/Archives/edgar/data/1865045/000182912623005576/fatprojectsacq_10q.htm,DQC.US.0099.9533,US GAAP 2023,10-Q,2023-08-21,2023-08-21 16:30:00,0001829126-23-005576,0001865045,Fat Projects Acquisition Corp,0099
1247,http://www.sec.gov/Archives/edgar/data/1401521/000140152123000112/uihc-20230630.htm,DQC.US.0099.9533,US GAAP 2023,10-Q,2023-08-21,2023-08-21 16:29:00,0001401521-23-000112,0001401521,American Coastal Insurance Corporation,0099
1248,http://www.sec.gov/Archives/edgar/data/1401521/000140152123000111/uihc-20230331.htm,DQC.US.0099.9533,US GAAP 2023,10-Q/A,2023-08-21,2023-08-21 16:27:00,0001401521-23-000111,0001401521,American Coastal Insurance Corporation,0099
1249,http://www.sec.gov/Archives/edgar/data/1877788/000187778823000036/cstf-10q.htm,DQC.US.0099.9533,US GAAP 2023,10-Q,2023-08-21,2023-08-21 16:17:00,0001877788-23-000036,0001877788,CuraScientific Corp.,0099
1250,http://www.sec.gov/Archives/edgar/data/1530746/000190359623000645/kays_10q.htm,DQC.US.0099.9533,US GAAP 2022,10-Q,2023-08-21,2023-08-21 16:15:00,0001903596-23-000645,0001530746,"KAYA HOLDINGS, INC.",0099
1251,http://www.sec.gov/Archives/edgar/data/1759424/000147793223006325/evil_10q.htm,DQC.US.0099.9533,US GAAP 2023,10-Q,2023-08-21,2023-08-21 15:33:00,0001477932-23-006325,0001759424,"EVIL EMPIRE DESIGNS, INC.",0099
1252,http://www.sec.gov/Archives/edgar/data/1678105/000164033423001613/caro_10q.htm,DQC.US.0099.9533,US GAAP 2023,10-Q,2023-08-21,2023-08-21 15:03:00,0001640334-23-001613,0001678105,CARO HOLDINGS INC.,0099
1253,http://www.sec.gov/Archives/edgar/data/1842498/000117891323002942/zk2330198.htm,DQC.US.0099.9533,US GAAP 2023,F-4/A,2023-08-21,2023-08-21 14:47:00,0001178913-23-002942,0001842498,OTONOMO TECHNOLOGIES LTD.,0099
1254,http://www.sec.gov/Archives/edgar/data/1410187/000101738623000319/cnnc2023jun30_10q.htm,DQC.US.0099.9533,US GAAP 2023,10-Q,2023-08-21,2023-08-21 14:22:00,0001017386-23-000319,0001410187,CANNONAU CORP,0099
1255,http://www.sec.gov/Archives/edgar/data/1394108/000155479523000270/suic0815form10q.htm,DQC.US.0099.9533,US GAAP 2023,10-Q,2023-08-21,2023-08-21 14:20:00,0001554795-23-000270,0001394108,SUIC     WORLDWIDE HOLDINGS LTD.,0099
1256,http://www.sec.gov/Archives/edgar/data/867038/000101738623000316/sog_2023jun30-10q.htm,DQC.US.0099.9533,US GAAP 2023,10-Q,2023-08-21,2023-08-21 14:02:00,0001017386-23-000316,0000867038,SPINDLETOP OIL & GAS CO.,0099
1257,http://www.sec.gov/Archives/edgar/data/1417664/000121465923011539/ve81423510q.htm,DQC.US.0099.9533,US GAAP 2023,10-Q,2023-08-21,2023-08-21 13:55:00,0001214659-23-011539,0001417664,"Value Exchange International, Inc.",0099
1258,http://www.sec.gov/Archives/edgar/data/1393781/000166357723000431/qind10kt_063023.htm,DQC.US.0099.9533,US GAAP 2023,10-KT,2023-08-21,2023-08-21 13:09:00,0001663577-23-000431,0001393781,Quality Industrial Corp.,0099
1259,http://www.sec.gov/Archives/edgar/data/1360442/000109690623001653/cbds_10q.htm,DQC.US.0099.9533,US GAAP 2023,10-Q,2023-08-21,2023-08-21 12:03:00,0001096906-23-001653,0001360442,"Dogecoin Cash, Inc.",0099
1260,http://www.sec.gov/Archives/edgar/data/1376804/000182912623005556/vnueinc_10q.htm,DQC.US.0099.9533,US GAAP 2023,10-Q,2023-08-21,2023-08-21 08:00:00,0001829126-23-005556,0001376804,"VNUE, INC.",0099
1261,http://www.sec.gov/Archives/edgar/data/1024672/000117891323002938/exhibit_99-1.htm,DQC.US.0099.9533,US GAAP 2023,6-K,2023-08-21,2023-08-21 07:10:00,0001178913-23-002938,0001024672,Eltek Ltd.,0099
1262,http://www.sec.gov/Archives/edgar/data/1138867/000153949723001484/n3220_x18-10q.htm,DQC.US.0099.9533,US GAAP 2023,10-Q,2023-08-21,2023-08-21 06:55:00,0001539497-23-001484,0001138867,"EESTech, Inc",0099
1263,http://www.sec.gov/Archives/edgar/data/1843656/000147793223006284/amao_10q.htm,DQC.US.0099.9533,US GAAP 2023,10-Q,2023-08-21,2023-08-18 18:00:00,0001477932-23-006284,0001843656,ROYALTY MANAGEMENT HOLDING CORPORATION,0099
1264,http://www.sec.gov/Archives/edgar/data/1811109/000160706223000414/auvi063023form10q.htm,DQC.US.0099.9533,US GAAP 2023,10-Q,2023-08-18,2023-08-18 17:00:00,0001607062-23-000414,0001811109,"APPLIED UV, INC.",0099
1265,http://www.sec.gov/Archives/edgar/data/1648903/000147793223006273/fifg_10q.htm,DQC.US.0099.9533,US GAAP 2023,10-Q,2023-08-18,2023-08-18 16:29:00,0001477932-23-006273,0001648903,"FIRST FOODS GROUP, INC.",0099
1266,http://www.sec.gov/Archives/edgar/data/1382574/000149315223029435/form10-q.htm,DQC.US.0099.9533,US GAAP 2023,10-Q,2023-08-18,2023-08-18 16:05:00,0001493152-23-029435,0001382574,"SCIENTURE HOLDINGS, INC.",0099
1267,http://www.sec.gov/Archives/edgar/data/1860514/000182912623005532/tkbcritical_10q.htm,DQC.US.0099.9533,US GAAP 2023,10-Q,2023-08-18,2023-08-18 16:05:00,0001829126-23-005532,0001860514,ROTH CH ACQUISITION CO.,0099
1268,http://www.sec.gov/Archives/edgar/data/1138476/000118518523000869/pacifichco20230630_10q.htm,DQC.US.0099.9533,US GAAP 2023,10-Q,2023-08-18,2023-08-18 15:23:00,0001185185-23-000869,0001138476,"PACIFIC HEALTH CARE ORGANIZATION, INC.",0099
1269,http://www.sec.gov/Archives/edgar/data/1089297/000109690623001628/nvgt-20230630.htm,DQC.US.0099.9533,US GAAP 2023,10-Q,2023-08-18,2023-08-18 10:11:00,0001096906-23-001628,0001089297,NOVAGANT CORP.,0099
1270,http://www.sec.gov/Archives/edgar/data/1935092/000107997323001178/cyber_10q-063023.htm,DQC.US.0099.9533,US GAAP 2023,10-Q,2023-08-18,2023-08-17 18:23:00,0001079973-23-001178,0001935092,"Cyber Enviro-Tech, Inc.",0099
1271,http://www.sec.gov/Archives/edgar/data/1502152/000116169723000456/form_10-q.htm,DQC.US.0099.9533,US GAAP 2023,10-Q,2023-08-17,2023-08-17 16:01:00,0001161697-23-000456,0001502152,GlobeStar Therapeutics Corp,0099
1272,http://www.sec.gov/Archives/edgar/data/1113313/000160706223000410/avni063023form10q.htm,DQC.US.0099.9533,US GAAP 2022,10-Q,2023-08-17,2023-08-17 15:38:00,0001607062-23-000410,0001113313,ARVANA INC.,0099
1273,http://www.sec.gov/Archives/edgar/data/1072725/000107272523000027/gdrzfform6kex991081723.htm,DQC.US.0099.9533,US GAAP 2023,6-K,2023-08-17,2023-08-17 11:48:00,0001072725-23-000027,0001072725,GOLD RESERVE LTD.,0099
1274,http://www.sec.gov/Archives/edgar/data/831378/000147793223006229/lvpa_10q.htm,DQC.US.0099.9533,US GAAP 2023,10-Q,2023-08-17,2023-08-17 11:10:00,0001477932-23-006229,0000831378,LVPAI GROUP LIMITED,0099
1275,http://www.sec.gov/Archives/edgar/data/1471781/000173112223001540/e4947_10q.htm,DQC.US.0099.9533,US GAAP 2023,10-Q,2023-08-17,2023-08-17 06:15:00,0001731122-23-001540,0001471781,GBT TECHNOLOGIES INC.,0099
1276,http://www.sec.gov/Archives/edgar/data/894556/000164033423001591/general_10q.htm,DQC.US.0099.9533,US GAAP 2023,10-Q,2023-08-16,2023-08-16 16:21:00,0001640334-23-001591,0000894556,"General Enterprise Ventures, Inc.",0099
1277,http://www.sec.gov/Archives/edgar/data/1857910/000159991623000177/drfs_10k23o.htm,DQC.US.0099.9533,US GAAP 2022,10-K,2023-08-16,2023-08-16 14:36:00,0001599916-23-000177,0001857910,"Japan Food Tech Holdings, Inc.",0099
1278,http://www.sec.gov/Archives/edgar/data/1938338/000147793223006211/global_10ka.htm,DQC.US.0099.9533,US GAAP 2023,10-K/A,2023-08-16,2023-08-16 12:25:00,0001477932-23-006211,0001938338,GlobalTech Corporation,0099
1279,http://www.sec.gov/Archives/edgar/data/1740797/000174079723000066/avai10q30june2023.htm,DQC.US.0099.9533,US GAAP 2023,10-Q,2023-08-16,2023-08-16 11:52:00,0001740797-23-000066,0001740797,AVANT TECHNOLOGIES INC.,0099
1280,http://www.sec.gov/Archives/edgar/data/1737523/000147793223006208/bglc_10q.htm,DQC.US.0099.9533,US GAAP 2023,10-Q,2023-08-16,2023-08-16 11:26:00,0001477932-23-006208,0001737523,BioNexus Gene Lab Corp.,0099
1281,http://www.sec.gov/Archives/edgar/data/1342936/000137647423000413/avoi-20230630.htm,DQC.US.0099.9533,US GAAP 2023,10-Q/A,2023-08-16,2023-08-16 10:34:00,0001376474-23-000413,0001342936,"Rivulet Entertainment, Inc.",0099
1282,http://www.sec.gov/Archives/edgar/data/1888740/000119983523000451/lseb-10q.htm,DQC.US.0099.9533,US GAAP 2023,10-Q,2023-08-16,2023-08-16 10:01:00,0001199835-23-000451,0001888740,LSEB CREATIVE CORP.,0099
1283,http://www.sec.gov/Archives/edgar/data/1860879/000182912623005472/rigelresources_10q.htm,DQC.US.0099.9533,US GAAP 2023,10-Q,2023-08-16,2023-08-15 20:59:00,0001829126-23-005472,0001860879,Rigel Resource Acquisition Corp,0099
1284,http://www.sec.gov/Archives/edgar/data/1495584/000139834423014977/fp0084654-3_10qaixbrl.htm,DQC.US.0099.9533,US GAAP 2023,10-Q/A,2023-08-15,2023-08-15 17:29:00,0001398344-23-014977,0001495584,"Firsthand Technology Value Fund, Inc.",0099
1285,http://www.sec.gov/Archives/edgar/data/1346655/000101738623000312/cmgo_2023jun30-10q.htm,DQC.US.0099.9533,US GAAP 2023,10-Q,2023-08-15,2023-08-15 16:05:00,0001017386-23-000312,0001346655,"CMG HOLDINGS GROUP, INC.",0099
1286,http://www.sec.gov/Archives/edgar/data/1442999/000166357723000418/abti10q_063023.htm,DQC.US.0099.9533,US GAAP 2023,10-Q,2023-08-15,2023-08-15 14:45:00,0001663577-23-000418,0001442999,"Alterola Biotech, Inc.",0099
1287,http://www.sec.gov/Archives/edgar/data/1737706/000162828023029461/sdrl-20230630.htm,DQC.US.0099.9533,US GAAP 2022,6-K,2023-08-15,2023-08-14 17:55:00,0001628280-23-029461,0001737706,SEADRILL LIMITED,0099
1288,http://www.sec.gov/Archives/edgar/data/1846809/000175392623001066/g083679_10q.htm,DQC.US.0099.9533,US GAAP 2023,10-Q,2023-08-15,2023-08-14 17:28:00,0001753926-23-001066,0001846809,OceanTech Acquisitions I Corp.,0099
1289,http://www.sec.gov/Archives/edgar/data/1856161/000182912623005432/pearlholdings_10q.htm,DQC.US.0099.9533,US GAAP 2023,10-Q,2023-08-15,2023-08-14 17:28:00,0001829126-23-005432,0001856161,PEARL HOLDINGS ACQUISITION CORP,0099
1290,http://www.sec.gov/Archives/edgar/data/1016178/000101617823000017/carv-20230630.htm,DQC.US.0099.9533,US GAAP 2023,10-Q,2023-08-15,2023-08-14 17:27:00,0001016178-23-000017,0001016178,"CARVER BANCORP, INC.",0099
1291,http://www.sec.gov/Archives/edgar/data/1392545/000089016323000037/lgtg-20230630.xml,DQC.US.0099.9533,US GAAP 2023,10-Q,2023-08-15,2023-08-14 17:20:00,0000890163-23-000037,0001392545,"Lightning Gaming, Inc.",0099
1292,http://www.sec.gov/Archives/edgar/data/1788841/000107997323001163/mcom_10q.htm,DQC.US.0099.9533,US GAAP 2023,10-Q,2023-08-15,2023-08-14 17:13:00,0001079973-23-001163,0001788841,micromobility.com Inc.,0099
1293,http://www.sec.gov/Archives/edgar/data/1393772/000119983523000442/budz-10q.htm,DQC.US.0099.9533,US GAAP 2023,10-Q,2023-08-15,2023-08-14 17:09:00,0001199835-23-000442,0001393772,"WEED, INC.",0099
1294,http://www.sec.gov/Archives/edgar/data/1936756/000119983523000440/nbh-10q.htm,DQC.US.0099.9533,US GAAP 2023,10-Q,2023-08-15,2023-08-14 17:05:00,0001199835-23-000440,0001936756,"NEXT BRIDGE HYDROCARBONS, INC.",0099
1295,http://www.sec.gov/Archives/edgar/data/1708527/000155837023014906/azyo-20230630x10q.htm,DQC.US.0099.9533,US GAAP 2022,10-Q,2023-08-15,2023-08-14 17:00:00,0001558370-23-014906,0001708527,Elutia Inc.,0099
1296,http://www.sec.gov/Archives/edgar/data/1709542/000121465923011311/s8923010q.htm,DQC.US.0099.9533,US GAAP 2023,10-Q,2023-08-15,2023-08-14 17:00:00,0001214659-23-011311,0001709542,"ELECTRONIC SERVITOR PUBLICATION NETWORK, INC.",0099
1297,http://www.sec.gov/Archives/edgar/data/1074828/000165495423010781/knwn_10q.htm,DQC.US.0099.9533,US GAAP 2023,10-Q,2023-08-15,2023-08-14 16:47:00,0001654954-23-010781,0001074828,"KNOW LABS, INC.",0099
1298,http://www.sec.gov/Archives/edgar/data/1056358/000105635823000055/mtex-20230630.htm,DQC.US.0099.9533,US GAAP 2023,10-Q,2023-08-15,2023-08-14 16:46:00,0001056358-23-000055,0001056358,"MANNATECH, INCORPORATED",0099
1299,http://www.sec.gov/Archives/edgar/data/1849902/000175392623001064/g083690_10q.htm,DQC.US.0099.9533,US GAAP 2023,10-Q,2023-08-15,2023-08-14 16:46:00,0001753926-23-001064,0001849902,SEP ACQUISITION CORP.,0099
1300,http://www.sec.gov/Archives/edgar/data/1865191/000173112223001501/e4914_10q.htm,DQC.US.0099.9533,US GAAP 2023,10-Q,2023-08-15,2023-08-14 16:46:00,0001731122-23-001501,0001865191,TG Venture Acquisition Corp.,0099
1301,http://www.sec.gov/Archives/edgar/data/1840425/000089843223000624/blac-20230630.htm,DQC.US.0099.9533,US GAAP 2023,10-Q,2023-08-15,2023-08-14 16:45:00,0000898432-23-000624,0001840425,BELLEVUE LIFE SCIENCES ACQUISITION CORP.,0099
1302,http://www.sec.gov/Archives/edgar/data/87802/000165495423010777/scnd_10q.htm,DQC.US.0099.9533,US GAAP 2023,10-Q,2023-08-15,2023-08-14 16:42:00,0001654954-23-010777,0000087802,"SCIENTIFIC INDUSTRIES, INC.",0099
1303,http://www.sec.gov/Archives/edgar/data/1495231/000149523123000149/izea-20230630.htm,DQC.US.0099.9533,US GAAP 2023,10-Q,2023-08-15,2023-08-14 16:40:00,0001495231-23-000149,0001495231,"IZEA WORLDWIDE, INC.",0099
1304,http://www.sec.gov/Archives/edgar/data/1435181/000147793223006115/phbi_10q.htm,DQC.US.0099.9533,US GAAP 2023,10-Q,2023-08-15,2023-08-14 16:38:00,0001477932-23-006115,0001435181,PHARMAGREEN BIOTECH INC.,0099
1305,http://www.sec.gov/Archives/edgar/data/1820875/000182912623005413/cxappinc_10q.htm,DQC.US.0099.9533,US GAAP 2023,10-Q,2023-08-15,2023-08-14 16:37:00,0001829126-23-005413,0001820875,CXApp Inc.,0099
1306,http://www.sec.gov/Archives/edgar/data/1543652/000109690623001599/fflo-20230630.htm,DQC.US.0099.9533,US GAAP 2023,10-Q,2023-08-15,2023-08-14 16:34:00,0001096906-23-001599,0001543652,Free Flow USA Inc.,0099
1307,http://www.sec.gov/Archives/edgar/data/1025561/000149315223028536/form10-q.htm,DQC.US.0099.9533,US GAAP 2023,10-Q,2023-08-15,2023-08-14 16:32:00,0001493152-23-028536,0001025561,SHARPLINK GAMING LTD.,0099
1308,http://www.sec.gov/Archives/edgar/data/1643301/000147793223006108/curr_10q.htm,DQC.US.0099.9533,US GAAP 2023,10-Q,2023-08-15,2023-08-14 16:32:00,0001477932-23-006108,0001643301,"AVENIR WELLNESS SOLUTIONS, INC.",0099
1309,http://www.sec.gov/Archives/edgar/data/93314/000147793223006106/vnrx_10q.htm,DQC.US.0099.9533,US GAAP 2023,10-Q,2023-08-15,2023-08-14 16:31:00,0001477932-23-006106,0000093314,VolitionRx Limited,0099
1310,http://www.sec.gov/Archives/edgar/data/1266806/000175392623001062/g083682_10q.htm,DQC.US.0099.9533,US GAAP 2023,10-Q,2023-08-15,2023-08-14 16:30:00,0001753926-23-001062,0001266806,"Vivani Medical, Inc.",0099
1311,http://www.sec.gov/Archives/edgar/data/1575659/000139390523000312/rtsl-20230630.htm,DQC.US.0099.9533,US GAAP 2023,10-Q,2023-08-15,2023-08-14 16:30:00,0001393905-23-000312,0001575659,"Rapid Therapeutic Science Laboratories, Inc.",0099
1312,http://www.sec.gov/Archives/edgar/data/1431074/000139390523000311/brgo-20230630.htm,DQC.US.0099.9533,US GAAP 2023,10-Q,2023-08-14,2023-08-14 16:29:00,0001393905-23-000311,0001431074,"BERGIO INTERNATIONAL, INC.",0099
1313,http://www.sec.gov/Archives/edgar/data/1560672/000156067223000061/earn-20230630.htm,DQC.US.0099.9533,US GAAP 2023,10-Q,2023-08-14,2023-08-14 16:28:00,0001560672-23-000061,0001560672,Ellington Credit Company,0099
1314,http://www.sec.gov/Archives/edgar/data/838875/000119983523000437/wvvi-10q.htm,DQC.US.0099.9533,US GAAP 2023,10-Q,2023-08-15,2023-08-14 16:20:00,0001199835-23-000437,0000838875,"WILLAMETTE VALLEY VINEYARDS, INC.",0099
1315,http://www.sec.gov/Archives/edgar/data/1101026/000165495423010769/zivo_10q.htm,DQC.US.0099.9533,US GAAP 2023,10-Q,2023-08-15,2023-08-14 16:17:00,0001654954-23-010769,0001101026,"ZIVO BIOSCIENCE, INC.",0099
1316,http://www.sec.gov/Archives/edgar/data/1429260/000155837023014854/fbio-20230630x10q.htm,DQC.US.0099.9533,US GAAP 2023,10-Q,2023-08-15,2023-08-14 16:16:00,0001558370-23-014854,0001429260,"Fortress Biotech, Inc.",0099
1317,http://www.sec.gov/Archives/edgar/data/1876945/000165495423010767/glfc_10q.htm,DQC.US.0099.9533,US GAAP 2022,10-Q,2023-08-15,2023-08-14 16:16:00,0001654954-23-010767,0001876945,Gold Flora Corporation,0099
1318,http://www.sec.gov/Archives/edgar/data/1084133/000126493123000046/realq22023.htm,DQC.US.0099.9533,US GAAP 2023,10-Q,2023-08-15,2023-08-14 16:15:00,0001264931-23-000046,0001084133,REAL BRANDS INC.,0099
1319,http://www.sec.gov/Archives/edgar/data/40570/000147793223006098/job_10q.htm,DQC.US.0099.9533,US GAAP 2023,10-Q,2023-08-15,2023-08-14 16:15:00,0001477932-23-006098,0000040570,GEE GROUP INC.,0099
1320,http://www.sec.gov/Archives/edgar/data/1352952/000109690623001595/cnfn-20230630.htm,DQC.US.0099.9533,US GAAP 2023,10-Q,2023-08-15,2023-08-14 16:09:00,0001096906-23-001595,0001352952,CFN ENTERPRISES INC.,0099
1321,http://www.sec.gov/Archives/edgar/data/1494582/000143774923023669/bomn20230630_10q.htm,DQC.US.0099.9533,US GAAP 2023,10-Q,2023-08-15,2023-08-14 16:08:00,0001437749-23-023669,0001494582,BOSTON OMAHA CORPORATION,0099
1322,http://www.sec.gov/Archives/edgar/data/1072842/000118518523000847/firstcap20230630_10q.htm,DQC.US.0099.9533,US GAAP 2023,10-Q,2023-08-14,2023-08-14 16:06:00,0001185185-23-000847,0001072842,"First Capital International, Inc.",0099
1323,http://www.sec.gov/Archives/edgar/data/1468910/000182912623005403/millburnmulti_10q.htm,DQC.US.0099.9533,US GAAP 2023,10-Q,2023-08-14,2023-08-14 16:06:00,0001829126-23-005403,0001468910,MILLBURN MULTI-MARKETS FUND L.P.,0099
1324,http://www.sec.gov/Archives/edgar/data/1491487/000121390023067020/f10q0623_takungart.htm,DQC.US.0099.9533,US GAAP 2023,10-Q,2023-08-14,2023-08-14 16:06:00,0001213900-23-067020,0001491487,"TAKUNG ART CO., LTD",0099
1325,http://www.sec.gov/Archives/edgar/data/1830081/000121390023067009/f10q0623_rumbleinc.htm,DQC.US.0099.9533,US GAAP 2023,10-Q,2023-08-14,2023-08-14 16:06:00,0001213900-23-067009,0001830081,Rumble Inc.,0099
1326,http://www.sec.gov/Archives/edgar/data/723533/000101738623000306/lwlw_2023jun30-10q.htm,DQC.US.0099.9533,US GAAP 2023,10-Q,2023-08-14,2023-08-14 16:06:00,0001017386-23-000306,0000723533,Longwen Group Corp.,0099
1327,http://www.sec.gov/Archives/edgar/data/845819/000151597123000117/ktel10q063023.htm,DQC.US.0099.9533,US GAAP 2023,10-Q,2023-08-14,2023-08-14 16:06:00,0001515971-23-000117,0000845819,"KonaTel, Inc.",0099
1328,http://www.sec.gov/Archives/edgar/data/943535/000149315223028435/form10-q.htm,DQC.US.0099.9533,US GAAP 2023,10-Q,2023-08-14,2023-08-14 16:06:00,0001493152-23-028435,0000943535,"WORLD HEALTH ENERGY HOLDINGS, INC.",0099
1329,http://www.sec.gov/Archives/edgar/data/1570937/000155479523000262/atao0814form10q.htm,DQC.US.0099.9533,US GAAP 2023,10-Q,2023-08-14,2023-08-14 16:03:00,0001554795-23-000262,0001570937,Altair International Corp.,0099
1330,http://www.sec.gov/Archives/edgar/data/1098880/000106299323016416/form10q.htm,DQC.US.0099.9533,US GAAP 2023,10-Q,2023-08-14,2023-08-14 16:02:00,0001062993-23-016416,0001098880,IntelGenx Technologies Corp.,0099
1331,http://www.sec.gov/Archives/edgar/data/1438901/000116169723000449/form_10-q.htm,DQC.US.0099.9533,US GAAP 2023,10-Q,2023-08-14,2023-08-14 16:02:00,0001161697-23-000449,0001438901,"AUTO PARTS 4LESS GROUP, INC.",0099
1332,http://www.sec.gov/Archives/edgar/data/1553788/000173112223001490/e4926_10q.htm,DQC.US.0099.9533,US GAAP 2023,10-Q,2023-08-14,2023-08-14 16:02:00,0001731122-23-001490,0001553788,"SPLASH     BEVERAGE GROUP, INC.",0099
1333,http://www.sec.gov/Archives/edgar/data/1652539/000106299323016415/form10q.htm,DQC.US.0099.9533,US GAAP 2023,10-Q,2023-08-14,2023-08-14 16:02:00,0001062993-23-016415,0001652539,SUSGLOBAL ENERGY CORP.,0099
1334,http://www.sec.gov/Archives/edgar/data/942126/000118518523000846/taitron20230630_10q.htm,DQC.US.0099.9533,US GAAP 2023,10-Q,2023-08-14,2023-08-14 16:02:00,0001185185-23-000846,0000942126,TAITRON COMPONENTS INCORPORATED,0099
1335,http://www.sec.gov/Archives/edgar/data/945617/000190359623000623/ammj_10q.htm,DQC.US.0099.9533,US GAAP 2022,10-Q,2023-08-14,2023-08-14 16:02:00,0001903596-23-000623,0000945617,"AMERICAN CANNABIS COMPANY, INC.",0099
1336,http://www.sec.gov/Archives/edgar/data/1443611/000147793223006078/sing_10q.htm,DQC.US.0099.9533,US GAAP 2023,10-Q,2023-08-14,2023-08-14 15:54:00,0001477932-23-006078,0001443611,Singlepoint Inc.,0099
1337,http://www.sec.gov/Archives/edgar/data/1655971/000164033423001573/pods_10q.htm,DQC.US.0099.9533,US GAAP 2023,10-Q,2023-08-14,2023-08-14 15:51:00,0001640334-23-001573,0001655971,"GLACIER WORLDWIDE, INC.",0099
1338,http://www.sec.gov/Archives/edgar/data/768216/000118518523000843/coyni20230813_10q.htm,DQC.US.0099.9533,US GAAP 2023,10-Q,2023-08-14,2023-08-14 15:49:00,0001185185-23-000843,0000768216,"COYNI, INC.",0099
1339,http://www.sec.gov/Archives/edgar/data/1443863/000147793223006071/bicx_10q.htm,DQC.US.0099.9533,US GAAP 2023,10-Q,2023-08-14,2023-08-14 15:40:00,0001477932-23-006071,0001443863,BioCorRx Inc.,0099
1340,http://www.sec.gov/Archives/edgar/data/1842563/000184256323000014/form10qgogo300623.htm,DQC.US.0099.9533,US GAAP 2023,10-Q,2023-08-14,2023-08-14 15:31:00,0001842563-23-000014,0001842563,"GO GO BUYERS, INC.",0099
1341,http://www.sec.gov/Archives/edgar/data/1351901/000165495423010749/cigf6_10q.htm,DQC.US.0099.9533,US GAAP 2023,10-Q,2023-08-14,2023-08-14 15:30:00,0001654954-23-010749,0001351901,COMMONWEALTH INCOME & GROWTH FUND VI,0099
1342,http://www.sec.gov/Archives/edgar/data/814926/000190359623000620/capc_10q.htm,DQC.US.0099.9533,US GAAP 2022,10-Q,2023-08-14,2023-08-14 15:14:00,0001903596-23-000620,0000814926,"CAPSTONE COMPANIES, INC.",0099
1343,http://www.sec.gov/Archives/edgar/data/1085277/000166357723000402/skvi10q063023.htm,DQC.US.0099.9533,US GAAP 2023,10-Q,2023-08-14,2023-08-14 15:11:00,0001663577-23-000402,0001085277,"Skinvisible, Inc.",0099
1344,http://www.sec.gov/Archives/edgar/data/925661/000109690623001589/seci-20230630.htm,DQC.US.0099.9533,US GAAP 2023,10-Q,2023-08-14,2023-08-14 15:00:00,0001096906-23-001589,0000925661,"SECTOR 10, Inc.",0099
1345,http://www.sec.gov/Archives/edgar/data/1641751/000164175123000017/bbrw-10q.htm,DQC.US.0099.9533,US GAAP 2023,10-Q,2023-08-14,2023-08-14 14:47:00,0001641751-23-000017,0001641751,BrewBilt Manufacturing Inc.,0099
1346,http://www.sec.gov/Archives/edgar/data/1106213/000119983523000432/sfrx-10q.htm,DQC.US.0099.9533,US GAAP 2023,10-Q,2023-08-14,2023-08-14 14:43:00,0001199835-23-000432,0001106213,SEAFARER EXPLORATION CORP.,0099
1347,http://www.sec.gov/Archives/edgar/data/1703157/000101738623000303/scth_form10q06302023.htm,DQC.US.0099.9533,US GAAP 2022,10-Q,2023-08-14,2023-08-14 14:22:00,0001017386-23-000303,0001703157,"SecureTech Innovations, Inc.",0099
1348,http://www.sec.gov/Archives/edgar/data/1339688/000106299323016374/form10q.htm,DQC.US.0099.9533,US GAAP 2023,10-Q,2023-08-14,2023-08-14 14:13:00,0001062993-23-016374,0001339688,Lion Copper and Gold Corp.,0099
1349,http://www.sec.gov/Archives/edgar/data/1324759/000149315223028254/form10-q.htm,DQC.US.0099.9533,US GAAP 2023,10-Q,2023-08-14,2023-08-14 14:02:00,0001493152-23-028254,0001324759,HONG YUAN HOLDING GROUP,0099
1350,http://www.sec.gov/Archives/edgar/data/1694617/000118518523000835/royaleinc20230630_10q.htm,DQC.US.0099.9533,US GAAP 2023,10-Q,2023-08-14,2023-08-14 13:56:00,0001185185-23-000835,0001694617,"Royale Energy, Inc.",0099
1351,http://www.sec.gov/Archives/edgar/data/1527702/000166357723000398/iqst10q_063023.htm,DQC.US.0099.9533,US GAAP 2023,10-Q,2023-08-14,2023-08-14 13:40:00,0001663577-23-000398,0001527702,iQSTEL Inc.,0099
1352,http://www.sec.gov/Archives/edgar/data/1532383/000101738623000301/vnja_2023jun30-10q.htm,DQC.US.0099.9533,US GAAP 2023,10-Q,2023-08-14,2023-08-14 13:38:00,0001017386-23-000301,0001532383,Vanjia Corporation,0099
1353,http://www.sec.gov/Archives/edgar/data/1494413/000126246323000065/twoh630202310q.htm,DQC.US.0099.9533,US GAAP 2023,10-Q,2023-10-04,2023-08-14 13:35:00,0001262463-23-000065,0001494413,TWO HANDS CORPORATION,0099
1354,http://www.sec.gov/Archives/edgar/data/1319643/000119983523000423/lsmg-10q.htm,DQC.US.0099.9533,US GAAP 2023,10-Q,2023-08-14,2023-08-14 13:30:00,0001199835-23-000423,0001319643,LODE-STAR MINING INC.,0099
1355,http://www.sec.gov/Archives/edgar/data/1793497/000121390023066764/f10q0623_vstrust.htm,DQC.US.0099.9533,US GAAP 2023,10-Q,2023-08-14,2023-08-14 13:08:00,0001213900-23-066764,0001793497,VS Trust,0099
1356,http://www.sec.gov/Archives/edgar/data/1766526/000118518523000831/tectonic20230630_10q.htm,DQC.US.0099.9533,US GAAP 2023,10-Q,2023-08-14,2023-08-14 13:02:00,0001185185-23-000831,0001766526,"Tectonic Financial, Inc.",0099
1357,http://www.sec.gov/Archives/edgar/data/1359687/000135968723000023/rte-20230630.htm,DQC.US.0099.9533,US GAAP 2022,10-Q,2023-08-14,2023-08-14 12:51:00,0001359687-23-000023,0001359687,"RED TRAIL ENERGY, LLC",0099
1358,http://www.sec.gov/Archives/edgar/data/944075/000094407523000067/q2_2023-v1.htm,DQC.US.0099.9533,US GAAP 2023,10-Q,2023-08-14,2023-08-14 12:33:00,0000944075-23-000067,0000944075,"SOCKET
MOBILE, INC.",0099
1359,http://www.sec.gov/Archives/edgar/data/1578329/000118518523000827/apex1120230630_10q.htm,DQC.US.0099.9533,US GAAP 2023,10-Q,2023-08-14,2023-08-14 12:29:00,0001185185-23-000827,0001578329,APEX 11 INC.,0099
1360,http://www.sec.gov/Archives/edgar/data/1854526/000147793223006022/brooqly_10q.htm,DQC.US.0099.9533,US GAAP 2023,10-Q,2023-08-14,2023-08-14 12:26:00,0001477932-23-006022,0001854526,"brooqLy, Inc.",0099
1361,http://www.sec.gov/Archives/edgar/data/1357878/000147237523000123/ixform10q.htm,DQC.US.0099.9533,US GAAP 2023,10-Q,2023-08-14,2023-08-14 12:24:00,0001472375-23-000123,0001357878,"REGENEREX PHARMA, INC.",0099
1362,http://www.sec.gov/Archives/edgar/data/66496/000119312523211918/d527284d10q.htm,DQC.US.0099.9533,US GAAP 2023,10-Q,2023-08-14,2023-08-14 11:44:00,0001193125-23-211918,0000066496,MILLS MUSIC TRUST,0099
1363,http://www.sec.gov/Archives/edgar/data/1634293/000159991623000174/exceed_10q323o.htm,DQC.US.0099.9533,US GAAP 2022,10-Q,2023-08-14,2023-08-14 11:36:00,0001599916-23-000174,0001634293,"Exceed World, Inc.",0099
1364,http://www.sec.gov/Archives/edgar/data/1342936/000137647423000407/avoi-20230630.htm,DQC.US.0099.9533,US GAAP 2023,10-Q,2023-08-14,2023-08-14 11:16:00,0001376474-23-000407,0001342936,"Rivulet Entertainment, Inc.",0099
1365,http://www.sec.gov/Archives/edgar/data/875355/000165495423010665/ldwy_10q.htm,DQC.US.0099.9533,US GAAP 2023,10-Q,2023-08-14,2023-08-14 10:36:00,0001654954-23-010665,0000875355,"Lendway, Inc.",0099
1366,http://www.sec.gov/Archives/edgar/data/1739208/000139390523000304/tnpg-20230630.htm,DQC.US.0099.9533,US GAAP 2023,10-Q,2023-08-14,2023-08-14 09:38:00,0001393905-23-000304,0001739208,"TENAYA GROUP, INC.",0099
1367,http://www.sec.gov/Archives/edgar/data/1739208/000139390523000302/tnpg-20230331.htm,DQC.US.0099.9533,US GAAP 2023,10-Q,2023-08-14,2023-08-14 09:35:00,0001393905-23-000302,0001739208,"TENAYA GROUP, INC.",0099
1368,http://www.sec.gov/Archives/edgar/data/1529113/000121390023066557/fs42023_inpixon.htm,DQC.US.0099.9533,US GAAP 2022,S-4,2023-08-14,2023-08-14 09:08:00,0001213900-23-066557,0001529113,"XTI AEROSPACE, INC.",0099
1369,http://www.sec.gov/Archives/edgar/data/1722969/000121465923011128/n8423010q.htm,DQC.US.0099.9533,US GAAP 2023,10-Q,2023-08-14,2023-08-11 21:59:00,0001214659-23-011128,0001722969,"Nxu, Inc.",0099
1370,http://www.sec.gov/Archives/edgar/data/1784970/000147793223005945/wtg_10q.htm,DQC.US.0099.9533,US GAAP 2023,10-Q,2023-08-14,2023-08-11 19:45:00,0001477932-23-005945,0001784970,Next Technology Holding Inc.,0099
1371,http://www.sec.gov/Archives/edgar/data/1575295/000147793223005943/alid_10q.htm,DQC.US.0099.9533,US GAAP 2023,10-Q,2023-08-14,2023-08-11 19:11:00,0001477932-23-005943,0001575295,Allied Corp.,0099
1372,http://www.sec.gov/Archives/edgar/data/1843248/000166357723000392/gsd10q_033123.htm,DQC.US.0099.9533,US GAAP 2023,10-Q,2023-08-12,2023-08-11 17:28:00,0001663577-23-000392,0001843248,"GLOBAL     SYSTEM DYNAMICS, INC.",0099
1373,http://www.sec.gov/Archives/edgar/data/1946021/000192998023000140/hspo_10q.htm,DQC.US.0099.9533,US GAAP 2023,10-Q,2023-08-12,2023-08-11 17:15:00,0001929980-23-000140,0001946021,HORIZON SPACE ACQUISITION I CORP.,0099
1374,http://www.sec.gov/Archives/edgar/data/1865111/000182912623005362/alphastaracq_10q.htm,DQC.US.0099.9533,US GAAP 2023,10-Q,2023-08-11,2023-08-11 17:08:00,0001829126-23-005362,0001865111,ALPHA STAR ACQUISITION CORPORATION,0099
1375,http://www.sec.gov/Archives/edgar/data/1636051/000118518523000813/fusegroup20230630_10q.htm,DQC.US.0099.9533,US GAAP 2023,10-Q,2023-08-11,2023-08-11 16:31:00,0001185185-23-000813,0001636051,FUSE GROUP HOLDING INC,0099
1376,http://www.sec.gov/Archives/edgar/data/1895144/000182912623005355/goldenstaracq_10q.htm,DQC.US.0099.9533,US GAAP 2023,10-Q,2023-08-11,2023-08-11 16:05:00,0001829126-23-005355,0001895144,GOLDEN STAR ACQUISITION CORPORATION,0099
1377,http://www.sec.gov/Archives/edgar/data/80172/000143774923023321/npk20230626_10q.htm,DQC.US.0099.9533,US GAAP 2023,10-Q,2023-08-11,2023-08-11 16:05:00,0001437749-23-023321,0000080172,NATIONAL PRESTO INDUSTRIES INC,0099
1378,http://www.sec.gov/Archives/edgar/data/1837824/000138713123009694/sesg-10q_063023.htm,DQC.US.0099.9533,US GAAP 2023,10-Q,2023-08-11,2023-08-11 16:04:00,0001387131-23-009694,0001837824,Sprott     ESG Gold ETF,0099
1379,http://www.sec.gov/Archives/edgar/data/1862068/000182912623005353/rubicontech_10q.htm,DQC.US.0099.9533,US GAAP 2023,10-Q,2023-08-11,2023-08-11 16:01:00,0001829126-23-005353,0001862068,"Rubicon Technologies, Inc.",0099
1380,http://www.sec.gov/Archives/edgar/data/1438901/000116169723000446/form_10-k.htm,DQC.US.0099.9533,US GAAP 2023,10-K,2023-08-11,2023-08-11 16:00:00,0001161697-23-000446,0001438901,"AUTO PARTS 4LESS GROUP, INC.",0099
1381,http://www.sec.gov/Archives/edgar/data/1961/000126493123000043/wdddq22023.htm,DQC.US.0099.9533,US GAAP 2023,10-Q,2023-08-11,2023-08-11 14:34:00,0001264931-23-000043,0000001961,WORLDS INC.,0099
1382,http://www.sec.gov/Archives/edgar/data/1970129/000164033423001524/leg_10q.htm,DQC.US.0099.9533,US GAAP 2023,10-Q,2023-08-11,2023-08-11 13:57:00,0001640334-23-001524,0001970129,"LEGEND SPICES, INC.",0099
1383,http://www.sec.gov/Archives/edgar/data/1817218/000121390023066041/f10q0623_convexity.htm,DQC.US.0099.9533,US GAAP 2023,10-Q,2023-08-11,2023-08-11 12:41:00,0001213900-23-066041,0001817218,ConvexityShares Trust,0099
1384,http://www.sec.gov/Archives/edgar/data/1446371/000144637123000039/srtr-20230630.htm,DQC.US.0099.9533,US GAAP 2023,10-Q,2023-08-11,2023-08-11 12:39:00,0001446371-23-000039,0001446371,"STRATEGIC REALTY TRUST, INC.",0099
1385,http://www.sec.gov/Archives/edgar/data/1160798/000182912623005333/c2eenergyinc_10q.htm,DQC.US.0099.9533,US GAAP 2023,10-Q,2023-08-11,2023-08-11 11:58:00,0001829126-23-005333,0001160798,C2E ENERGY INC.,0099
1386,http://www.sec.gov/Archives/edgar/data/1690384/000173112223001446/e4872_10q.htm,DQC.US.0099.9533,US GAAP 2023,10-Q,2023-08-11,2023-08-11 10:59:00,0001731122-23-001446,0001690384,"BioCrude Technologies USA, Inc.",0099
1387,http://www.sec.gov/Archives/edgar/data/718413/000165495423010534/cmtv_10q.htm,DQC.US.0099.9533,US GAAP 2023,10-Q,2023-08-11,2023-08-11 10:01:00,0001654954-23-010534,0000718413,Community Bancorp./VT,0099
1388,http://www.sec.gov/Archives/edgar/data/101295/000117184323005251/ug20230630_10q.htm,DQC.US.0099.9533,US GAAP 2023,10-Q,2023-08-11,2023-08-11 09:00:00,0001171843-23-005251,0000101295,"UNITED-GUARDIAN, INC",0099
1389,http://www.sec.gov/Archives/edgar/data/1309082/000147793223005899/cei_10q.htm,DQC.US.0099.9533,US GAAP 2023,10-Q,2023-08-11,2023-08-11 09:00:00,0001477932-23-005899,0001309082,"Camber Energy, Inc.",0099
1390,http://www.sec.gov/Archives/edgar/data/1685766/000182912623005332/moveixinc_10q.htm,DQC.US.0099.9533,US GAAP 2023,10-Q,2023-08-11,2023-08-11 08:00:00,0001829126-23-005332,0001685766,MOVEIX INC,0099
1391,http://www.sec.gov/Archives/edgar/data/1843162/000114036123039188/brhc20056683_10q.htm,DQC.US.0099.9533,US GAAP 2023,10-Q,2023-08-11,2023-08-11 07:45:00,0001140361-23-039188,0001843162,"Chicago Atlantic BDC, Inc.",0099
1392,http://www.sec.gov/Archives/edgar/data/1846975/000182912623005304/sdcledge_10q.htm,DQC.US.0099.9533,US GAAP 2023,10-Q,2023-08-11,2023-08-10 17:32:00,0001829126-23-005304,0001846975,SDCL EDGE Acquisition Corporation,0099
1393,http://www.sec.gov/Archives/edgar/data/1906133/000141057823001707/fgmc-20230630x10q.htm,DQC.US.0099.9533,US GAAP 2023,10-Q,2023-08-11,2023-08-10 17:21:00,0001410578-23-001707,0001906133,iCoreConnect Inc.,0099
1394,http://www.sec.gov/Archives/edgar/data/1618696/000139834423014554/fp0084723-3_10qixbrl.htm,DQC.US.0099.9533,US GAAP 2023,10-Q,2023-08-11,2023-08-10 17:12:00,0001398344-23-014554,0001618696,GUGGENHEIM CREDIT INCOME FUND 2019,0099
1395,http://www.sec.gov/Archives/edgar/data/843006/000165495423010512/isdr_10q.htm,DQC.US.0099.9533,US GAAP 2023,10-Q,2023-08-10,2023-08-10 17:06:00,0001654954-23-010512,0000843006,Issuer Direct Corporation,0099
1396,http://www.sec.gov/Archives/edgar/data/1618697/000139834423014549/fp0084723-4_10qaixbrl.htm,DQC.US.0099.9533,US GAAP 2023,10-Q/A,2023-08-11,2023-08-10 17:02:00,0001398344-23-014549,0001618697,GUGGENHEIM CREDIT INCOME FUND,0099
1397,http://www.sec.gov/Archives/edgar/data/1389545/000143774923023110/nby20230630_10q.htm,DQC.US.0099.9533,US GAAP 2023,10-Q,2023-08-10,2023-08-10 16:47:00,0001437749-23-023110,0001389545,"NovaBay Pharmaceuticals, Inc.",0099
1398,http://www.sec.gov/Archives/edgar/data/1751707/000160706223000400/unxp063023form10ka.htm,DQC.US.0099.9533,US GAAP 2022,10-K/A,2023-08-11,2023-08-10 16:22:00,0001607062-23-000400,0001751707,United Express Inc.,0099
1399,http://www.sec.gov/Archives/edgar/data/1853816/000165495423010487/drma_10q.htm,DQC.US.0099.9533,US GAAP 2023,10-Q,2023-08-11,2023-08-10 16:16:00,0001654954-23-010487,0001853816,"Dermata Therapeutics, Inc.",0099
1400,http://www.sec.gov/Archives/edgar/data/1434737/000109690623001552/srsg-20230630.htm,DQC.US.0099.9533,US GAAP 2023,10-Q,2023-08-10,2023-08-10 16:06:00,0001096906-23-001552,0001434737,"SPIRITS TIME INTERNATIONAL, INC.",0099
1401,http://www.sec.gov/Archives/edgar/data/1894954/000190359623000601/xpon_10q.htm,DQC.US.0099.9533,US GAAP 2022,10-Q,2023-08-10,2023-08-10 16:06:00,0001903596-23-000601,0001894954,EXPION360 INC.,0099
1402,http://www.sec.gov/Archives/edgar/data/1089907/000155278123000359/e23352_swkh-10q.htm,DQC.US.0099.9533,US GAAP 2023,10-Q,2023-08-10,2023-08-10 16:05:00,0001552781-23-000359,0001089907,SWK HOLDINGS CORPORATION,0099
1403,http://www.sec.gov/Archives/edgar/data/1790169/000106299323016169/form10q.htm,DQC.US.0099.9533,US GAAP 2023,10-Q,2023-08-10,2023-08-10 16:01:00,0001062993-23-016169,0001790169,Flora Growth Corp.,0099
1404,http://www.sec.gov/Archives/edgar/data/1839285/000160706223000398/hcti063023form10q.htm,DQC.US.0099.9533,US GAAP 2022,10-Q,2023-08-10,2023-08-10 16:01:00,0001607062-23-000398,0001839285,"HEALTHCARE
TRIANGLE, INC.",0099
1405,http://www.sec.gov/Archives/edgar/data/1498372/000139390523000300/iwal-20230630.htm,DQC.US.0099.9533,US GAAP 2023,10-Q,2023-08-10,2023-08-10 15:54:00,0001393905-23-000300,0001498372,iWALLET CORP,0099
1406,http://www.sec.gov/Archives/edgar/data/1498372/000139390523000298/iwal-20230331.htm,DQC.US.0099.9533,US GAAP 2023,10-Q,2023-08-10,2023-08-10 15:52:00,0001393905-23-000298,0001498372,iWALLET CORP,0099
1407,http://www.sec.gov/Archives/edgar/data/932781/000155278123000358/e23351_fcco-10q.htm,DQC.US.0099.9533,US GAAP 2023,10-Q,2023-08-10,2023-08-10 15:37:00,0001552781-23-000358,0000932781,FIRST COMMUNITY CORPORATION,0099
1408,http://www.sec.gov/Archives/edgar/data/924515/000147793223005869/gthp_10q.htm,DQC.US.0099.9533,US GAAP 2023,10-Q,2023-08-10,2023-08-10 15:00:00,0001477932-23-005869,0000924515,"GUIDED THERAPEUTICS, INC.",0099
1409,http://www.sec.gov/Archives/edgar/data/837010/000083701023000048/vriac-20230630.htm,DQC.US.0099.9533,US GAAP 2023,10-Q,2023-08-10,2023-08-10 14:37:00,0000837010-23-000048,0000837010,VOYA RETIREMENT INSURANCE & ANNUITY CO,0099
1410,http://www.sec.gov/Archives/edgar/data/1594204/000121465923010978/zd8423010q.htm,DQC.US.0099.9533,US GAAP 2023,10-Q,2023-08-10,2023-08-10 14:19:00,0001214659-23-010978,0001594204,ZHEN DING RESOURCES INC.,0099
1411,http://www.sec.gov/Archives/edgar/data/1765048/000176504823000011/gcgj_10q20230630.htm,DQC.US.0099.9533,US GAAP 2023,10-Q,2023-08-10,2023-08-10 14:19:00,0001765048-23-000011,0001765048,GUOCHUN                                             INTERNATIONAL INC.,0099
1412,http://www.sec.gov/Archives/edgar/data/1841514/000095017023041104/ck0001841514-20230630.htm,DQC.US.0099.9533,US GAAP 2022,10-Q,2023-08-10,2023-08-10 12:51:00,0000950170-23-041104,0001841514,"Commonwealth Credit Partners BDC I, Inc.",0099
1413,http://www.sec.gov/Archives/edgar/data/1393781/000166357723000383/qind10q_063023.htm,DQC.US.0099.9533,US GAAP 2023,10-Q,2023-08-10,2023-08-10 12:49:00,0001663577-23-000383,0001393781,Quality Industrial Corp.,0099
1414,http://www.sec.gov/Archives/edgar/data/745543/000165852123000004/atpt03312023_10q.htm,DQC.US.0099.9533,US GAAP 2023,10-Q,2023-08-10,2023-08-10 12:37:00,0001658521-23-000004,0000745543,"PETRO USA, INC.",0099
1415,http://www.sec.gov/Archives/edgar/data/1696088/000118518523000792/er1220230630_10q.htm,DQC.US.0099.9533,US GAAP 2023,10-Q,2023-08-10,2023-08-10 11:34:00,0001185185-23-000792,0001696088,"Energy Resources 12, L.P.",0099
1416,http://www.sec.gov/Archives/edgar/data/1438461/000164033423001510/elre_10q.htm,DQC.US.0099.9533,US GAAP 2023,10-Q,2023-08-10,2023-08-10 11:28:00,0001640334-23-001510,0001438461,Yinfu Gold Corporation,0099
1417,http://www.sec.gov/Archives/edgar/data/312257/000118518523000791/innovfood20230630c_10q.htm,DQC.US.0099.9533,US GAAP 2023,10-Q,2023-08-10,2023-08-10 11:01:00,0001185185-23-000791,0000312257,"Innovative Food Holdings, Inc.",0099
1418,http://www.sec.gov/Archives/edgar/data/1841209/000182912623005264/microcloud_6k.htm,DQC.US.0099.9533,US GAAP 2023,6-K,2023-08-10,2023-08-10 09:01:00,0001829126-23-005264,0001841209,MicroCloud Hologram Inc.,0099
1419,http://www.sec.gov/Archives/edgar/data/868082/000143774923022886/eepl20230630_10q.htm,DQC.US.0099.9533,US GAAP 2023,10-Q,2023-08-10,2023-08-10 09:00:00,0001437749-23-022886,0000868082,EVERFLOW EASTERN PARTNERS LP,0099
1420,http://www.sec.gov/Archives/edgar/data/1812727/000149315223027454/form10-q.htm,DQC.US.0099.9533,US GAAP 2023,10-Q,2023-08-10,2023-08-10 08:10:00,0001493152-23-027454,0001812727,"RELIANCE GLOBAL GROUP, INC.",0099
1421,http://www.sec.gov/Archives/edgar/data/1684693/000117891323002801/exhibit_99-2.htm,DQC.US.0099.9533,US GAAP 2023,6-K,2023-08-10,2023-08-10 07:10:00,0001178913-23-002801,0001684693,SOL-GEL TECHNOLOGIES LTD.,0099
1422,http://www.sec.gov/Archives/edgar/data/1618697/000139834423014461/fp0084723-1_10qixbrl.htm,DQC.US.0099.9533,US GAAP 2023,10-Q,2023-08-10,2023-08-09 18:44:00,0001398344-23-014461,0001618697,GUGGENHEIM CREDIT INCOME FUND,0099
1423,http://www.sec.gov/Archives/edgar/data/896841/000089684123000131/avid-20230630.htm,DQC.US.0099.9533,US GAAP 2023,10-Q,2023-08-10,2023-08-09 17:12:00,0000896841-23-000131,0000896841,"Avid Technology, Inc.",0099
1424,http://www.sec.gov/Archives/edgar/data/1096938/000147793223005842/ueec_10q.htm,DQC.US.0099.9533,US GAAP 2023,10-Q,2023-08-10,2023-08-09 17:10:00,0001477932-23-005842,0001096938,"UNITED HEALTH PRODUCTS, INC.",0099
1425,http://www.sec.gov/Archives/edgar/data/28823/000002882323000140/dbd-20230630.htm,DQC.US.0099.9533,US GAAP 2023,10-Q,2023-08-10,2023-08-09 17:04:00,0000028823-23-000140,0000028823,"DIEBOLD NIXDORF, Inc",0099
1426,http://www.sec.gov/Archives/edgar/data/55242/000005524223000040/kmt-20230630.htm,DQC.US.0099.9533,US GAAP 2023,10-K,2023-08-10,2023-08-09 16:59:00,0000055242-23-000040,0000055242,KENNAMETAL INC.,0099
1427,http://www.sec.gov/Archives/edgar/data/4457/000000445723000064/uhal-20230630.htm,DQC.US.0099.9533,US GAAP 2022,10-Q,2023-08-10,2023-08-09 16:56:00,0000004457-23-000064,0000004457,U-Haul Holding Company,0099
1428,http://www.sec.gov/Archives/edgar/data/1751707/000160706223000391/unxp063023form10k.htm,DQC.US.0099.9533,US GAAP 2022,10-K,2023-08-10,2023-08-09 16:54:00,0001607062-23-000391,0001751707,United Express Inc.,0099
1429,http://www.sec.gov/Archives/edgar/data/1601280/000107997323001099/mdxl_10k.htm,DQC.US.0099.9533,US GAAP 2023,10-K,2023-10-04,2023-08-09 16:51:00,0001079973-23-001099,0001601280,"MediXall Group, Inc.",0099
1430,http://www.sec.gov/Archives/edgar/data/1606909/000160690923000116/panl-20230630.htm,DQC.US.0099.9533,US GAAP 2023,10-Q,2023-08-10,2023-08-09 16:47:00,0001606909-23-000116,0001606909,PANGAEA LOGISTICS SOLUTIONS LTD.,0099
1431,http://www.sec.gov/Archives/edgar/data/1411342/000141134223000150/efc-20230630.htm,DQC.US.0099.9533,US GAAP 2023,10-Q,2023-08-10,2023-08-09 16:44:00,0001411342-23-000150,0001411342,ELLINGTON FINANCIAL INC,0099
1432,http://www.sec.gov/Archives/edgar/data/1540159/000165495423010380/edsa_10q.htm,DQC.US.0099.9533,US GAAP 2023,10-Q,2023-08-10,2023-08-09 16:33:00,0001654954-23-010380,0001540159,"EDESA BIOTECH, INC.",0099
1433,http://www.sec.gov/Archives/edgar/data/1504461/000150446123000045/ngl-20230630.htm,DQC.US.0099.9533,US GAAP 2023,10-Q,2023-08-10,2023-08-09 16:31:00,0001504461-23-000045,0001504461,NGL Energy Partners LP,0099
1434,http://www.sec.gov/Archives/edgar/data/704440/000116169723000443/form_10-q.htm,DQC.US.0099.9533,US GAAP 2023,10-Q,2023-08-10,2023-08-09 16:20:00,0001161697-23-000443,0000704440,"KORU MEDICAL SYSTEMS, INC.",0099
1435,http://www.sec.gov/Archives/edgar/data/103730/000010373023000067/vishayintertech_10q.htm,DQC.US.0099.9533,US GAAP 2023,10-Q,2023-08-10,2023-08-09 16:03:00,0000103730-23-000067,0000103730,"Vishay Intertechnology, Inc.",0099
1436,http://www.sec.gov/Archives/edgar/data/1012019/000143774923022761/rusha20230630_10q.htm,DQC.US.0099.9533,US GAAP 2023,10-Q,2023-08-10,2023-08-09 15:31:00,0001437749-23-022761,0001012019,"Rush Enterprises, Inc.",0099
1437,http://www.sec.gov/Archives/edgar/data/1060219/000155479523000255/sal0809form10q.htm,DQC.US.0099.9533,US GAAP 2023,10-Q,2023-08-10,2023-08-09 15:25:00,0001554795-23-000255,0001060219,"SALISBURY BANCORP, INC.",0099
1438,http://www.sec.gov/Archives/edgar/data/1936804/000121390023064973/ea183135-f1a1_suncar.htm,DQC.US.0099.9533,US GAAP 2022,F-1/A,2023-08-10,2023-08-09 15:18:00,0001213900-23-064973,0001936804,SunCar Technology Group Inc.,0099
1439,http://www.sec.gov/Archives/edgar/data/894560/000109690623001540/both-20230630.htm,DQC.US.0099.9533,US GAAP 2023,10-Q,2023-08-10,2023-08-09 15:01:00,0001096906-23-001540,0000894560,"BIOETHICS, LTD.",0099
1440,http://www.sec.gov/Archives/edgar/data/763901/000119312523207168/d441046d10q.htm,DQC.US.0099.9533,US GAAP 2022,10-Q,2023-08-10,2023-08-09 13:54:00,0001193125-23-207168,0000763901,"POPULAR, INC.",0099
1441,http://www.sec.gov/Archives/edgar/data/930245/000147237523000115/ixform10q.htm,DQC.US.0099.9533,US GAAP 2023,10-Q,2023-08-10,2023-08-09 13:30:00,0001472375-23-000115,0000930245,GLOBAL ACQUISITIONS CORPORATION,0099
1442,http://www.sec.gov/Archives/edgar/data/1658521/000101738623000282/mtpp_2023jun30-10q.htm,DQC.US.0099.9533,US GAAP 2023,10-Q,2023-08-10,2023-08-09 13:23:00,0001017386-23-000282,0001658521,"MOUNTAIN TOP PROPERTIES, INC.",0099
1443,http://www.sec.gov/Archives/edgar/data/1800392/000182912623005230/microalgoinc_6k.htm,DQC.US.0099.9533,US GAAP 2023,6-K,2023-08-10,2023-08-09 06:35:00,0001829126-23-005230,0001800392,MicroAlgo Inc.,0099
1444,http://www.sec.gov/Archives/edgar/data/1872371/000187237123000012/oscf-20230630.htm,DQC.US.0099.9533,US GAAP 2023,10-Q,2023-08-10,2023-08-08 18:21:00,0001872371-23-000012,0001872371,OAKTREE STRATEGIC CREDIT FUND,0099
1445,http://www.sec.gov/Archives/edgar/data/712537/000071253723000099/fcf-20230630.htm,DQC.US.0099.9533,US GAAP 2023,10-Q,2023-08-10,2023-08-08 17:47:00,0000712537-23-000099,0000712537,FIRST COMMONWEALTH FINANCIAL CORP /PA/,0099
1446,http://www.sec.gov/Archives/edgar/data/1955520/000195552023000014/knf-20230630.htm,DQC.US.0099.9533,US GAAP 2023,10-Q,2023-08-10,2023-08-08 17:22:00,0001955520-23-000014,0001955520,Knife River Corporation,0099
1447,http://www.sec.gov/Archives/edgar/data/1893311/000182912623005213/luxurbanhotels_10q.htm,DQC.US.0099.9533,US GAAP 2023,10-Q,2023-08-10,2023-08-08 17:00:00,0001829126-23-005213,0001893311,LuxUrban Hotels Inc.,0099
1448,http://www.sec.gov/Archives/edgar/data/1848861/000147793223005817/haia_10q.htm,DQC.US.0099.9533,US GAAP 2023,10-Q,2023-08-10,2023-08-08 16:41:00,0001477932-23-005817,0001848861,HEALTHCARE AI ACQUISITION CORP.,0099
1449,http://www.sec.gov/Archives/edgar/data/31107/000165495423010295/eml_10q.htm,DQC.US.0099.9533,US GAAP 2023,10-Q,2023-08-10,2023-08-08 16:31:00,0001654954-23-010295,0000031107,The Eastern Company,0099
1450,http://www.sec.gov/Archives/edgar/data/1039684/000103968423000061/oke-20230630.htm,DQC.US.0099.9533,US GAAP 2023,10-Q,2023-08-10,2023-08-08 16:17:00,0001039684-23-000061,0001039684,"ONEOK, Inc.",0099
1451,http://www.sec.gov/Archives/edgar/data/1236275/000118518523000784/silversun20230630_10q.htm,DQC.US.0099.9533,US GAAP 2023,10-Q,2023-08-10,2023-08-08 16:16:00,0001185185-23-000784,0001236275,"QXO, INC.",0099
1452,http://www.sec.gov/Archives/edgar/data/1951222/000119380523001136/e618799_f1-sealsq.htm,DQC.US.0099.9533,US GAAP 2022,F-1,2023-08-10,2023-08-08 16:07:00,0001193805-23-001136,0001951222,SEALSQ,0099
1453,http://www.sec.gov/Archives/edgar/data/1880661/000188066123000057/tpg-20230630.htm,DQC.US.0099.9533,US GAAP 2023,10-Q,2023-08-10,2023-08-08 16:03:00,0001880661-23-000057,0001880661,TPG Inc.,0099
1454,http://www.sec.gov/Archives/edgar/data/1331451/000133145123000155/fhlbc-20230630.htm,DQC.US.0099.9533,US GAAP 2022,10-Q,2023-08-09,2023-08-08 13:38:00,0001331451-23-000155,0001331451,FEDERAL HOME LOAN BANK OF CHICAGO,0099
1455,http://www.sec.gov/Archives/edgar/data/1325814/000132581423000150/fhlbdm-20230630.htm,DQC.US.0099.9533,US GAAP 2022,10-Q,2023-08-09,2023-08-08 12:18:00,0001325814-23-000150,0001325814,Federal Home Loan Bank of Des Moines,0099
1456,http://www.sec.gov/Archives/edgar/data/883984/000088398423000030/icui-20230630.htm,DQC.US.0099.9533,US GAAP 2023,10-Q,2023-08-09,2023-08-07 17:22:00,0000883984-23-000030,0000883984,ICU MEDICAL INC/DE,0099
1457,http://www.sec.gov/Archives/edgar/data/1041061/000104106123000041/yum-20230630.htm,DQC.US.0099.9533,US GAAP 2023,10-Q,2023-08-09,2023-08-07 16:58:00,0001041061-23-000041,0001041061,"YUM! BRANDS, INC.",0099
1458,http://www.sec.gov/Archives/edgar/data/1726822/000182912623005178/soulbiotech_s1.htm,DQC.US.0099.9533,US GAAP 2023,S-1,2023-08-09,2023-08-07 16:35:00,0001829126-23-005178,0001726822,Adorbs Inc,0099
1459,http://www.sec.gov/Archives/edgar/data/1420368/000147793223005795/dlti_10q.htm,DQC.US.0099.9533,US GAAP 2023,10-Q,2023-08-09,2023-08-07 16:21:00,0001477932-23-005795,0001420368,"DLT RESOLUTION, INC",0099
1460,http://www.sec.gov/Archives/edgar/data/874501/000087450123000124/ambc-20230630.htm,DQC.US.0099.9533,US GAAP 2022,10-Q,2023-08-09,2023-08-07 16:12:00,0000874501-23-000124,0000874501,"AMBAC FINANCIAL GROUP, INC.",0099
1461,http://www.sec.gov/Archives/edgar/data/1968915/000196891523000005/phin-20230630.htm,DQC.US.0099.9533,US GAAP 2023,10-Q,2023-08-09,2023-08-07 16:04:00,0001968915-23-000005,0001968915,PHINIA INC.,0099
1462,http://www.sec.gov/Archives/edgar/data/1037540/000165642323000040/bxp-20230630.htm,DQC.US.0099.9533,US GAAP 2022,10-Q,2023-08-09,2023-08-07 16:03:00,0001656423-23-000040,0001037540,"BXP, INC.",0099
1463,http://www.sec.gov/Archives/edgar/data/1653653/000165365323000014/rrr-20230630.htm,DQC.US.0099.9533,US GAAP 2022,10-Q,2023-08-09,2023-08-07 15:06:00,0001653653-23-000014,0001653653,"RED ROCK RESORTS, INC.",0099
1464,http://www.sec.gov/Archives/edgar/data/1119774/000117891323002711/exhibit_99-2.htm,DQC.US.0099.9533,US GAAP 2023,6-K,2023-08-07,2023-08-07 07:00:00,0001178913-23-002711,0001119774,COMPUGEN LTD.,0099
1465,http://www.sec.gov/Archives/edgar/data/1849820/000121390023063801/ea182826-s1_nauticusrobo.htm,DQC.US.0099.9533,US GAAP 2023,S-1,2023-08-07,2023-08-04 22:00:00,0001213900-23-063801,0001849820,"NAUTICUS ROBOTICS, INC.",0099
1466,http://www.sec.gov/Archives/edgar/data/1458412/000156276223000310/cfb-2023q2.htm,DQC.US.0099.9533,US GAAP 2023,10-Q,2023-08-04,2023-08-04 17:28:00,0001562762-23-000310,0001458412,"CROSSFIRST     BANKSHARES, INC.",0099
1467,http://www.sec.gov/Archives/edgar/data/775057/000109690623001514/altx-20230630.htm,DQC.US.0099.9533,US GAAP 2023,10-Q,2023-08-04,2023-08-04 17:01:00,0001096906-23-001514,0000775057,ALTEX INDUSTRIES INC,0099
1468,http://www.sec.gov/Archives/edgar/data/1722969/000121465923010785/p84230s1a3.htm,DQC.US.0099.9533,US GAAP 2023,S-1/A,2023-08-04,2023-08-04 16:10:00,0001214659-23-010785,0001722969,"Nxu, Inc.",0099
1469,http://www.sec.gov/Archives/edgar/data/1320461/000132046123000118/cps-20230630.htm,DQC.US.0099.9533,US GAAP 2023,10-Q,2023-08-04,2023-08-04 16:07:00,0001320461-23-000118,0001320461,COOPER-STANDARD HOLDINGS INC.,0099
1470,http://www.sec.gov/Archives/edgar/data/1807893/000107997323001057/spfx_10q.htm,DQC.US.0099.9533,US GAAP 2023,10-Q,2023-08-04,2023-08-04 16:01:00,0001079973-23-001057,0001807893,"STANDARD PREMIUM FINANCE HOLDINGS, INC.",0099
1471,http://www.sec.gov/Archives/edgar/data/1497649/000190359623000582/gstx_10q.htm,DQC.US.0099.9533,US GAAP 2023,10-Q,2023-08-04,2023-08-04 13:53:00,0001903596-23-000582,0001497649,GRAPHENE & SOLAR TECHNOLOGIES LTD,0099
1472,http://www.sec.gov/Archives/edgar/data/72741/000007274123000016/es-20230630.htm,DQC.US.0099.9533,US GAAP 2023,10-Q,2023-08-04,2023-08-04 13:52:00,0000072741-23-000016,0000072741,EVERSOURCE ENERGY,0099
1473,http://www.sec.gov/Archives/edgar/data/913241/000162828023027471/shoo-20230630.htm,DQC.US.0099.9533,US GAAP 2023,10-Q,2023-08-04,2023-08-04 13:01:00,0001628280-23-027471,0000913241,"STEVEN MADDEN, LTD.",0099
1474,http://www.sec.gov/Archives/edgar/data/1115055/000111505523000059/pnfp-20230630.htm,DQC.US.0099.9533,US GAAP 2023,10-Q,2023-08-04,2023-08-04 12:52:00,0001115055-23-000059,0001115055,Pinnacle Financial Partners Inc.,0099
1475,http://www.sec.gov/Archives/edgar/data/835324/000143774923022088/sybt20230630_10q.htm,DQC.US.0099.9533,US GAAP 2023,10-Q,2023-08-04,2023-08-04 11:58:00,0001437749-23-022088,0000835324,"STOCK YARDS BANCORP, INC.",0099
1476,http://www.sec.gov/Archives/edgar/data/1315061/000121465923010768/o71723010q.htm,DQC.US.0099.9533,US GAAP 2023,10-Q,2023-08-04,2023-08-04 11:45:00,0001214659-23-010768,0001315061,"Ridgewood Energy O Fund, LLC",0099
1477,http://www.sec.gov/Archives/edgar/data/1338474/000121465923010769/q71723010q.htm,DQC.US.0099.9533,US GAAP 2023,10-Q,2023-08-04,2023-08-04 11:45:00,0001214659-23-010769,0001338474,"Ridgewood Energy Q Fund, LLC",0099
1478,http://www.sec.gov/Archives/edgar/data/1352190/000121465923010770/s71723110q.htm,DQC.US.0099.9533,US GAAP 2023,10-Q,2023-08-04,2023-08-04 11:45:00,0001214659-23-010770,0001352190,"Ridgewood Energy S Fund, LLC",0099
1479,http://www.sec.gov/Archives/edgar/data/1364397/000121465923010771/t71723010q.htm,DQC.US.0099.9533,US GAAP 2023,10-Q,2023-08-04,2023-08-04 11:45:00,0001214659-23-010771,0001364397,"Ridgewood Energy T Fund, LLC",0099
1480,http://www.sec.gov/Archives/edgar/data/1377178/000121465923010772/u71723010q.htm,DQC.US.0099.9533,US GAAP 2023,10-Q,2023-08-04,2023-08-04 11:45:00,0001214659-23-010772,0001377178,"Ridgewood Energy U Fund, LLC",0099
1481,http://www.sec.gov/Archives/edgar/data/1385662/000121465923010773/v71723010q.htm,DQC.US.0099.9533,US GAAP 2023,10-Q,2023-08-04,2023-08-04 11:45:00,0001214659-23-010773,0001385662,"Ridgewood Energy V Fund, LLC",0099
1482,http://www.sec.gov/Archives/edgar/data/1409947/000121465923010774/w71723010q.htm,DQC.US.0099.9533,US GAAP 2023,10-Q,2023-08-04,2023-08-04 11:45:00,0001214659-23-010774,0001409947,"Ridgewood Energy W Fund, LLC",0099
1483,http://www.sec.gov/Archives/edgar/data/1434070/000121465923010776/y71723010q.htm,DQC.US.0099.9533,US GAAP 2023,10-Q,2023-08-04,2023-08-04 11:45:00,0001214659-23-010776,0001434070,"Ridgewood Energy Y Fund, LLC",0099
1484,http://www.sec.gov/Archives/edgar/data/1455741/000121465923010775/x71723010q.htm,DQC.US.0099.9533,US GAAP 2023,10-Q,2023-08-04,2023-08-04 11:45:00,0001214659-23-010775,0001455741,"Ridgewood Energy X Fund, LLC",0099
1485,http://www.sec.gov/Archives/edgar/data/1457919/000121465923010767/a171723010q.htm,DQC.US.0099.9533,US GAAP 2023,10-Q,2023-08-04,2023-08-04 11:45:00,0001214659-23-010767,0001457919,"Ridgewood Energy A-1 Fund, LLC",0099
1486,http://www.sec.gov/Archives/edgar/data/1755672/000175567223000018/ctva-20230630.htm,DQC.US.0099.9533,US GAAP 2023,10-Q,2023-08-04,2023-08-04 10:42:00,0001755672-23-000018,0001755672,"Corteva, Inc.",0099
1487,http://www.sec.gov/Archives/edgar/data/1818674/000160706223000380/sybleu063023form10k.htm,DQC.US.0099.9533,US GAAP 2022,10-K,2023-08-04,2023-08-04 10:04:00,0001607062-23-000380,0001818674,SYBLEU INC.,0099
1488,http://www.sec.gov/Archives/edgar/data/821130/000082113023000043/usm-20230630.htm,DQC.US.0099.9533,US GAAP 2023,10-Q,2023-08-04,2023-08-04 07:57:00,0000821130-23-000043,0000821130,UNITED STATES CELLULAR CORPORATION,0099
1489,http://www.sec.gov/Archives/edgar/data/1048268/000104826823000077/iesc-20230630.htm,DQC.US.0099.9533,US GAAP 2023,10-Q,2023-08-04,2023-08-04 07:50:00,0001048268-23-000077,0001048268,"IES Holdings, Inc.",0099
1490,http://www.sec.gov/Archives/edgar/data/1338065/000133806523000024/dpm-20230630.htm,DQC.US.0099.9533,US GAAP 2023,10-Q,2023-08-04,2023-08-03 19:24:00,0001338065-23-000024,0001338065,"DCP MIDSTREAM, LP",0099
1491,http://www.sec.gov/Archives/edgar/data/728391/000072839123000037/cik0000728391-20230630.htm,DQC.US.0099.9533,US GAAP 2023,10-Q,2023-08-04,2023-08-03 17:28:00,0000728391-23-000037,0000728391,"IPALCO ENTERPRISES, INC.",0099
1492,http://www.sec.gov/Archives/edgar/data/19745/000162828023027319/cpk-20230630.htm,DQC.US.0099.9533,US GAAP 2023,10-Q,2023-08-04,2023-08-03 16:56:00,0001628280-23-027319,0000019745,CHESAPEAKE UTILITIES CORP,0099
1493,http://www.sec.gov/Archives/edgar/data/1604778/000160477823000083/rfmd-20230701.htm,DQC.US.0099.9533,US GAAP 2023,10-Q,2023-08-04,2023-08-03 16:51:00,0001604778-23-000083,0001604778,"Qorvo, Inc.",0099
1494,http://www.sec.gov/Archives/edgar/data/65984/000006598423000073/etr-20230630.htm,DQC.US.0099.9533,US GAAP 2023,10-Q,2023-08-04,2023-08-03 16:38:00,0000065984-23-000073,0000065984,Entergy Corporation,0099
1495,http://www.sec.gov/Archives/edgar/data/1792509/000179250923000028/tpvc-20230630.htm,DQC.US.0099.9533,US GAAP 2023,10-Q,2023-08-04,2023-08-03 16:31:00,0001792509-23-000028,0001792509,TriplePoint Private Venture Credit Inc.,0099
1496,http://www.sec.gov/Archives/edgar/data/351817/000035181723000084/sbow-20230630.htm,DQC.US.0099.9533,US GAAP 2023,10-Q,2023-08-04,2023-08-03 16:06:00,0000351817-23-000084,0000351817,"SilverBow Resources, Inc.",0099
1497,http://www.sec.gov/Archives/edgar/data/67716/000006771623000096/mdu-20230630.htm,DQC.US.0099.9533,US GAAP 2023,10-Q,2023-08-04,2023-08-03 16:02:00,0000067716-23-000096,0000067716,"MDU Resources Group, Inc.",0099
1498,http://www.sec.gov/Archives/edgar/data/1045450/000104545023000065/epr-20230630.htm,DQC.US.0099.9533,US GAAP 2023,10-Q,2023-08-03,2023-08-03 15:02:00,0001045450-23-000065,0001045450,EPR PROPERTIES,0099
1499,http://www.sec.gov/Archives/edgar/data/1118072/000155479523000243/skin0727form10q.htm,DQC.US.0099.9533,US GAAP 2023,10-Q,2023-08-03,2023-08-03 14:59:00,0001554795-23-000243,0001118072,SKINOVATION PHARMACEUTICAL INCORPORATED,0099
1500,http://www.sec.gov/Archives/edgar/data/1160945/000155479523000241/nvsi0727form10q.htm,DQC.US.0099.9533,US GAAP 2023,10-Q,2023-08-03,2023-08-03 14:50:00,0001554795-23-000241,0001160945,"NOVA STAR INNOVATIONS, INC.",0099
1501,http://www.sec.gov/Archives/edgar/data/790179/000155479523000239/pgec0727form10q.htm,DQC.US.0099.9533,US GAAP 2023,10-Q,2023-08-03,2023-08-03 14:43:00,0001554795-23-000239,0000790179,PRESTIGE CAPITAL CORPORATION,0099
1502,http://www.sec.gov/Archives/edgar/data/1130889/000155479523000237/cncl0727form10q.htm,DQC.US.0099.9533,US GAAP 2023,10-Q,2023-08-03,2023-08-03 14:04:00,0001554795-23-000237,0001130889,CANCER CAPITAL CORP.,0099
1503,http://www.sec.gov/Archives/edgar/data/1430319/000155479523000235/ccti0727form10q.htm,DQC.US.0099.9533,US GAAP 2023,10-Q,2023-08-03,2023-08-03 13:56:00,0001554795-23-000235,0001430319,"C & C TOURS, INC",0099
1504,http://www.sec.gov/Archives/edgar/data/216228/000021622823000030/itt-20230701.htm,DQC.US.0099.9533,US GAAP 2023,10-Q,2023-08-03,2023-08-03 13:47:00,0000216228-23-000030,0000216228,ITT INC.,0099
1505,http://www.sec.gov/Archives/edgar/data/1616741/000161674123000035/patrjunq23.htm,DQC.US.0099.9533,US GAAP 2023,10-Q,2023-08-03,2023-08-03 13:39:00,0001616741-23-000035,0001616741,"PATRIOT
TRANSPORTATION HOLDING, INC.",0099
1506,http://www.sec.gov/Archives/edgar/data/26172/000002617223000035/cmi-20230630.htm,DQC.US.0099.9533,US GAAP 2023,10-Q,2023-08-03,2023-08-03 13:16:00,0000026172-23-000035,0000026172,CUMMINS INC.,0099
1507,http://www.sec.gov/Archives/edgar/data/1482981/000148298123000081/coco-20230630.htm,DQC.US.0099.9533,US GAAP 2023,10-Q,2023-08-03,2023-08-03 12:49:00,0001482981-23-000081,0001482981,"The Vita Coco Company, Inc.",0099
1508,http://www.sec.gov/Archives/edgar/data/14930/000001493023000174/bcorp-20230701.htm,DQC.US.0099.9533,US GAAP 2023,10-Q,2023-08-03,2023-08-03 12:33:00,0000014930-23-000174,0000014930,Brunswick Corporation,0099
1509,http://www.sec.gov/Archives/edgar/data/1276187/000127618723000059/et-20230630.htm,DQC.US.0099.9533,US GAAP 2023,10-Q,2023-08-03,2023-08-03 11:50:00,0001276187-23-000059,0001276187,ENERGY TRANSFER LP,0099
1510,http://www.sec.gov/Archives/edgar/data/1285543/000147793223005717/sfor_s1a.htm,DQC.US.0099.9533,US GAAP 2023,S-1/A,2023-08-03,2023-08-03 11:05:00,0001477932-23-005717,0001285543,"ZERIFY, INC.",0099
1511,http://www.sec.gov/Archives/edgar/data/1085392/000108539223000019/psd-20230630.htm,DQC.US.0099.9533,US GAAP 2023,10-Q,2023-08-03,2023-08-02 17:52:00,0001085392-23-000019,0001085392,PUGET ENERGY INC /WA,0099
1512,http://www.sec.gov/Archives/edgar/data/1443611/000147793223005696/sing_s1a.htm,DQC.US.0099.9533,US GAAP 2023,S-1/A,2023-08-03,2023-08-02 17:23:00,0001477932-23-005696,0001443611,Singlepoint Inc.,0099
1513,http://www.sec.gov/Archives/edgar/data/1175535/000143774923021670/wstr20230630_10q.htm,DQC.US.0099.9533,US GAAP 2023,10-Q,2023-08-03,2023-08-02 16:45:00,0001437749-23-021670,0001175535,Whitestone REIT,0099
1514,http://www.sec.gov/Archives/edgar/data/34903/000003490323000054/frt-20230630.htm,DQC.US.0099.9533,US GAAP 2023,10-Q,2023-08-03,2023-08-02 16:18:00,0000034903-23-000054,0000034903,Federal Realty Investment Trust,0099
1515,http://www.sec.gov/Archives/edgar/data/1345126/000134512623000046/codi-20230630.htm,DQC.US.0099.9533,US GAAP 2023,10-Q,2023-08-03,2023-08-02 16:15:00,0001345126-23-000046,0001345126,COMPASS DIVERSIFIED HOLDINGS,0099
1516,http://www.sec.gov/Archives/edgar/data/1005229/000100522923000232/cmco-20230630.htm,DQC.US.0099.9533,US GAAP 2022,10-Q,2023-08-03,2023-08-02 16:13:00,0001005229-23-000232,0001005229,Columbus McKinnon Corporation,0099
1517,http://www.sec.gov/Archives/edgar/data/1165002/000116500223000070/whg-20230630.htm,DQC.US.0099.9533,US GAAP 2023,10-Q,2023-08-03,2023-08-02 16:11:00,0001165002-23-000070,0001165002,"WESTWOOD HOLDINGS GROUP, INC.",0099
1518,http://www.sec.gov/Archives/edgar/data/1051470/000105147023000128/cci-20230630.htm,DQC.US.0099.9533,US GAAP 2023,10-Q,2023-08-02,2023-08-02 16:03:00,0001051470-23-000128,0001051470,Crown Castle Inc,0099
1519,http://www.sec.gov/Archives/edgar/data/1364885/000162828023026740/spr-20230629.htm,DQC.US.0099.9533,US GAAP 2023,10-Q,2023-08-02,2023-08-02 15:49:00,0001628280-23-026740,0001364885,"Spirit AeroSystems Holdings, Inc.",0099
1520,http://www.sec.gov/Archives/edgar/data/1787412/000159991623000169/wbba10q223o.htm,DQC.US.0099.9533,US GAAP 2022,10-Q,2023-08-02,2023-08-02 15:38:00,0001599916-23-000169,0001787412,"WB Burgers Asia, Inc.",0099
1521,http://www.sec.gov/Archives/edgar/data/89089/000008908923000055/sci-20230630.htm,DQC.US.0099.9533,US GAAP 2023,10-Q,2023-08-02,2023-08-02 15:21:00,0000089089-23-000055,0000089089,Service Corporation International,0099
1522,http://www.sec.gov/Archives/edgar/data/1109357/000110935723000067/exc-20230630.htm,DQC.US.0099.9533,US GAAP 2023,10-Q,2023-08-02,2023-08-02 14:35:00,0001109357-23-000067,0001109357,EXELON CORPORATION,0099
1523,http://www.sec.gov/Archives/edgar/data/914208/000091420823000416/ivz-20230630.htm,DQC.US.0099.9533,US GAAP 2023,10-Q,2023-08-02,2023-08-02 13:39:00,0000914208-23-000416,0000914208,Invesco Ltd.,0099
1524,http://www.sec.gov/Archives/edgar/data/1285785/000161803423000015/mos-20230630.htm,DQC.US.0099.9533,US GAAP 2023,10-Q,2023-08-02,2023-08-02 13:27:00,0001618034-23-000015,0001285785,MOSAIC CO,0099
1525,http://www.sec.gov/Archives/edgar/data/1411168/000137647423000388/dug-20230630.htm,DQC.US.0099.9533,US GAAP 2023,10-Q,2023-08-02,2023-08-02 13:06:00,0001376474-23-000388,0001411168,Dutch Oven Gold Group Inc.,0099
1526,http://www.sec.gov/Archives/edgar/data/1490054/000109690623001489/vbhi-20230430.htm,DQC.US.0099.9533,US GAAP 2023,10-K,2023-08-02,2023-08-01 20:42:00,0001096906-23-001489,0001490054,"VERDE BIO HOLDINGS, INC.",0099
1527,http://www.sec.gov/Archives/edgar/data/1587732/000158773223000047/ogs-20230630.htm,DQC.US.0099.9533,US GAAP 2023,10-Q,2023-08-01,2023-08-01 16:35:00,0001587732-23-000047,0001587732,"ONE Gas, Inc.",0099
1528,http://www.sec.gov/Archives/edgar/data/829224/000082922423000044/sbux-20230702.htm,DQC.US.0099.9533,US GAAP 2023,10-Q,2023-08-01,2023-08-01 16:32:00,0000829224-23-000044,0000829224,Starbucks Corporation,0099
1529,http://www.sec.gov/Archives/edgar/data/77877/000007787723000042/pdce-20230630.htm,DQC.US.0099.9533,US GAAP 2023,10-Q,2023-08-01,2023-08-01 16:31:00,0000077877-23-000042,0000077877,"PDC ENERGY, INC.",0099
1530,http://www.sec.gov/Archives/edgar/data/1212545/000121254523000149/wal-20230630.htm,DQC.US.0099.9533,US GAAP 2023,10-Q,2023-08-01,2023-08-01 16:25:00,0001212545-23-000149,0001212545,WESTERN ALLIANCE BANCORPORATION,0099
1531,http://www.sec.gov/Archives/edgar/data/805676/000080567623000106/prk-20230630.htm,DQC.US.0099.9533,US GAAP 2023,10-Q,2023-08-01,2023-08-01 16:16:00,0000805676-23-000106,0000805676,PARK NATIONAL CORPORATION,0099
1532,http://www.sec.gov/Archives/edgar/data/1767057/000093041323001940/c106733_10q-ixbrl.htm,DQC.US.0099.9533,US GAAP 2023,10-Q,2023-08-01,2023-08-01 12:16:00,0000930413-23-001940,0001767057,Osprey Bitcoin Trust,0099
1533,http://www.sec.gov/Archives/edgar/data/1722969/000121465923010516/o728234s1a2.htm,DQC.US.0099.9533,US GAAP 2023,S-1/A,2023-08-01,2023-07-31 22:00:00,0001214659-23-010516,0001722969,"Nxu, Inc.",0099
1534,http://www.sec.gov/Archives/edgar/data/719274/000121465923010514/gt725231s1a1.htm,DQC.US.0099.9533,US GAAP 2023,S-1/A,2023-08-01,2023-07-31 21:46:00,0001214659-23-010514,0000719274,"Gresham Worldwide, Inc.",0099
1535,http://www.sec.gov/Archives/edgar/data/1157075/000168316823005175/pharmacyte_i10k-043023.htm,DQC.US.0099.9533,US GAAP 2023,10-K,2023-07-31,2023-07-31 17:18:00,0001683168-23-005175,0001157075,"PHARMACYTE BIOTECH, INC.",0099
1536,http://www.sec.gov/Archives/edgar/data/1634117/000163411723000032/bned-20230429.htm,DQC.US.0099.9533,US GAAP 2023,10-K,2023-07-31,2023-07-31 16:15:00,0001634117-23-000032,0001634117,"BARNES & NOBLE EDUCATION, INC.",0099
1537,http://www.sec.gov/Archives/edgar/data/1680689/000164033423001392/boxxy_10k.htm,DQC.US.0099.9533,US GAAP 2023,10-K,2023-07-31,2023-07-31 14:37:00,0001640334-23-001392,0001680689,"Natural Resource Holdings, Inc.",0099
1538,http://www.sec.gov/Archives/edgar/data/1624140/000101738623000275/jmkj_2023jun30-10q.htm,DQC.US.0099.9533,US GAAP 2023,10-Q,2023-07-31,2023-07-31 14:08:00,0001017386-23-000275,0001624140,"CORETAG, INC.",0099
1539,http://www.sec.gov/Archives/edgar/data/1411168/000137647423000382/dug-20230331.htm,DQC.US.0099.9533,US GAAP 2023,10-Q,2023-07-31,2023-07-31 13:37:00,0001376474-23-000382,0001411168,Dutch Oven Gold Group Inc.,0099
1540,http://www.sec.gov/Archives/edgar/data/1693687/000164033423001387/msyn_10q.htm,DQC.US.0099.9533,US GAAP 2023,10-Q,2023-07-31,2023-07-31 13:34:00,0001640334-23-001387,0001693687,Greenlit Ventures Inc.,0099
1541,http://www.sec.gov/Archives/edgar/data/1643301/000147793223005602/curr_10k.htm,DQC.US.0099.9533,US GAAP 2023,10-K,2023-07-29,2023-07-28 17:01:00,0001477932-23-005602,0001643301,"AVENIR WELLNESS SOLUTIONS, INC.",0099
1542,http://www.sec.gov/Archives/edgar/data/87802/000165495423009802/scnd_s1a.htm,DQC.US.0099.9533,US GAAP 2023,S-1/A,2023-07-29,2023-07-28 16:45:00,0001654954-23-009802,0000087802,"SCIENTIFIC INDUSTRIES, INC.",0099
1543,http://www.sec.gov/Archives/edgar/data/1444839/000109181823000140/brvo20230630.htm,DQC.US.0099.9533,US GAAP 2023,10-Q,2023-07-29,2023-07-28 16:11:00,0001091818-23-000140,0001444839,BRAVO MULTINATIONAL INCORPORATED,0099
1544,http://www.sec.gov/Archives/edgar/data/842517/000084251723000145/isba-20230630.htm,DQC.US.0099.9533,US GAAP 2023,10-Q,2023-07-29,2023-07-28 14:38:00,0000842517-23-000145,0000842517,ISABELLA BANK CORP,0099
1545,http://www.sec.gov/Archives/edgar/data/1285543/000147793223005593/sfor_s1a.htm,DQC.US.0099.9533,US GAAP 2023,S-1/A,2023-07-29,2023-07-28 12:10:00,0001477932-23-005593,0001285543,"ZERIFY, INC.",0099
1546,http://www.sec.gov/Archives/edgar/data/799292/000079929223000091/mho-20230630.htm,DQC.US.0099.9533,US GAAP 2023,10-Q,2023-07-29,2023-07-28 11:01:00,0000799292-23-000091,0000799292,"M/I HOMES, INC.",0099
1547,http://www.sec.gov/Archives/edgar/data/38777/000003877723000106/ben-20230630.htm,DQC.US.0099.9533,US GAAP 2023,10-Q,2023-07-29,2023-07-28 08:43:00,0000038777-23-000106,0000038777,"FRANKLIN RESOURCES, INC.",0099
1548,http://www.sec.gov/Archives/edgar/data/831609/000106299323015395/form20fa.htm,DQC.US.0099.9533,US GAAP 2023,20-F/A,2023-07-29,2023-07-27 18:51:00,0001062993-23-015395,0000831609,C21 Investments Inc.,0099
1549,http://www.sec.gov/Archives/edgar/data/1065696/000106569623000064/lkq-20230630.htm,DQC.US.0099.9533,US GAAP 2023,10-Q,2023-07-29,2023-07-27 16:44:00,0001065696-23-000064,0001065696,LKQ CORPORATION,0099
1550,http://www.sec.gov/Archives/edgar/data/1043509/000104350923000014/sah-20230630.htm,DQC.US.0099.9533,US GAAP 2023,10-Q,2023-07-29,2023-07-27 16:26:00,0001043509-23-000014,0001043509,"SONIC AUTOMOTIVE, INC.",0099
1551,http://www.sec.gov/Archives/edgar/data/748268/000155479523000231/rcat0721form10k.htm,DQC.US.0099.9533,US GAAP 2023,10-K,2023-07-29,2023-07-27 16:16:00,0001554795-23-000231,0000748268,"Red Cat Holdings, Inc.",0099
1552,http://www.sec.gov/Archives/edgar/data/7789/000000778923000056/asb-20230630.htm,DQC.US.0099.9533,US GAAP 2023,10-Q,2023-07-29,2023-07-27 16:16:00,0000007789-23-000056,0000007789,Associated Banc-Corp,0099
1553,http://www.sec.gov/Archives/edgar/data/92521/000009252123000012/sps-20230630.htm,DQC.US.0099.9533,US GAAP 2023,10-Q,2023-07-28,2023-07-27 16:05:00,0000092521-23-000012,0000092521,SOUTHWESTERN PUBLIC SERVICE CO,0099
1554,http://www.sec.gov/Archives/edgar/data/1672886/000155335023000405/zhybf_20f.htm,DQC.US.0099.9533,US GAAP 2023,20-F,2023-07-28,2023-07-27 12:12:00,0001553350-23-000405,0001672886,ZHONG YUAN BIO-TECHNOLOGY HOLDINGS LIMITED,0099
1555,http://www.sec.gov/Archives/edgar/data/4904/000000490423000104/aep-20230630.htm,DQC.US.0099.9533,US GAAP 2023,10-Q,2023-07-27,2023-07-27 07:10:00,0000004904-23-000104,0000004904,AMERICAN ELECTRIC POWER CO INC.,0099
1556,http://www.sec.gov/Archives/edgar/data/1133421/000113342123000045/noc-20230630.htm,DQC.US.0099.9533,US GAAP 2023,10-Q,2023-07-27,2023-07-27 06:44:00,0001133421-23-000045,0001133421,NORTHROP GRUMMAN CORP /DE/,0099
1557,http://www.sec.gov/Archives/edgar/data/1826671/000121390023060083/fs12023a2_nearintelli.htm,DQC.US.0099.9533,US GAAP 2023,S-1/A,2023-07-26,2023-07-26 17:29:00,0001213900-23-060083,0001826671,"Near Intelligence, Inc.",0099
1558,http://www.sec.gov/Archives/edgar/data/1826671/000121390023060078/fs12023a2_nearintell.htm,DQC.US.0099.9533,US GAAP 2023,S-1/A,2023-07-26,2023-07-26 17:24:00,0001213900-23-060078,0001826671,"Near Intelligence, Inc.",0099
1559,http://www.sec.gov/Archives/edgar/data/1826671/000121390023060076/fs12023a2_nearintell.htm,DQC.US.0099.9533,US GAAP 2023,S-1/A,2023-07-26,2023-07-26 17:19:00,0001213900-23-060076,0001826671,"Near Intelligence, Inc.",0099
1560,http://www.sec.gov/Archives/edgar/data/51644/000005164423000033/ipg-20230630.htm,DQC.US.0099.9533,US GAAP 2022,10-Q,2023-07-26,2023-07-26 16:23:00,0000051644-23-000033,0000051644,"INTERPUBLIC GROUP OF COMPANIES, INC.",0099
1561,http://www.sec.gov/Archives/edgar/data/49600/000004960023000095/egp-20230630.htm,DQC.US.0099.9533,US GAAP 2023,10-Q,2023-07-26,2023-07-26 16:10:00,0000049600-23-000095,0000049600,"EASTGROUP PROPERTIES, INC.",0099
1562,http://www.sec.gov/Archives/edgar/data/1414767/000190359623000560/ncpl_10-k.htm,DQC.US.0099.9533,US GAAP 2022,10-K,2023-07-26,2023-07-26 16:09:00,0001903596-23-000560,0001414767,Netcapital Inc.,0099
1563,http://www.sec.gov/Archives/edgar/data/1936756/000119983523000396/nbh-forms_1.htm,DQC.US.0099.9533,US GAAP 2023,S-1,2023-07-26,2023-07-26 13:40:00,0001199835-23-000396,0001936756,"NEXT BRIDGE HYDROCARBONS, INC.",0099
1564,http://www.sec.gov/Archives/edgar/data/45012/000004501223000046/hal-20230630.htm,DQC.US.0099.9533,US GAAP 2022,10-Q,2023-07-26,2023-07-26 10:28:00,0000045012-23-000046,0000045012,HALLIBURTON COMPANY,0099
1565,http://www.sec.gov/Archives/edgar/data/1730984/000173098423000062/bcml-20220930x10qa.htm,DQC.US.0099.9533,US GAAP 2022,10-Q/A,2023-07-25,2023-07-25 17:09:00,0001730984-23-000062,0001730984,BAYCOM CORP,0099
1566,http://www.sec.gov/Archives/edgar/data/921082/000092108223000050/hiw-20230630.htm,DQC.US.0099.9533,US GAAP 2023,10-Q,2023-07-25,2023-07-25 16:05:00,0000921082-23-000050,0000921082,"HIGHWOODS PROPERTIES, INC.",0099
1567,http://www.sec.gov/Archives/edgar/data/101829/000010182923000032/rtx-20230630.htm,DQC.US.0099.9533,US GAAP 2023,10-Q,2023-07-25,2023-07-25 16:03:00,0000101829-23-000032,0000101829,RTX CORPORATION,0099
1568,http://www.sec.gov/Archives/edgar/data/1589150/000160706223000371/rgbp063023form10q.htm,DQC.US.0099.9533,US GAAP 2022,10-Q,2023-07-25,2023-07-25 15:39:00,0001607062-23-000371,0001589150,"REGEN BIOPHARMA, INC.",0099
1569,http://www.sec.gov/Archives/edgar/data/1285543/000147793223005514/sfor_s1a.htm,DQC.US.0099.9533,US GAAP 2023,S-1/A,2023-07-25,2023-07-25 13:17:00,0001477932-23-005514,0001285543,"ZERIFY, INC.",0099
1570,http://www.sec.gov/Archives/edgar/data/55785/000005578523000054/kmb-20230630.htm,DQC.US.0099.9533,US GAAP 2023,10-Q,2023-07-25,2023-07-25 09:54:00,0000055785-23-000054,0000055785,KIMBERLY-CLARK CORPORATION,0099
1571,http://www.sec.gov/Archives/edgar/data/1818152/000159991623000163/zentrum_q223o.htm,DQC.US.0099.9533,US GAAP 2022,10-Q,2023-07-25,2023-07-25 09:53:00,0001599916-23-000163,0001818152,"Zentrum Holdings, Inc.",0099
1572,http://www.sec.gov/Archives/edgar/data/1418819/000162828023025521/irdm-20230630.htm,DQC.US.0099.9533,US GAAP 2022,10-Q,2023-07-25,2023-07-25 07:06:00,0001628280-23-025521,0001418819,Iridium Communications Inc.,0099
1573,http://www.sec.gov/Archives/edgar/data/1842498/000117891323002539/zk2329998.htm,DQC.US.0099.9533,US GAAP 2022,F-4,2023-07-25,2023-07-24 16:23:00,0001178913-23-002539,0001842498,OTONOMO TECHNOLOGIES LTD.,0099
1574,http://www.sec.gov/Archives/edgar/data/1936804/000121390023059211/ea182164-f1_suncartech.htm,DQC.US.0099.9533,US GAAP 2022,F-1,2023-07-25,2023-07-24 16:06:00,0001213900-23-059211,0001936804,SunCar Technology Group Inc.,0099
1575,http://www.sec.gov/Archives/edgar/data/1702015/000159991623000161/aisq1_24o.htm,DQC.US.0099.9533,US GAAP 2023,10-Q,2023-07-25,2023-07-24 14:02:00,0001599916-23-000161,0001702015,"AIS
HOLDINGS GROUP, INC.",0099
1576,http://www.sec.gov/Archives/edgar/data/1859807/000114036123035626/ny20006207x4_s4a.htm,DQC.US.0099.9533,US GAAP 2023,S-4/A,2023-07-25,2023-07-21 16:07:00,0001140361-23-035626,0001859807,NORTHVIEW ACQUISITION CORP.,0099
1577,http://www.sec.gov/Archives/edgar/data/915358/000091535823000008/sgma-20230430x10k.htm,DQC.US.0099.9533,US GAAP 2022,10-K,2023-07-25,2023-07-21 11:55:00,0000915358-23-000008,0000915358,"SIGMATRON INTERNATIONAL, INC.",0099
1578,http://www.sec.gov/Archives/edgar/data/831609/000106299323015141/form20f.htm,DQC.US.0099.9533,US GAAP 2023,20-F,2023-07-25,2023-07-20 19:53:00,0001062993-23-015141,0000831609,C21 Investments Inc.,0099
1579,http://www.sec.gov/Archives/edgar/data/1498148/000116169723000426/s-1.htm,DQC.US.0099.9533,US GAAP 2022,POS AM,2023-07-24,2023-07-20 12:09:00,0001161697-23-000426,0001498148,ARTIFICIAL     INTELLIGENCE TECHNOLOGY SOLUTIONS INC.,0099
1580,http://www.sec.gov/Archives/edgar/data/1498148/000116169723000421/s-1.htm,DQC.US.0099.9533,US GAAP 2022,S-1/A,2023-07-24,2023-07-19 16:01:00,0001161697-23-000421,0001498148,ARTIFICIAL     INTELLIGENCE TECHNOLOGY SOLUTIONS INC.,0099
1581,http://www.sec.gov/Archives/edgar/data/1735092/000147793223005417/gofba_posam.htm,DQC.US.0099.9533,US GAAP 2022,POS AM,2023-07-24,2023-07-19 15:53:00,0001477932-23-005417,0001735092,"GOFBA, INC.",0099
1582,http://www.sec.gov/Archives/edgar/data/1844793/000109690623001429/yohe-20230331.htm,DQC.US.0099.9533,US GAAP 2023,10-Q,2023-07-19,2023-07-19 11:02:00,0001096906-23-001429,0001844793,"YO-HEALTH, INC.",0099
1583,http://www.sec.gov/Archives/edgar/data/1903709/000149315223024889/formf-1a.htm,DQC.US.0099.9533,US GAAP 2023,F-1/A,2023-07-19,2023-07-19 09:55:00,0001493152-23-024889,0001903709,ANGKASA-X HOLDINGS CORP.,0099
1584,http://www.sec.gov/Archives/edgar/data/895665/000149315223024846/form10-q.htm,DQC.US.0099.9533,US GAAP 2023,10-Q,2023-07-19,2023-07-18 16:47:00,0001493152-23-024846,0000895665,"CLEARDAY, INC.",0099
1585,http://www.sec.gov/Archives/edgar/data/1464865/000147793223005375/accredited_10q.htm,DQC.US.0099.9533,US GAAP 2023,10-Q,2023-07-18,2023-07-17 21:35:00,0001477932-23-005375,0001464865,"Accredited Solutions, Inc.",0099
1586,http://www.sec.gov/Archives/edgar/data/1464865/000147793223005374/accredited_10k.htm,DQC.US.0099.9533,US GAAP 2023,10-K,2023-07-18,2023-07-17 21:16:00,0001477932-23-005374,0001464865,"Accredited Solutions, Inc.",0099
1587,http://www.sec.gov/Archives/edgar/data/1936804/000121390023057391/ea181811-f1_suncartech.htm,DQC.US.0099.9533,US GAAP 2022,F-1,2023-07-17,2023-07-17 16:06:00,0001213900-23-057391,0001936804,SunCar Technology Group Inc.,0099
1588,http://www.sec.gov/Archives/edgar/data/1901886/000182912623004746/aurafatprojects_10q.htm,DQC.US.0099.9533,US GAAP 2023,10-Q,2023-07-17,2023-07-17 16:05:00,0001829126-23-004746,0001901886,AURA FAT PROJECTS ACQUISITION CORP,0099
1589,http://www.sec.gov/Archives/edgar/data/1498148/000116169723000408/form_10-q.htm,DQC.US.0099.9533,US GAAP 2022,10-Q,2023-07-17,2023-07-17 15:59:00,0001161697-23-000408,0001498148,ARTIFICIAL     INTELLIGENCE TECHNOLOGY SOLUTIONS INC.,0099
1590,http://www.sec.gov/Archives/edgar/data/1627469/000159991623000158/photozou_10q223o.htm,DQC.US.0099.9533,US GAAP 2023,10-Q,2023-07-17,2023-07-17 10:43:00,0001599916-23-000158,0001627469,"Photozou     Holdings, Inc.",0099
1591,http://www.sec.gov/Archives/edgar/data/1438461/000164033423001303/elre_10ka.htm,DQC.US.0099.9533,US GAAP 2023,10-K/A,2023-07-17,2023-07-17 10:36:00,0001640334-23-001303,0001438461,Yinfu Gold Corporation,0099
1592,http://www.sec.gov/Archives/edgar/data/849401/000143774923019987/admt20230331_10k.htm,DQC.US.0099.9533,US GAAP 2023,10-K,2023-07-17,2023-07-14 20:13:00,0001437749-23-019987,0000849401,"ADM TRONICS UNLIMITED, INC.",0099
1593,http://www.sec.gov/Archives/edgar/data/1038509/000103850923000025/cik1038509-20230714.htm,DQC.US.0099.9533,US GAAP 2023,8-K,2023-07-17,2023-07-14 17:31:00,0001038509-23-000025,0001038509,PRUCO LIFE INSURANCE OF NEW JERSEY,0099
1594,http://www.sec.gov/Archives/edgar/data/777917/000077791723000040/cik777917-20230714.htm,DQC.US.0099.9533,US GAAP 2023,8-K,2023-07-17,2023-07-14 17:28:00,0000777917-23-000040,0000777917,PRUCO LIFE INSURANCE CO,0099
1595,http://www.sec.gov/Archives/edgar/data/802257/000118518523000727/mitesco20221231_10k.htm,DQC.US.0099.9533,US GAAP 2023,10-K,2023-07-17,2023-07-14 16:49:00,0001185185-23-000727,0000802257,"MITESCO, INC",0099
1596,http://www.sec.gov/Archives/edgar/data/1931055/000166357723000356/mdnc10q_053123.htm,DQC.US.0099.9533,US GAAP 2023,10-Q,2023-07-17,2023-07-14 15:37:00,0001663577-23-000356,0001931055,Medinotec Inc.,0099
1597,http://www.sec.gov/Archives/edgar/data/1781629/000178162923000012/ankam10q_31052023.htm,DQC.US.0099.9533,US GAAP 2023,10-Q,2023-07-17,2023-07-14 15:33:00,0001781629-23-000012,0001781629,"ANKAM, INC.",0099
1598,http://www.sec.gov/Archives/edgar/data/1348362/000164033423001286/lxrp_10q.htm,DQC.US.0099.9533,US GAAP 2023,10-Q,2023-07-17,2023-07-14 14:42:00,0001640334-23-001286,0001348362,Lexaria Bioscience Corp,0099
1599,http://www.sec.gov/Archives/edgar/data/1784970/000147793223005290/wetg_10k.htm,DQC.US.0099.9533,US GAAP 2023,10-K,2023-07-17,2023-07-14 14:24:00,0001477932-23-005290,0001784970,Next Technology Holding Inc.,0099
1600,http://www.sec.gov/Archives/edgar/data/1938338/000147793223005288/global_10ka.htm,DQC.US.0099.9533,US GAAP 2023,10-K/A,2023-07-17,2023-07-14 14:12:00,0001477932-23-005288,0001938338,GlobalTech Corporation,0099
1601,http://www.sec.gov/Archives/edgar/data/1888740/000119983523000361/lseb-10k.htm,DQC.US.0099.9533,US GAAP 2023,10-K,2023-07-17,2023-07-14 13:40:00,0001199835-23-000361,0001888740,LSEB CREATIVE CORP.,0099
1602,http://www.sec.gov/Archives/edgar/data/1605331/000166357723000348/abqq10q053123.htm,DQC.US.0099.9533,US GAAP 2023,10-Q,2023-07-18,2023-07-13 17:29:00,0001663577-23-000348,0001605331,AB International Group Corp.,0099
1603,http://www.sec.gov/Archives/edgar/data/1499200/000119312523186632/d494041ds4.htm,DQC.US.0099.9533,US GAAP 2022,S-4,2023-07-18,2023-07-13 17:14:00,0001193125-23-186632,0001499200,"Sabine Pass Liquefaction, LLC",0099
1604,http://www.sec.gov/Archives/edgar/data/772263/000139390523000281/nich-20230531.htm,DQC.US.0099.9533,US GAAP 2023,10-Q,2023-07-18,2023-07-13 17:09:00,0001393905-23-000281,0000772263,NITCHES INC.,0099
1605,http://www.sec.gov/Archives/edgar/data/1765826/000159991623000156/bzrd10q_q123o.htm,DQC.US.0099.9533,US GAAP 2023,10-Q,2023-07-18,2023-07-13 16:38:00,0001599916-23-000156,0001765826,"Blubuzzard, Inc.",0099
1606,http://www.sec.gov/Archives/edgar/data/1740797/000174079723000051/tren_10k2amen2023.htm,DQC.US.0099.9533,US GAAP 2023,10-K/A,2023-07-18,2023-07-13 12:11:00,0001740797-23-000051,0001740797,AVANT TECHNOLOGIES INC.,0099
1607,http://www.sec.gov/Archives/edgar/data/1527702/000166357723000345/iqst_s1a2.htm,DQC.US.0099.9533,US GAAP 2022,S-1/A,2023-07-18,2023-07-12 17:26:00,0001663577-23-000345,0001527702,iQSTEL Inc.,0099
1608,http://www.sec.gov/Archives/edgar/data/1346022/000106299323014844/form10q.htm,DQC.US.0099.9533,US GAAP 2023,10-Q,2023-07-18,2023-07-12 16:29:00,0001062993-23-014844,0001346022,ENERTOPIA CORP.,0099
1609,http://www.sec.gov/Archives/edgar/data/1504678/000165495423009087/loop_10q.htm,DQC.US.0099.9533,US GAAP 2023,10-Q,2023-07-18,2023-07-12 16:07:00,0001654954-23-009087,0001504678,"Loop Industries, Inc.",0099
1610,http://www.sec.gov/Archives/edgar/data/1558740/000182912623004640/winvestgroup_s1a7.htm,DQC.US.0099.9533,US GAAP 2023,S-1/A,2023-07-18,2023-07-12 14:15:00,0001829126-23-004640,0001558740,Winvest Group Ltd.,0099
1611,http://www.sec.gov/Archives/edgar/data/1765651/000164033423001259/pse_10q.htm,DQC.US.0099.9533,US GAAP 2023,10-Q,2023-07-18,2023-07-12 13:18:00,0001640334-23-001259,0001765651,PACIFIC SPORTS EXCHANGE INC.,0099
1612,http://www.sec.gov/Archives/edgar/data/1900035/000149315223024269/forms-1a.htm,DQC.US.0099.9533,US GAAP 2023,S-1/A,2023-07-13,2023-07-11 17:26:00,0001493152-23-024269,0001900035,FIRST PERSON LTD.,0099
1613,http://www.sec.gov/Archives/edgar/data/1896212/000149315223024231/forms-4a.htm,DQC.US.0099.9533,US GAAP 2023,S-4/A,2023-07-13,2023-07-11 16:35:00,0001493152-23-024231,0001896212,Conduit Pharmaceuticals Inc.,0099
1614,http://www.sec.gov/Archives/edgar/data/1570937/000155479523000209/atao0629form10k.htm,DQC.US.0099.9533,US GAAP 2023,10-K,2023-07-13,2023-07-11 16:31:00,0001554795-23-000209,0001570937,Altair International Corp.,0099
1615,http://www.sec.gov/Archives/edgar/data/65759/000121465923009480/mi7823010q.htm,DQC.US.0099.9533,US GAAP 2023,10-Q,2023-07-13,2023-07-11 13:49:00,0001214659-23-009480,0000065759,"MICROPAC INDUSTRIES, INC.",0099
1616,http://www.sec.gov/Archives/edgar/data/84129/000155837023011791/rad-20230603x10q.htm,DQC.US.0099.9533,US GAAP 2023,10-Q,2023-07-13,2023-07-11 13:12:00,0001558370-23-011791,0000084129,RITE AID CORP,0099
1617,http://www.sec.gov/Archives/edgar/data/1514443/000182912623004612/ameriguardsec_s1a2.htm,DQC.US.0099.9533,US GAAP 2023,S-1/A,2023-07-13,2023-07-11 09:37:00,0001829126-23-004612,0001514443,"AMERIGUARD SECURITY SERVICES, INC.",0099
1618,http://www.sec.gov/Archives/edgar/data/1285543/000147793223005164/sfor_s1a.htm,DQC.US.0099.9533,US GAAP 2023,S-1/A,2023-07-13,2023-07-10 17:27:00,0001477932-23-005164,0001285543,"ZERIFY, INC.",0099
1619,http://www.sec.gov/Archives/edgar/data/1970622/000121390023055893/f10q0323_inflection2.htm,DQC.US.0099.9533,US GAAP 2023,10-Q,2023-07-13,2023-07-10 17:26:00,0001213900-23-055893,0001970622,INFLECTION POINT ACQUISITION CORP. II,0099
1620,http://www.sec.gov/Archives/edgar/data/1442999/000166357723000336/abti10k033123.htm,DQC.US.0099.9533,US GAAP 2023,10-K,2023-07-13,2023-07-10 16:29:00,0001663577-23-000336,0001442999,"Alterola Biotech, Inc.",0099
1621,http://www.sec.gov/Archives/edgar/data/1907982/000114036123033932/ny20009285x4_s1a.htm,DQC.US.0099.9533,US GAAP 2022,S-1/A,2023-07-13,2023-07-10 16:17:00,0001140361-23-033932,0001907982,D-Wave Quantum Inc.,0099
1622,http://www.sec.gov/Archives/edgar/data/105132/000010513223000037/wdfc-20230531.htm,DQC.US.0099.9533,US GAAP 2023,10-Q,2023-07-13,2023-07-10 16:16:00,0000105132-23-000037,0000105132,WD-40 COMPANY,0099
1623,http://www.sec.gov/Archives/edgar/data/1871890/000190359623000532/f10q_galaxyenter.htm,DQC.US.0099.9533,US GAAP 2023,10-Q,2023-07-13,2023-07-10 16:14:00,0001903596-23-000532,0001871890,GALAXY ENTERPRISES INC.,0099
1624,http://www.sec.gov/Archives/edgar/data/1756180/000168316823004734/nocera_i10ka-123122.htm,DQC.US.0099.9533,US GAAP 2022,10-K/A,2023-07-10,2023-07-10 12:10:00,0001683168-23-004734,0001756180,"NOCERA, INC.",0099
1625,http://www.sec.gov/Archives/edgar/data/1722969/000121465923009383/r76230s1a1.htm,DQC.US.0099.9533,US GAAP 2023,S-1/A,2023-07-10,2023-07-07 21:28:00,0001214659-23-009383,0001722969,"Nxu, Inc.",0099
1626,http://www.sec.gov/Archives/edgar/data/1846809/000175392623000904/g083559_s4.htm,DQC.US.0099.9533,US GAAP 2023,S-4,2023-07-10,2023-07-07 20:43:00,0001753926-23-000904,0001846809,OceanTech Acquisitions I Corp.,0099
1627,http://www.sec.gov/Archives/edgar/data/1776932/000177693223000015/mmen-20230325.htm,DQC.US.0099.9533,US GAAP 2022,10-Q,2023-07-10,2023-07-07 19:24:00,0001776932-23-000015,0001776932,MEDMEN ENTERPRISES INC.,0099
1628,http://www.sec.gov/Archives/edgar/data/1498372/000139390523000278/iwal-20221231.htm,DQC.US.0099.9533,US GAAP 2023,10-K,2023-07-07,2023-07-07 17:25:00,0001393905-23-000278,0001498372,iWALLET CORP,0099
1629,http://www.sec.gov/Archives/edgar/data/1826671/000121390023055566/fs12023a1_nearintelli.htm,DQC.US.0099.9533,US GAAP 2023,S-1/A,2023-07-07,2023-07-07 17:16:00,0001213900-23-055566,0001826671,"Near Intelligence, Inc.",0099
1630,http://www.sec.gov/Archives/edgar/data/87802/000165495423008948/scnd_s1a.htm,DQC.US.0099.9533,US GAAP 2022,S-1/A,2023-07-07,2023-07-07 17:15:00,0001654954-23-008948,0000087802,"SCIENTIFIC INDUSTRIES, INC.",0099
1631,http://www.sec.gov/Archives/edgar/data/1877461/000147793223005130/onesix_s1a.htm,DQC.US.0099.9533,US GAAP 2022,S-1/A,2023-07-07,2023-07-07 16:36:00,0001477932-23-005130,0001877461,1606 Corp.,0099
1632,http://www.sec.gov/Archives/edgar/data/1854816/000147793223005084/mine_10q.htm,DQC.US.0099.9533,US GAAP 2023,10-Q,2023-07-07,2023-07-07 10:58:00,0001477932-23-005084,0001854816,MINERVA GOLD INC.,0099
1633,http://www.sec.gov/Archives/edgar/data/1826671/000121390023055215/fs12023a1_nearintell.htm,DQC.US.0099.9533,US GAAP 2023,S-1/A,2023-07-06,2023-07-06 17:23:00,0001213900-23-055215,0001826671,"Near Intelligence, Inc.",0099
1634,http://www.sec.gov/Archives/edgar/data/1230524/000190359623000519/f10q_cyberapps.htm,DQC.US.0099.9533,US GAAP 2023,10-Q,2023-07-06,2023-07-06 15:03:00,0001903596-23-000519,0001230524,"Leopard Energy, Inc.",0099
1635,http://www.sec.gov/Archives/edgar/data/1820875/000182912623004575/cxapp_s1a4.htm,DQC.US.0099.9533,US GAAP 2022,S-1/A,2023-07-05,2023-07-05 17:05:00,0001829126-23-004575,0001820875,CXApp Inc.,0099
1636,http://www.sec.gov/Archives/edgar/data/59860/000119983523000348/grmc-10k.htm,DQC.US.0099.9533,US GAAP 2022,10-K,2023-07-05,2023-07-05 16:42:00,0001199835-23-000348,0000059860,GOLDRICH MINING COMPANY,0099
1637,http://www.sec.gov/Archives/edgar/data/1758699/000175869923000011/trso10q31may2023.htm,DQC.US.0099.9533,US GAAP 2023,10-Q,2023-07-05,2023-07-05 15:54:00,0001758699-23-000011,0001758699,TRANSUITE.ORG INC.,0099
1638,http://www.sec.gov/Archives/edgar/data/1892480/000147793223005002/hpco_10q.htm,DQC.US.0099.9533,US GAAP 2023,10-Q,2023-07-05,2023-07-05 13:52:00,0001477932-23-005002,0001892480,"Hempacco Co., Inc.",0099
1639,http://www.sec.gov/Archives/edgar/data/1642365/000182912623004564/alpineautobro_s1.htm,DQC.US.0099.9533,US GAAP 2023,S-1,2023-07-05,2023-07-05 06:02:00,0001829126-23-004564,0001642365,ALPINE AUTO BROKERS INC.,0099
1640,http://www.sec.gov/Archives/edgar/data/1737523/000147793223004992/bion_s1a.htm,DQC.US.0099.9533,US GAAP 2023,S-1/A,2023-07-05,2023-07-03 19:16:00,0001477932-23-004992,0001737523,BioNexus Gene Lab Corp.,0099
1641,http://www.sec.gov/Archives/edgar/data/1394108/000155479523000201/suic0703form10q.htm,DQC.US.0099.9533,US GAAP 2023,10-Q,2023-07-03,2023-07-03 15:28:00,0001554795-23-000201,0001394108,SUIC     WORLDWIDE HOLDINGS LTD.,0099
1642,http://www.sec.gov/Archives/edgar/data/1903709/000149315223023278/formf-1a.htm,DQC.US.0099.9533,US GAAP 2023,F-1/A,2023-07-03,2023-07-03 14:54:00,0001493152-23-023278,0001903709,ANGKASA-X HOLDINGS CORP.,0099
1643,http://www.sec.gov/Archives/edgar/data/1347491/000153949723001183/n2666_x16-10q.htm,DQC.US.0099.9533,US GAAP 2022,10-Q,2023-07-03,2023-07-03 10:55:00,0001539497-23-001183,0001347491,ALEXANDER TECH CORP.,0099
1644,http://www.sec.gov/Archives/edgar/data/1815632/000165495423008642/tgcb_10q.htm,DQC.US.0099.9533,US GAAP 2023,10-Q,2023-07-03,2023-07-03 06:03:00,0001654954-23-008642,0001815632,TEGO CYBER INC.,0099
1645,http://www.sec.gov/Archives/edgar/data/1394108/000155479523000198/suic0630form10k.htm,DQC.US.0099.9533,US GAAP 2022,10-K,2023-07-03,2023-06-30 17:12:00,0001554795-23-000198,0001394108,SUIC     WORLDWIDE HOLDINGS LTD.,0099
1646,http://www.sec.gov/Archives/edgar/data/1820875/000182912623004526/cxapp_s1a3.htm,DQC.US.0099.9533,US GAAP 2022,S-1/A,2023-07-03,2023-06-30 17:01:00,0001829126-23-004526,0001820875,CXApp Inc.,0099
1647,http://www.sec.gov/Archives/edgar/data/1936804/000121390023053520/f20fr12b2023_suncar.htm,DQC.US.0099.9533,US GAAP 2022,20FR12B,2023-07-03,2023-06-30 16:15:00,0001213900-23-053520,0001936804,SunCar Technology Group Inc.,0099
1648,http://www.sec.gov/Archives/edgar/data/1062506/000154812323000123/alda10ka123122.htm,DQC.US.0099.9533,US GAAP 2022,10-K/A,2023-07-03,2023-06-30 13:10:00,0001548123-23-000123,0001062506,ATLANTICA INC.,0099
1649,http://www.sec.gov/Archives/edgar/data/1740797/000174079723000049/tren_10kamen2023.htm,DQC.US.0099.9533,US GAAP 2023,10-K/A,2023-07-03,2023-06-30 12:50:00,0001740797-23-000049,0001740797,AVANT TECHNOLOGIES INC.,0099
1650,http://www.sec.gov/Archives/edgar/data/1493712/000139390523000276/cmxc-20230228.htm,DQC.US.0099.9533,US GAAP 2023,10-Q,2023-07-03,2023-06-29 17:10:00,0001393905-23-000276,0001493712,STIMCELL ENERGETICS INC.,0099
1651,http://www.sec.gov/Archives/edgar/data/1016178/000101617823000011/carv-20230331.htm,DQC.US.0099.9533,US GAAP 2023,10-K,2023-07-04,2023-06-29 16:04:00,0001016178-23-000011,0001016178,"CARVER BANCORP, INC.",0099
1652,http://www.sec.gov/Archives/edgar/data/1127993/000109181823000127/gaxy-20230331.htm,DQC.US.0099.9533,US GAAP 2023,S-1/A,2023-07-04,2023-06-29 16:04:00,0001091818-23-000127,0001127993,"GALAXY NEXT GENERATION, INC.",0099
1653,http://www.sec.gov/Archives/edgar/data/1702744/000170274423000048/atk-20230527.htm,DQC.US.0099.9533,US GAAP 2023,10-Q,2023-07-04,2023-06-29 15:20:00,0001702744-23-000048,0001702744,The Simply Good Foods Company,0099
1654,http://www.sec.gov/Archives/edgar/data/1450335/000165495423008562/cigf7_10ka.htm,DQC.US.0099.9533,US GAAP 2023,10-K/A,2023-07-04,2023-06-29 14:39:00,0001654954-23-008562,0001450335,"COMMONWEALTH INCOME & GROWTH FUND VII, LP",0099
1655,http://www.sec.gov/Archives/edgar/data/1497649/000190359623000513/gstx_10q.htm,DQC.US.0099.9533,US GAAP 2023,10-Q,2023-07-04,2023-06-29 12:12:00,0001903596-23-000513,0001497649,GRAPHENE & SOLAR TECHNOLOGIES LTD,0099
1656,http://www.sec.gov/Archives/edgar/data/1485029/000109690623001360/nahd-20230331.htm,DQC.US.0099.9533,US GAAP 2023,10-Q,2023-07-04,2023-06-29 11:24:00,0001096906-23-001360,0001485029,"NEW ASIA HOLDINGS, INC.",0099
1657,http://www.sec.gov/Archives/edgar/data/6845/000000684523000022/apog-20230527.htm,DQC.US.0099.9533,US GAAP 2023,10-Q,2023-07-04,2023-06-28 17:05:00,0000006845-23-000022,0000006845,"APOGEE ENTERPRISES, INC.",0099
1658,http://www.sec.gov/Archives/edgar/data/1558740/000182912623004445/winvestgroup_s1a6.htm,DQC.US.0099.9533,US GAAP 2023,S-1/A,2023-07-04,2023-06-28 07:55:00,0001829126-23-004445,0001558740,Winvest Group Ltd.,0099
1659,http://www.sec.gov/Archives/edgar/data/1307624/000126246323000045/hlttf10k12312022.htm,DQC.US.0099.9533,US GAAP 2022,10-K,2023-07-04,2023-06-27 17:53:00,0001262463-23-000045,0001307624,"HEALTHTECH SOLUTIONS,
INC./UT",0099
1660,http://www.sec.gov/Archives/edgar/data/1127993/000109181823000125/gaxy-20230331.htm,DQC.US.0099.9533,US GAAP 2023,S-1,2023-07-04,2023-06-26 16:31:00,0001091818-23-000125,0001127993,"GALAXY NEXT GENERATION, INC.",0099
1661,http://www.sec.gov/Archives/edgar/data/1138608/000147793223004775/blms_s1.htm,DQC.US.0099.9533,US GAAP 2022,S-1/A,2023-07-04,2023-06-26 16:02:00,0001477932-23-004775,0001138608,"Bloomios, Inc.",0099
1662,http://www.sec.gov/Archives/edgar/data/1694617/000118518523000655/royaleinc20230331_10q.htm,DQC.US.0099.9533,US GAAP 2023,10-Q,2023-07-04,2023-06-26 16:02:00,0001185185-23-000655,0001694617,"Royale Energy, Inc.",0099
1663,http://www.sec.gov/Archives/edgar/data/1702015/000159991623000150/ais10k_23o.htm,DQC.US.0099.9533,US GAAP 2022,10-K,2023-07-04,2023-06-26 14:24:00,0001599916-23-000150,0001702015,"AIS
HOLDINGS GROUP, INC.",0099
1664,http://www.sec.gov/Archives/edgar/data/1959585/000182912623004407/protopia_10q.htm,DQC.US.0099.9533,US GAAP 2023,10-Q,2023-07-04,2023-06-26 14:22:00,0001829126-23-004407,0001959585,Protopia Global Holdings Inc.,0099
1665,http://www.sec.gov/Archives/edgar/data/1443611/000147793223004739/sing_s1a.htm,DQC.US.0099.9533,US GAAP 2022,S-1/A,2023-06-23,2023-06-23 12:46:00,0001477932-23-004739,0001443611,Singlepoint Inc.,0099
1666,http://www.sec.gov/Archives/edgar/data/1855447/000121390023050977/fs12023_tigoenergy.htm,DQC.US.0099.9533,US GAAP 2023,S-1,2023-06-22,2023-06-22 16:19:00,0001213900-23-050977,0001855447,"Tigo Energy, Inc.",0099
1667,http://www.sec.gov/Archives/edgar/data/1512886/000116169723000369/form_10-q.htm,DQC.US.0099.9533,US GAAP 2023,10-Q,2023-06-22,2023-06-22 12:52:00,0001161697-23-000369,0001512886,NEUTRA CORP.,0099
1668,http://www.sec.gov/Archives/edgar/data/1376804/000182912623004346/vnue_s1a2.htm,DQC.US.0099.9533,US GAAP 2023,S-1/A,2023-06-22,2023-06-22 07:52:00,0001829126-23-004346,0001376804,"VNUE, INC.",0099
1669,http://www.sec.gov/Archives/edgar/data/1376804/000182912623004329/vnue_s1a.htm,DQC.US.0099.9533,US GAAP 2023,S-1/A,2023-06-21,2023-06-21 15:46:00,0001829126-23-004329,0001376804,"VNUE, INC.",0099
1670,http://www.sec.gov/Archives/edgar/data/1787412/000159991623000139/wbba10q123o.htm,DQC.US.0099.9533,US GAAP 2022,10-Q,2023-06-21,2023-06-21 13:22:00,0001599916-23-000139,0001787412,"WB Burgers Asia, Inc.",0099
1671,http://www.sec.gov/Archives/edgar/data/1891791/000182912623004314/transglobal_10ka.htm,DQC.US.0099.9533,US GAAP 2023,10-K/A,2023-06-21,2023-06-21 10:05:00,0001829126-23-004314,0001891791,Trans Global Group Inc.,0099
1672,http://www.sec.gov/Archives/edgar/data/1787412/000159991623000136/wbba10kamend1o.htm,DQC.US.0099.9533,US GAAP 2022,10-K/A,2023-06-21,2023-06-21 09:11:00,0001599916-23-000136,0001787412,"WB Burgers Asia, Inc.",0099
1673,http://www.sec.gov/Archives/edgar/data/1722969/000121465923008680/s619230s1.htm,DQC.US.0099.9533,US GAAP 2023,S-1,2023-06-21,2023-06-21 06:30:00,0001214659-23-008680,0001722969,"Nxu, Inc.",0099
1674,http://www.sec.gov/Archives/edgar/data/1443611/000147793223004681/sing_s1a.htm,DQC.US.0099.9533,US GAAP 2022,S-1/A,2023-06-21,2023-06-20 17:40:00,0001477932-23-004681,0001443611,Singlepoint Inc.,0099
1675,http://www.sec.gov/Archives/edgar/data/1820875/000182912623004303/cxapp_s1a2.htm,DQC.US.0099.9533,US GAAP 2022,S-1/A,2023-06-20,2023-06-20 17:25:00,0001829126-23-004303,0001820875,CXApp Inc.,0099
1676,http://www.sec.gov/Archives/edgar/data/1544400/000147793223004676/aoix_10q.htm,DQC.US.0099.9533,US GAAP 2022,10-Q,2023-06-20,2023-06-20 17:18:00,0001477932-23-004676,0001544400,NFiniTi inc.,0099
1677,http://www.sec.gov/Archives/edgar/data/1715611/000164033423001106/bmmj_10q.htm,DQC.US.0099.9533,US GAAP 2022,10-Q,2023-06-20,2023-06-20 17:17:00,0001640334-23-001106,0001715611,BODY AND MIND INC.,0099
1678,http://www.sec.gov/Archives/edgar/data/1627554/000101738623000265/pdro_2023apr30-10q.htm,DQC.US.0099.9533,US GAAP 2023,10-Q,2023-06-20,2023-06-20 17:04:00,0001017386-23-000265,0001627554,"Pedro’s List, Inc.",0099
1679,http://www.sec.gov/Archives/edgar/data/1842138/000190359623000484/f10q_warpspeed.htm,DQC.US.0099.9533,US GAAP 2023,10-Q,2023-06-20,2023-06-20 13:29:00,0001903596-23-000484,0001842138,WarpSpeed Taxi Inc.,0099
1680,http://www.sec.gov/Archives/edgar/data/1138608/000147793223004657/blms_s1.htm,DQC.US.0099.9533,US GAAP 2022,S-1,2023-06-20,2023-06-20 12:02:00,0001477932-23-004657,0001138608,"Bloomios, Inc.",0099
1681,http://www.sec.gov/Archives/edgar/data/1883083/000159991623000134/gplholdings_q323o.htm,DQC.US.0099.9533,US GAAP 2022,10-Q,2023-06-20,2023-06-20 11:57:00,0001599916-23-000134,0001883083,"GPL HOLDINGS, INC.",0099
1682,http://www.sec.gov/Archives/edgar/data/1440153/000109690623001323/bkhu-20230430.htm,DQC.US.0099.9533,US GAAP 2023,10-Q,2023-06-16,2023-06-16 17:03:00,0001096906-23-001323,0001440153,"Bakhu Holdings, Corp.",0099
1683,http://www.sec.gov/Archives/edgar/data/1408057/000147793223004637/icct_10k.htm,DQC.US.0099.9533,US GAAP 2022,10-K/A,2023-06-16,2023-06-16 17:00:00,0001477932-23-004637,0001408057,iCoreConnect Inc.,0099
1684,http://www.sec.gov/Archives/edgar/data/1808377/000182912623004251/innovativeeye_s1.htm,DQC.US.0099.9533,US GAAP 2023,S-1,2023-06-16,2023-06-16 16:49:00,0001829126-23-004251,0001808377,"INNOVATIVE EYEWEAR, INC.",0099
1685,http://www.sec.gov/Archives/edgar/data/772263/000139390523000264/nich-20230228.htm,DQC.US.0099.9533,US GAAP 2023,10-Q,2023-06-16,2023-06-16 16:30:00,0001393905-23-000264,0000772263,NITCHES INC.,0099
1686,http://www.sec.gov/Archives/edgar/data/1376804/000182912623004246/vnue_s1.htm,DQC.US.0099.9533,US GAAP 2023,S-1,2023-06-16,2023-06-16 16:06:00,0001829126-23-004246,0001376804,"VNUE, INC.",0099
1687,http://www.sec.gov/Archives/edgar/data/1891791/000182912623004231/transglobal_10ka.htm,DQC.US.0099.9533,US GAAP 2023,10-K/A,2023-06-16,2023-06-16 13:38:00,0001829126-23-004231,0001891791,Trans Global Group Inc.,0099
1688,http://www.sec.gov/Archives/edgar/data/1585149/000149315223021538/form10-q.htm,DQC.US.0099.9533,US GAAP 2023,10-Q,2023-06-16,2023-06-16 06:03:00,0001493152-23-021538,0001585149,Dengfeng Group Ltd,0099
1689,http://www.sec.gov/Archives/edgar/data/1379245/000137924523000071/ebwk-20201231.htm,DQC.US.0099.9533,US GAAP 2023,10-K,2023-06-16,2023-06-15 17:38:00,0001379245-23-000071,0001379245,"ENIGMA-BULWARK, LTD.",0099
1690,http://www.sec.gov/Archives/edgar/data/1379245/000137924523000069/ebwk-20200930.htm,DQC.US.0099.9533,US GAAP 2023,10-Q,2023-06-16,2023-06-15 17:31:00,0001379245-23-000069,0001379245,"ENIGMA-BULWARK, LTD.",0099
1691,http://www.sec.gov/Archives/edgar/data/1379245/000137924523000065/ebwk-20200331.htm,DQC.US.0099.9533,US GAAP 2023,10-Q,2023-06-15,2023-06-15 17:19:00,0001379245-23-000065,0001379245,"ENIGMA-BULWARK, LTD.",0099
1692,http://www.sec.gov/Archives/edgar/data/1285543/000147793223004603/sfor_s1.htm,DQC.US.0099.9533,US GAAP 2022,S-1,2023-06-15,2023-06-15 16:06:00,0001477932-23-004603,0001285543,"ZERIFY, INC.",0099
1693,http://www.sec.gov/Archives/edgar/data/1981535/000149315223021306/forms-4.htm,DQC.US.0099.9533,US GAAP 2023,S-4,2023-06-15,2023-06-14 18:14:00,0001493152-23-021306,0001981535,"SHARPLINK GAMING, INC.",0099
1694,http://www.sec.gov/Archives/edgar/data/1498148/000116169723000356/form_10-k.htm,DQC.US.0099.9533,US GAAP 2022,10-K,2023-06-16,2023-06-14 15:59:00,0001161697-23-000356,0001498148,ARTIFICIAL     INTELLIGENCE TECHNOLOGY SOLUTIONS INC.,0099
1695,http://www.sec.gov/Archives/edgar/data/1877461/000147793223004556/onesix_s1a.htm,DQC.US.0099.9533,US GAAP 2022,S-1/A,2023-06-16,2023-06-14 15:11:00,0001477932-23-004556,0001877461,1606 Corp.,0099
1696,http://www.sec.gov/Archives/edgar/data/1415744/000143774923017378/nmex20230430_10q.htm,DQC.US.0099.9533,US GAAP 2023,10-Q,2023-06-16,2023-06-14 14:44:00,0001437749-23-017378,0001415744,NORTHERN MINERALS & EXPLORATION LTD.,0099
1697,http://www.sec.gov/Archives/edgar/data/1360442/000109690623001310/cbds_10q.htm,DQC.US.0099.9533,US GAAP 2022,10-Q,2023-06-16,2023-06-14 14:32:00,0001096906-23-001310,0001360442,"Dogecoin Cash, Inc.",0099
1698,http://www.sec.gov/Archives/edgar/data/1891791/000182912623004119/transglobal_10k.htm,DQC.US.0099.9533,US GAAP 2023,10-K,2023-06-14,2023-06-14 11:00:00,0001829126-23-004119,0001891791,Trans Global Group Inc.,0099
1699,http://www.sec.gov/Archives/edgar/data/1803096/000164033423001044/strg_10q.htm,DQC.US.0099.9533,US GAAP 2022,10-Q,2023-06-14,2023-06-14 06:01:00,0001640334-23-001044,0001803096,"Starguide Group, Inc.",0099
1700,http://www.sec.gov/Archives/edgar/data/1546853/000147793223004513/skky_10q.htm,DQC.US.0099.9533,US GAAP 2022,10-Q,2023-06-14,2023-06-13 16:15:00,0001477932-23-004513,0001546853,"SKKYNET CLOUD SYSTEMS, INC.",0099
1701,http://www.sec.gov/Archives/edgar/data/831378/000147793223004499/lvpa_10q.htm,DQC.US.0099.9533,US GAAP 2022,10-Q,2023-06-14,2023-06-13 13:26:00,0001477932-23-004499,0000831378,LVPAI GROUP LIMITED,0099
1702,http://www.sec.gov/Archives/edgar/data/1658520/000147793223004490/os_10q.htm,DQC.US.0099.9533,US GAAP 2022,10-Q,2023-06-13,2023-06-12 19:16:00,0001477932-23-004490,0001658520,"OS Support, Inc.",0099
1703,http://www.sec.gov/Archives/edgar/data/896747/000165495423007911/abmc_10q.htm,DQC.US.0099.9533,US GAAP 2022,10-Q,2023-06-12,2023-06-12 16:19:00,0001654954-23-007911,0000896747,AMERICAN BIO MEDICA CORPORATION,0099
1704,http://www.sec.gov/Archives/edgar/data/1885849/000188584923000010/tofla10q04302023.htm,DQC.US.0099.9533,US GAAP 2023,10-Q,2023-06-12,2023-06-12 13:35:00,0001885849-23-000010,0001885849,TOFLA MEGALINE INC.,0099
1705,http://www.sec.gov/Archives/edgar/data/1844793/000109690623001290/yohe-20221231.htm,DQC.US.0099.9533,US GAAP 2023,10-K/A,2023-06-12,2023-06-12 11:05:00,0001096906-23-001290,0001844793,"YO-HEALTH, INC.",0099
1706,http://www.sec.gov/Archives/edgar/data/1504239/000119983523000318/pcnt-10q.htm,DQC.US.0099.9533,US GAAP 2023,10-Q,2023-06-12,2023-06-12 11:00:00,0001199835-23-000318,0001504239,"POINT OF CARE NANO-TECHNOLOGY, INC.",0099
1707,http://www.sec.gov/Archives/edgar/data/1852707/000157587223000924/bf003_ex21-1.htm,DQC.US.0099.9533,US GAAP 2022,10-K,2023-06-09,2023-06-09 17:31:00,0001575872-23-000924,0001852707,"Better For You Wellness, Inc.",0099
1708,http://www.sec.gov/Archives/edgar/data/1019034/000143774923017071/bkyi20230331_10q.htm,DQC.US.0099.9533,US GAAP 2023,10-Q,2023-06-09,2023-06-09 17:15:00,0001437749-23-017071,0001019034,"BIO-key International, Inc.",0099
1709,http://www.sec.gov/Archives/edgar/data/1826671/000121390023047873/fs12023a1_nearintell.htm,DQC.US.0099.9533,US GAAP 2023,S-1/A,2023-06-09,2023-06-09 17:10:00,0001213900-23-047873,0001826671,"Near Intelligence, Inc.",0099
1710,http://www.sec.gov/Archives/edgar/data/1895144/000182912623004047/goldenstaracq_10q.htm,DQC.US.0099.9533,US GAAP 2023,10-Q,2023-06-09,2023-06-09 15:34:00,0001829126-23-004047,0001895144,GOLDEN STAR ACQUISITION CORPORATION,0099
1711,http://www.sec.gov/Archives/edgar/data/1357878/000147237523000090/ixform10k.htm,DQC.US.0099.9533,US GAAP 2022,10-K,2023-06-09,2023-06-09 12:46:00,0001472375-23-000090,0001357878,"REGENEREX PHARMA, INC.",0099
1712,http://www.sec.gov/Archives/edgar/data/1512886/000116169723000341/form_10-k.htm,DQC.US.0099.9533,US GAAP 2022,10-K,2023-06-09,2023-06-09 10:34:00,0001161697-23-000341,0001512886,NEUTRA CORP.,0099
1713,http://www.sec.gov/Archives/edgar/data/1379245/000137924523000058/ebwk-20191231.htm,DQC.US.0099.9533,US GAAP 2023,10-K,2023-06-09,2023-06-08 19:53:00,0001379245-23-000058,0001379245,"ENIGMA-BULWARK, LTD.",0099
1714,http://www.sec.gov/Archives/edgar/data/1379245/000137924523000055/ebwk-20190930.htm,DQC.US.0099.9533,US GAAP 2023,10-Q,2023-06-09,2023-06-08 19:23:00,0001379245-23-000055,0001379245,"ENIGMA-BULWARK, LTD.",0099
1715,http://www.sec.gov/Archives/edgar/data/1379245/000137924523000053/ebwk-20190630.htm,DQC.US.0099.9533,US GAAP 2023,10-Q,2023-06-09,2023-06-08 19:17:00,0001379245-23-000053,0001379245,"ENIGMA-BULWARK, LTD.",0099
1716,http://www.sec.gov/Archives/edgar/data/1379245/000137924523000051/ebwk-20190331.htm,DQC.US.0099.9533,US GAAP 2023,10-Q,2023-06-09,2023-06-08 19:11:00,0001379245-23-000051,0001379245,"ENIGMA-BULWARK, LTD.",0099
1717,http://www.sec.gov/Archives/edgar/data/1379245/000137924523000049/ebwk-20181231.htm,DQC.US.0099.9533,US GAAP 2023,10-K,2023-06-09,2023-06-08 19:04:00,0001379245-23-000049,0001379245,"ENIGMA-BULWARK, LTD.",0099
1718,http://www.sec.gov/Archives/edgar/data/1379245/000137924523000047/ebwk-20180930.htm,DQC.US.0099.9533,US GAAP 2023,10-Q,2023-06-09,2023-06-08 18:57:00,0001379245-23-000047,0001379245,"ENIGMA-BULWARK, LTD.",0099
1719,http://www.sec.gov/Archives/edgar/data/1379245/000137924523000045/ebwk-20180630.htm,DQC.US.0099.9533,US GAAP 2023,10-Q,2023-06-09,2023-06-08 18:53:00,0001379245-23-000045,0001379245,"ENIGMA-BULWARK, LTD.",0099
1720,http://www.sec.gov/Archives/edgar/data/1379245/000137924523000043/ebwk-20180331.htm,DQC.US.0099.9533,US GAAP 2023,10-Q,2023-06-09,2023-06-08 18:42:00,0001379245-23-000043,0001379245,"ENIGMA-BULWARK, LTD.",0099
1721,http://www.sec.gov/Archives/edgar/data/1309082/000147793223004377/cei_s4a.htm,DQC.US.0099.9533,US GAAP 2022,S-4/A,2023-06-08,2023-06-08 16:16:00,0001477932-23-004377,0001309082,"Camber Energy, Inc.",0099
1722,http://www.sec.gov/Archives/edgar/data/1077688/000118518523000619/hoft20230430_10q.htm,DQC.US.0099.9533,US GAAP 2023,10-Q,2023-06-08,2023-06-08 15:36:00,0001185185-23-000619,0001077688,HOOKER FURNISHINGS CORPORATION,0099
1723,http://www.sec.gov/Archives/edgar/data/1813744/000159991623000130/worldscan_q223o.htm,DQC.US.0099.9533,US GAAP 2022,10-Q,2023-06-08,2023-06-08 09:57:00,0001599916-23-000130,0001813744,"World Scan Project, Inc.",0099
1724,http://www.sec.gov/Archives/edgar/data/1512228/000153949723001072/n2574_x140-10qa.htm,DQC.US.0099.9533,US GAAP 2022,10-Q/A,2023-06-08,2023-06-07 18:54:00,0001539497-23-001072,0001512228,NioCorp Developments Ltd.,0099
1725,http://www.sec.gov/Archives/edgar/data/1512228/000153949723001070/n2574_x139-10qa1.htm,DQC.US.0099.9533,US GAAP 2022,10-Q/A,2023-06-08,2023-06-07 18:51:00,0001539497-23-001070,0001512228,NioCorp Developments Ltd.,0099
1726,http://www.sec.gov/Archives/edgar/data/1379245/000137924523000033/ebwk-20171231.htm,DQC.US.0099.9533,US GAAP 2023,10-K,2023-06-07,2023-06-07 15:34:00,0001379245-23-000033,0001379245,"ENIGMA-BULWARK, LTD.",0099
1727,http://www.sec.gov/Archives/edgar/data/1379245/000137924523000031/ebwk-20170930.htm,DQC.US.0099.9533,US GAAP 2023,10-Q,2023-06-07,2023-06-07 15:19:00,0001379245-23-000031,0001379245,"ENIGMA-BULWARK, LTD.",0099
1728,http://www.sec.gov/Archives/edgar/data/1379245/000137924523000029/ebwk-20170630.htm,DQC.US.0099.9533,US GAAP 2023,10-Q,2023-06-07,2023-06-07 15:11:00,0001379245-23-000029,0001379245,"ENIGMA-BULWARK, LTD.",0099
1729,http://www.sec.gov/Archives/edgar/data/1379245/000137924523000027/ebwk-20170331.htm,DQC.US.0099.9533,US GAAP 2023,10-Q,2023-06-07,2023-06-07 15:01:00,0001379245-23-000027,0001379245,"ENIGMA-BULWARK, LTD.",0099
1730,http://www.sec.gov/Archives/edgar/data/1888846/000159991623000127/ultimate_10q323o.htm,DQC.US.0099.9533,US GAAP 2023,10-Q,2023-06-07,2023-06-07 11:11:00,0001599916-23-000127,0001888846,"Ultimate Holdings GROUP, Inc.",0099
1731,http://www.sec.gov/Archives/edgar/data/1880249/000159991623000124/psgi10q323f.htm,DQC.US.0099.9533,US GAAP 2022,10-Q,2023-06-07,2023-06-07 09:48:00,0001599916-23-000124,0001880249,"WeCapital Holdings, Inc.",0099
1732,http://www.sec.gov/Archives/edgar/data/1379245/000137924523000024/ebwk-20161231.htm,DQC.US.0099.9533,US GAAP 2023,10-K,2023-06-06,2023-06-06 16:32:00,0001379245-23-000024,0001379245,"ENIGMA-BULWARK, LTD.",0099
1733,http://www.sec.gov/Archives/edgar/data/1379245/000137924523000022/ebwk-20160930.htm,DQC.US.0099.9533,US GAAP 2023,10-Q,2023-06-06,2023-06-06 16:20:00,0001379245-23-000022,0001379245,"ENIGMA-BULWARK, LTD.",0099
1734,http://www.sec.gov/Archives/edgar/data/1379245/000137924523000020/ebwk-20160630.htm,DQC.US.0099.9533,US GAAP 2023,10-Q,2023-06-06,2023-06-06 16:11:00,0001379245-23-000020,0001379245,"ENIGMA-BULWARK, LTD.",0099
1735,http://www.sec.gov/Archives/edgar/data/1379245/000137924523000018/ebwk-20160331.htm,DQC.US.0099.9533,US GAAP 2023,10-Q,2023-06-06,2023-06-06 15:38:00,0001379245-23-000018,0001379245,"ENIGMA-BULWARK, LTD.",0099
1736,http://www.sec.gov/Archives/edgar/data/1431074/000139390523000253/brgo-20230331.htm,DQC.US.0099.9533,US GAAP 2023,S-1/A,2023-06-06,2023-06-06 15:16:00,0001393905-23-000253,0001431074,"BERGIO INTERNATIONAL, INC.",0099
1737,http://www.sec.gov/Archives/edgar/data/1778343/000139390523000251/lucn-20230228.htm,DQC.US.0099.9533,US GAAP 2023,10-Q,2023-06-06,2023-06-06 14:43:00,0001393905-23-000251,0001778343,"LUCENT, INC.",0099
1738,http://www.sec.gov/Archives/edgar/data/1563298/000107997323000826/eawd_10q.htm,DQC.US.0099.9533,US GAAP 2022,10-Q,2023-06-06,2023-06-06 06:04:00,0001079973-23-000826,0001563298,ENERGY AND WATER DEVELOPMENT CORP.,0099
1739,http://www.sec.gov/Archives/edgar/data/1553788/000173112223001058/e4689_10q.htm,DQC.US.0099.9533,US GAAP 2022,10-Q,2023-06-06,2023-06-05 17:36:00,0001731122-23-001058,0001553788,"SPLASH     BEVERAGE GROUP, INC.",0099
1740,http://www.sec.gov/Archives/edgar/data/357294/000143774923016652/hov20230430_10q.htm,DQC.US.0099.9533,US GAAP 2023,10-Q,2023-06-06,2023-06-05 16:56:00,0001437749-23-016652,0000357294,"HOVNANIAN ENTERPRISES, INC.",0099
1741,http://www.sec.gov/Archives/edgar/data/1113313/000160706223000319/avni033123form10q.htm,DQC.US.0099.9533,US GAAP 2022,10-Q,2023-06-06,2023-06-05 16:33:00,0001607062-23-000319,0001113313,ARVANA INC.,0099
1742,http://www.sec.gov/Archives/edgar/data/1558740/000182912623003913/winvestgroup_s1a5.htm,DQC.US.0099.9533,US GAAP 2023,S-1/A,2023-06-06,2023-06-05 16:06:00,0001829126-23-003913,0001558740,Winvest Group Ltd.,0099
1743,http://www.sec.gov/Archives/edgar/data/1309082/000147793223004217/cei_s4a.htm,DQC.US.0099.9533,US GAAP 2022,S-4/A,2023-06-02,2023-06-02 17:21:00,0001477932-23-004217,0001309082,"Camber Energy, Inc.",0099
1744,http://www.sec.gov/Archives/edgar/data/1514946/000109690623001240/axim_s1.htm,DQC.US.0099.9533,US GAAP 2022,S-1,2023-06-02,2023-06-02 16:35:00,0001096906-23-001240,0001514946,"AXIM BIOTECHNOLOGIES, INC.",0099
1745,http://www.sec.gov/Archives/edgar/data/1696411/000147793223004192/crona_10q.htm,DQC.US.0099.9533,US GAAP 2022,10-Q,2023-06-02,2023-06-02 11:18:00,0001477932-23-004192,0001696411,CRONA CORP.,0099
1746,http://www.sec.gov/Archives/edgar/data/1787412/000159991623000122/wbba10kff.htm,DQC.US.0099.9533,US GAAP 2022,10-K,2023-06-02,2023-06-02 10:33:00,0001599916-23-000122,0001787412,"WB Burgers Asia, Inc.",0099
1747,http://www.sec.gov/Archives/edgar/data/4457/000000445723000052/uhal-20230331.htm,DQC.US.0099.9533,US GAAP 2022,10-K,2023-06-02,2023-06-01 21:22:00,0000004457-23-000052,0000004457,U-Haul Holding Company,0099
1748,http://www.sec.gov/Archives/edgar/data/794170/000079417023000043/tol-20230430.htm,DQC.US.0099.9533,US GAAP 2022,10-Q,2023-06-02,2023-06-01 16:11:00,0000794170-23-000043,0000794170,"Toll Brothers, Inc.",0099
1749,http://www.sec.gov/Archives/edgar/data/1347491/000153949723001042/n2666_x15-10q.htm,DQC.US.0099.9533,US GAAP 2022,10-Q,2023-06-02,2023-06-01 09:07:00,0001539497-23-001042,0001347491,ALEXANDER TECH CORP.,0099
1750,http://www.sec.gov/Archives/edgar/data/1823882/000182912623003831/airspannet-264374_posam.htm,DQC.US.0099.9533,US GAAP 2023,POS AM,2023-05-31,2023-05-31 16:49:00,0001829126-23-003831,0001823882,Airspan Networks Holdings Inc.,0099
1751,http://www.sec.gov/Archives/edgar/data/1823882/000182912623003830/airspannet-256137_posam.htm,DQC.US.0099.9533,US GAAP 2023,POS AM,2023-05-31,2023-05-31 16:47:00,0001829126-23-003830,0001823882,Airspan Networks Holdings Inc.,0099
1752,http://www.sec.gov/Archives/edgar/data/1826671/000121390023044497/fs12023_nearintelligence.htm,DQC.US.0099.9533,US GAAP 2023,S-1,2023-05-31,2023-05-31 16:38:00,0001213900-23-044497,0001826671,"Near Intelligence, Inc.",0099
1753,http://www.sec.gov/Archives/edgar/data/1504461/000150446123000041/ngl-20230331.htm,DQC.US.0099.9533,US GAAP 2021,10-K,2023-05-31,2023-05-31 16:31:00,0001504461-23-000041,0001504461,NGL Energy Partners LP,0099
1754,http://www.sec.gov/Archives/edgar/data/1585149/000149315223019595/form10-q.htm,DQC.US.0099.9533,US GAAP 2022,10-Q,2023-05-31,2023-05-31 12:05:00,0001493152-23-019595,0001585149,Dengfeng Group Ltd,0099
1755,http://www.sec.gov/Archives/edgar/data/1585149/000149315223019594/form10-q.htm,DQC.US.0099.9533,US GAAP 2022,10-Q,2023-05-31,2023-05-31 12:03:00,0001493152-23-019594,0001585149,Dengfeng Group Ltd,0099
1756,http://www.sec.gov/Archives/edgar/data/1585149/000149315223019592/form10-k.htm,DQC.US.0099.9533,US GAAP 2022,10-K,2023-05-31,2023-05-31 11:57:00,0001493152-23-019592,0001585149,Dengfeng Group Ltd,0099
1757,http://www.sec.gov/Archives/edgar/data/1585149/000149315223019586/form10-q.htm,DQC.US.0099.9533,US GAAP 2022,10-Q,2023-05-31,2023-05-31 11:54:00,0001493152-23-019586,0001585149,Dengfeng Group Ltd,0099
1758,http://www.sec.gov/Archives/edgar/data/1585149/000149315223019584/form10-q.htm,DQC.US.0099.9533,US GAAP 2022,10-Q,2023-05-31,2023-05-31 11:49:00,0001493152-23-019584,0001585149,Dengfeng Group Ltd,0099
1759,http://www.sec.gov/Archives/edgar/data/1585149/000149315223019577/form10-q.htm,DQC.US.0099.9533,US GAAP 2022,10-Q,2023-05-31,2023-05-31 11:40:00,0001493152-23-019577,0001585149,Dengfeng Group Ltd,0099
1760,http://www.sec.gov/Archives/edgar/data/1585149/000149315223019575/form10-k.htm,DQC.US.0099.9533,US GAAP 2022,10-K,2023-05-31,2023-05-31 11:37:00,0001493152-23-019575,0001585149,Dengfeng Group Ltd,0099
1761,http://www.sec.gov/Archives/edgar/data/1585149/000149315223019573/form10-q.htm,DQC.US.0099.9533,US GAAP 2022,10-Q,2023-05-31,2023-05-31 11:34:00,0001493152-23-019573,0001585149,Dengfeng Group Ltd,0099
1762,http://www.sec.gov/Archives/edgar/data/1502152/000116169723000332/form_10-q.htm,DQC.US.0099.9533,US GAAP 2022,10-Q,2023-05-31,2023-05-30 20:01:00,0001161697-23-000332,0001502152,GlobeStar Therapeutics Corp,0099
1763,http://www.sec.gov/Archives/edgar/data/1415332/000164033423000989/ltum_posam.htm,DQC.US.0099.9533,US GAAP 2022,POS AM,2023-05-30,2023-05-30 16:02:00,0001640334-23-000989,0001415332,LITHIUM CORPORATION,0099
1764,http://www.sec.gov/Archives/edgar/data/28823/000002882323000117/dbd-20230331.htm,DQC.US.0099.9533,US GAAP 2023,10-Q,2023-05-30,2023-05-30 07:39:00,0000028823-23-000117,0000028823,"DIEBOLD NIXDORF, Inc",0099
1765,http://www.sec.gov/Archives/edgar/data/1512228/000153949723001028/n2574_x137-10q.htm,DQC.US.0099.9533,US GAAP 2022,10-Q,2023-05-30,2023-05-30 07:01:00,0001539497-23-001028,0001512228,NioCorp Developments Ltd.,0099
1766,http://www.sec.gov/Archives/edgar/data/1820875/000182912623003783/cxapp_s1a.htm,DQC.US.0099.9533,US GAAP 2022,S-1/A,2023-05-26,2023-05-26 16:40:00,0001829126-23-003783,0001820875,CXApp Inc.,0099
1767,http://www.sec.gov/Archives/edgar/data/1808377/000182912623003779/innovativeeye_s1.htm,DQC.US.0099.9533,US GAAP 2023,S-1,2023-05-26,2023-05-26 16:33:00,0001829126-23-003779,0001808377,"INNOVATIVE EYEWEAR, INC.",0099
1768,http://www.sec.gov/Archives/edgar/data/1843656/000147793223004017/amao_10ka.htm,DQC.US.0099.9533,US GAAP 2022,10-K/A,2023-05-26,2023-05-26 16:31:00,0001477932-23-004017,0001843656,ROYALTY MANAGEMENT HOLDING CORPORATION,0099
1769,http://www.sec.gov/Archives/edgar/data/1858684/000182912623003777/stenergy_10q.htm,DQC.US.0099.9533,US GAAP 2023,10-Q,2023-05-26,2023-05-26 15:12:00,0001829126-23-003777,0001858684,ST Energy Transition I Ltd.,0099
1770,http://www.sec.gov/Archives/edgar/data/1593549/000149315223019216/form10-ka.htm,DQC.US.0099.9533,US GAAP 2022,10-K/A,2023-05-26,2023-05-26 14:38:00,0001493152-23-019216,0001593549,"Livento Group, Inc.",0099
1771,http://www.sec.gov/Archives/edgar/data/39911/000003991123000043/gps-20230429.htm,DQC.US.0099.9533,US GAAP 2023,10-Q,2023-05-26,2023-05-26 13:08:00,0000039911-23-000043,0000039911,"GAP, INC",0099
1772,http://www.sec.gov/Archives/edgar/data/744187/000093041323001660/c106416_10q-ixbrl.htm,DQC.US.0099.9533,US GAAP 2023,10-Q,2023-05-26,2023-05-26 12:44:00,0000930413-23-001660,0000744187,REX AMERICAN RESOURCES CORPORATION,0099
1773,http://www.sec.gov/Archives/edgar/data/1841425/000121390023043186/fs12023a2_verdeclean.htm,DQC.US.0099.9533,US GAAP 2023,S-1/A,2023-05-26,2023-05-25 17:47:00,0001213900-23-043186,0001841425,"Verde Clean Fuels, Inc.",0099
1774,http://www.sec.gov/Archives/edgar/data/1005229/000100522923000169/cmco-20230331.htm,DQC.US.0099.9533,US GAAP 2022,10-K,2023-05-25,2023-05-25 16:31:00,0001005229-23-000169,0001005229,Columbus McKinnon Corporation,0099
1775,http://www.sec.gov/Archives/edgar/data/831378/000149315223019006/form10-k.htm,DQC.US.0099.9533,US GAAP 2023,10-K,2023-05-25,2023-05-25 11:31:00,0001493152-23-019006,0000831378,LVPAI GROUP LIMITED,0099
1776,http://www.sec.gov/Archives/edgar/data/1491487/000121390023042697/f10k2022a1_takungart.htm,DQC.US.0099.9533,US GAAP 2022,10-K/A,2023-05-24,2023-05-24 16:06:00,0001213900-23-042697,0001491487,"TAKUNG ART CO., LTD",0099
1777,http://www.sec.gov/Archives/edgar/data/1309082/000147793223003938/cei_s4.htm,DQC.US.0099.9533,US GAAP 2022,S-4/A,2023-05-23,2023-05-23 16:58:00,0001477932-23-003938,0001309082,"Camber Energy, Inc.",0099
1778,http://www.sec.gov/Archives/edgar/data/894560/000109690623001174/both-20230331.htm,DQC.US.0099.9533,US GAAP 2023,10-Q/A,2023-05-23,2023-05-23 15:27:00,0001096906-23-001174,0000894560,"BIOETHICS, LTD.",0099
1779,http://www.sec.gov/Archives/edgar/data/1376804/000182912623003706/vnue_posam.htm,DQC.US.0099.9533,US GAAP 2023,POS AM,2023-05-23,2023-05-23 15:09:00,0001829126-23-003706,0001376804,"VNUE, INC.",0099
1780,http://www.sec.gov/Archives/edgar/data/1864032/000121465923007724/g5523010q.htm,DQC.US.0099.9533,US GAAP 2023,10-Q,2023-05-23,2023-05-23 14:35:00,0001214659-23-007724,0001864032,Ault Disruptive Technologies Corporation,0099
1781,http://www.sec.gov/Archives/edgar/data/1864032/000121465923007698/adrt052123110ka1.htm,DQC.US.0099.9533,US GAAP 2022,10-K/A,2023-05-23,2023-05-22 21:56:00,0001214659-23-007698,0001864032,Ault Disruptive Technologies Corporation,0099
1782,http://www.sec.gov/Archives/edgar/data/1854863/000182912623003678/bluewhale1_10q.htm,DQC.US.0099.9533,US GAAP 2023,10-Q,2023-05-22,2023-05-22 17:30:00,0001829126-23-003678,0001854863,Blue Whale Acquisition Corp I,0099
1783,http://www.sec.gov/Archives/edgar/data/1761696/000121390023042072/f10q0323_crownelectro.htm,DQC.US.0099.9533,US GAAP 2023,10-Q,2023-05-22,2023-05-22 17:25:00,0001213900-23-042072,0001761696,Crown Electrokinetics Corp.,0099
1784,http://www.sec.gov/Archives/edgar/data/1788841/000107997323000771/mcom_10q-03312023.htm,DQC.US.0099.9533,US GAAP 2022,10-Q,2023-05-22,2023-05-22 17:23:00,0001079973-23-000771,0001788841,micromobility.com Inc.,0099
1785,http://www.sec.gov/Archives/edgar/data/1865045/000182912623003674/fatprojectsacq_10q.htm,DQC.US.0099.9533,US GAAP 2023,10-Q,2023-05-22,2023-05-22 17:17:00,0001829126-23-003674,0001865045,Fat Projects Acquisition Corp,0099
1786,http://www.sec.gov/Archives/edgar/data/1884072/000119983523000285/jewl-10q.htm,DQC.US.0099.9533,US GAAP 2023,10-Q,2023-05-22,2023-05-22 17:15:00,0001199835-23-000285,0001884072,ADAMAS ONE CORP.,0099
1787,http://www.sec.gov/Archives/edgar/data/1862068/000182912623003671/rubicontech_10q.htm,DQC.US.0099.9533,US GAAP 2023,10-Q,2023-05-22,2023-05-22 17:06:00,0001829126-23-003671,0001862068,"Rubicon Technologies, Inc.",0099
1788,http://www.sec.gov/Archives/edgar/data/1500123/000155479523000186/inlb0517form10q.htm,DQC.US.0099.9533,US GAAP 2023,10-Q,2023-05-22,2023-05-22 17:01:00,0001554795-23-000186,0001500123,ITEM 9 LABS CORP.,0099
1789,http://www.sec.gov/Archives/edgar/data/792935/000190359623000455/grst_10q.htm,DQC.US.0099.9533,US GAAP 2022,10-Q,2023-05-22,2023-05-22 16:46:00,0001903596-23-000455,0000792935,ETHEMA HEALTH CORPORATION.,0099
1790,http://www.sec.gov/Archives/edgar/data/1811109/000160706223000293/auvi033123form10q.htm,DQC.US.0099.9533,US GAAP 2022,10-Q,2023-05-22,2023-05-22 16:45:00,0001607062-23-000293,0001811109,"APPLIED UV, INC.",0099
1791,http://www.sec.gov/Archives/edgar/data/896493/000121465923007683/p51723010q.htm,DQC.US.0099.9533,US GAAP 2023,10-Q,2023-05-22,2023-05-22 16:41:00,0001214659-23-007683,0000896493,"HYPERSCALE DATA, INC.",0099
1792,http://www.sec.gov/Archives/edgar/data/1840425/000089843223000326/blac-20230331.htm,DQC.US.0099.9533,US GAAP 2023,10-Q,2023-05-22,2023-05-22 16:34:00,0000898432-23-000326,0001840425,BELLEVUE LIFE SCIENCES ACQUISITION CORP.,0099
1793,http://www.sec.gov/Archives/edgar/data/1004724/000149315223018552/forms-4a.htm,DQC.US.0099.9533,US GAAP 2023,S-4/A,2023-05-22,2023-05-22 16:33:00,0001493152-23-018552,0001004724,"Regional Health Properties, Inc.",0099
1794,http://www.sec.gov/Archives/edgar/data/896493/000121465923007664/aa5192301ka1.htm,DQC.US.0099.9533,US GAAP 2022,10-K/A,2023-05-22,2023-05-22 16:21:00,0001214659-23-007664,0000896493,"HYPERSCALE DATA, INC.",0099
1795,http://www.sec.gov/Archives/edgar/data/1080319/000101738623000239/elys_2023mar31-10q.htm,DQC.US.0099.9533,US GAAP 2023,10-Q,2023-05-22,2023-05-22 16:16:00,0001017386-23-000239,0001080319,"Elys BMG Group, Inc.",0099
1796,http://www.sec.gov/Archives/edgar/data/1471781/000173112223000998/e4727_10-q.htm,DQC.US.0099.9533,US GAAP 2022,10-Q,2023-05-22,2023-05-22 16:06:00,0001731122-23-000998,0001471781,GBT TECHNOLOGIES INC.,0099
1797,http://www.sec.gov/Archives/edgar/data/1530746/000190359623000453/kays_10q.htm,DQC.US.0099.9533,US GAAP 2022,10-Q,2023-05-22,2023-05-22 16:06:00,0001903596-23-000453,0001530746,"KAYA HOLDINGS, INC.",0099
1798,http://www.sec.gov/Archives/edgar/data/1098009/000118518523000567/amgreat20230331_10q.htm,DQC.US.0099.9533,US GAAP 2023,10-Q,2023-05-22,2023-05-22 15:58:00,0001185185-23-000567,0001098009,America Great Health,0099
1799,http://www.sec.gov/Archives/edgar/data/1434737/000109690623001161/srsg-20230331.htm,DQC.US.0099.9533,US GAAP 2023,10-Q,2023-05-22,2023-05-22 15:53:00,0001096906-23-001161,0001434737,"SPIRITS TIME INTERNATIONAL, INC.",0099
1800,http://www.sec.gov/Archives/edgar/data/1160798/000182912623003654/c2eenergyinc_10q.htm,DQC.US.0099.9533,US GAAP 2023,10-Q,2023-05-22,2023-05-22 14:26:00,0001829126-23-003654,0001160798,C2E ENERGY INC.,0099
1801,http://www.sec.gov/Archives/edgar/data/1383088/000147793223003835/cyca_10q.htm,DQC.US.0099.9533,US GAAP 2022,10-Q,2023-05-22,2023-05-22 13:02:00,0001477932-23-003835,0001383088,CYTTA CORP.,0099
1802,http://www.sec.gov/Archives/edgar/data/1629665/000121390023041864/f10q0323_muliangvia.htm,DQC.US.0099.9533,US GAAP 2023,10-Q,2023-05-22,2023-05-22 12:56:00,0001213900-23-041864,0001629665,MULIANG VIAGOO TECHNOLOGY INC.,0099
1803,http://www.sec.gov/Archives/edgar/data/867038/000101738623000237/sog_2023mar31-10q.htm,DQC.US.0099.9533,US GAAP 2023,10-Q,2023-05-22,2023-05-22 12:56:00,0001017386-23-000237,0000867038,SPINDLETOP OIL & GAS CO.,0099
1804,http://www.sec.gov/Archives/edgar/data/1604778/000160477823000055/rfmd-20230401.htm,DQC.US.0099.9533,US GAAP 2022,10-K,2023-05-19,2023-05-19 17:03:00,0001604778-23-000055,0001604778,"Qorvo, Inc.",0099
1805,http://www.sec.gov/Archives/edgar/data/1441082/000147793223003796/thcc_10q.htm,DQC.US.0099.9533,US GAAP 2022,10-Q,2023-05-19,2023-05-19 17:01:00,0001477932-23-003796,0001441082,THE HEALING COMPANY INC.,0099
1806,http://www.sec.gov/Archives/edgar/data/1401521/000140152123000061/uihc-20230331.htm,DQC.US.0099.9533,US GAAP 2023,10-Q,2023-05-19,2023-05-19 17:00:00,0001401521-23-000061,0001401521,American Coastal Insurance Corporation,0099
1807,http://www.sec.gov/Archives/edgar/data/1694617/000118518523000564/royaleinc20221231_10k.htm,DQC.US.0099.9533,US GAAP 2023,10-K,2023-05-19,2023-05-19 16:28:00,0001185185-23-000564,0001694617,"Royale Energy, Inc.",0099
1808,http://www.sec.gov/Archives/edgar/data/1393781/000166357723000264/qind10q_033123.htm,DQC.US.0099.9533,US GAAP 2023,10-Q,2023-05-19,2023-05-19 16:27:00,0001663577-23-000264,0001393781,Quality Industrial Corp.,0099
1809,http://www.sec.gov/Archives/edgar/data/1735041/000121390023041534/f10q0323_greenlandtech.htm,DQC.US.0099.9533,US GAAP 2023,10-Q,2023-05-19,2023-05-19 16:16:00,0001213900-23-041534,0001735041,GREENLAND TECHNOLOGIES HOLDING CORPORATION,0099
1810,http://www.sec.gov/Archives/edgar/data/1561880/000149315223018322/form10-k.htm,DQC.US.0099.9533,US GAAP 2022,10-K,2023-05-19,2023-05-19 16:09:00,0001493152-23-018322,0001561880,"LEGACY EDUCATION ALLIANCE, INC.",0099
1811,http://www.sec.gov/Archives/edgar/data/1530746/000190359623000445/kays_10k.htm,DQC.US.0099.9533,US GAAP 2022,10-K/A,2023-05-19,2023-05-19 16:05:00,0001903596-23-000445,0001530746,"KAYA HOLDINGS, INC.",0099
1812,http://www.sec.gov/Archives/edgar/data/1514443/000182912623003626/ameriguardsec_s1a.htm,DQC.US.0099.9533,US GAAP 2023,S-1/A,2023-05-19,2023-05-19 15:21:00,0001829126-23-003626,0001514443,"AMERIGUARD SECURITY SERVICES, INC.",0099
1813,http://www.sec.gov/Archives/edgar/data/1435181/000147793223003779/phbi_10q.htm,DQC.US.0099.9533,US GAAP 2022,10-Q,2023-05-19,2023-05-19 15:20:00,0001477932-23-003779,0001435181,PHARMAGREEN BIOTECH INC.,0099
1814,http://www.sec.gov/Archives/edgar/data/1493712/000139390523000233/cmxc-20221130.htm,DQC.US.0099.9533,US GAAP 2023,10-Q,2023-05-19,2023-05-19 13:48:00,0001393905-23-000233,0001493712,STIMCELL ENERGETICS INC.,0099
1815,http://www.sec.gov/Archives/edgar/data/1820875/000182912623003598/cxappinc_10q.htm,DQC.US.0099.9533,US GAAP 2023,10-Q,2023-05-19,2023-05-19 06:01:00,0001829126-23-003598,0001820875,CXApp Inc.,0099
1816,http://www.sec.gov/Archives/edgar/data/1399306/000139930623000013/brbl-10q.htm,DQC.US.0099.9533,US GAAP 2023,10-Q,2023-05-18,2023-05-18 17:19:00,0001399306-23-000013,0001399306,BREWBILT BREWING COMPANY,0099
1817,http://www.sec.gov/Archives/edgar/data/1504678/000165495423006894/loop_10k.htm,DQC.US.0099.9533,US GAAP 2022,10-K,2023-05-18,2023-05-18 17:14:00,0001654954-23-006894,0001504678,"Loop Industries, Inc.",0099
1818,http://www.sec.gov/Archives/edgar/data/1682265/000147793223003727/reliant_10q.htm,DQC.US.0099.9533,US GAAP 2022,10-Q,2023-05-18,2023-05-18 16:31:00,0001477932-23-003727,0001682265,"Reliant Holdings, Inc.",0099
1819,http://www.sec.gov/Archives/edgar/data/1004724/000149315223018109/forms-4a.htm,DQC.US.0099.9533,US GAAP 2023,S-4/A,2023-05-18,2023-05-18 16:15:00,0001493152-23-018109,0001004724,"Regional Health Properties, Inc.",0099
1820,http://www.sec.gov/Archives/edgar/data/1846975/000182912623003576/sdcledge_10q.htm,DQC.US.0099.9533,US GAAP 2023,10-Q,2023-05-18,2023-05-18 12:19:00,0001829126-23-003576,0001846975,SDCL EDGE Acquisition Corporation,0099
1821,http://www.sec.gov/Archives/edgar/data/1543652/000109690623001136/fflo-20230331.htm,DQC.US.0099.9533,US GAAP 2023,10-Q,2023-05-18,2023-05-18 11:50:00,0001096906-23-001136,0001543652,Free Flow USA Inc.,0099
1822,http://www.sec.gov/Archives/edgar/data/1897525/000182912623003566/kbglobal_10k.htm,DQC.US.0099.9533,US GAAP 2023,10-K,2023-05-18,2023-05-18 08:59:00,0001829126-23-003566,0001897525,KB Global Holdings Limited,0099
1823,http://www.sec.gov/Archives/edgar/data/1801602/000114036123025397/ny20008220x1_posam.htm,DQC.US.0099.9533,US GAAP 2022,POS AM,2023-05-18,2023-05-18 08:32:00,0001140361-23-025397,0001801602,"SPRINGBIG HOLDINGS, INC.",0099
1824,http://www.sec.gov/Archives/edgar/data/1495584/000139834423009950/fp0083438-3_10qaixbrl.htm,DQC.US.0099.9533,US GAAP 2022,10-Q/A,2023-05-18,2023-05-17 18:10:00,0001398344-23-009950,0001495584,"Firsthand Technology Value Fund, Inc.",0099
1825,http://www.sec.gov/Archives/edgar/data/1865191/000173112223000972/e4690_10-q.htm,DQC.US.0099.9533,US GAAP 2022,10-Q,2023-05-18,2023-05-17 18:05:00,0001731122-23-000972,0001865191,TG Venture Acquisition Corp.,0099
1826,http://www.sec.gov/Archives/edgar/data/1459188/000101738623000220/fdoc_2022dec31-10ka.htm,DQC.US.0099.9533,US GAAP 2022,10-K/A,2023-05-17,2023-05-17 17:25:00,0001017386-23-000220,0001459188,CHARGING ROBOTICS INC,0099
1827,http://www.sec.gov/Archives/edgar/data/1393772/000119983523000267/budz-10q.htm,DQC.US.0099.9533,US GAAP 2023,10-Q,2023-05-17,2023-05-17 15:20:00,0001199835-23-000267,0001393772,"WEED, INC.",0099
1828,http://www.sec.gov/Archives/edgar/data/1072725/000107272523000017/gdrzfform6kex991051723.htm,DQC.US.0099.9533,US GAAP 2023,6-K,2023-05-17,2023-05-17 15:01:00,0001072725-23-000017,0001072725,GOLD RESERVE LTD.,0099
1829,http://www.sec.gov/Archives/edgar/data/1578329/000118518523000541/apex1120230331_10q.htm,DQC.US.0099.9533,US GAAP 2023,10-Q,2023-05-17,2023-05-17 13:32:00,0001185185-23-000541,0001578329,APEX 11 INC.,0099
1830,http://www.sec.gov/Archives/edgar/data/31667/000118518523000539/edc20230228_10k.htm,DQC.US.0099.9533,US GAAP 2023,10-K,2023-05-17,2023-05-17 09:01:00,0001185185-23-000539,0000031667,EDUCATIONAL DEVELOPMENT CORPORATION,0099
1831,http://www.sec.gov/Archives/edgar/data/1718224/000147793223003674/btbd_10q.htm,DQC.US.0099.9533,US GAAP 2022,10-Q,2023-05-17,2023-05-17 06:22:00,0001477932-23-003674,0001718224,"BT BRANDS, INC.",0099
1832,http://www.sec.gov/Archives/edgar/data/1955520/000195552023000006/knf-20230331.htm,DQC.US.0099.9533,US GAAP 2023,10-Q,2023-05-17,2023-05-16 16:41:00,0001955520-23-000006,0001955520,Knife River Corporation,0099
1833,http://www.sec.gov/Archives/edgar/data/1163389/000190359623000428/nwpp_10q.htm,DQC.US.0099.9533,US GAAP 2022,10-Q/A,2023-05-17,2023-05-16 14:56:00,0001903596-23-000428,0001163389,"NEW PEOPLES BANKSHARES, INC.",0099
1834,http://www.sec.gov/Archives/edgar/data/1319643/000119983523000252/lsmg-10q.htm,DQC.US.0099.9533,US GAAP 2023,10-Q,2023-05-16,2023-05-16 11:17:00,0001199835-23-000252,0001319643,LODE-STAR MINING INC.,0099
1835,http://www.sec.gov/Archives/edgar/data/1506929/000164033423000902/vrdr_10q.htm,DQC.US.0099.9533,US GAAP 2022,10-Q,2023-05-17,2023-05-16 08:32:00,0001640334-23-000902,0001506929,"Verde Resources, Inc.",0099
1836,http://www.sec.gov/Archives/edgar/data/1841425/000121390023040105/f10q0323_verdeclean.htm,DQC.US.0099.9533,US GAAP 2023,10-Q,2023-05-16,2023-05-16 06:27:00,0001213900-23-040105,0001841425,"Verde Clean Fuels, Inc.",0099
1837,http://www.sec.gov/Archives/edgar/data/1359687/000135968723000018/rte-20230331.htm,DQC.US.0099.9533,US GAAP 2022,10-Q,2023-05-17,2023-05-15 17:27:00,0001359687-23-000018,0001359687,"RED TRAIL ENERGY, LLC",0099
1838,http://www.sec.gov/Archives/edgar/data/1855509/000173112223000946/e4712_10q.htm,DQC.US.0099.9533,US GAAP 2022,10-Q,2023-05-17,2023-05-15 17:24:00,0001731122-23-000946,0001855509,Twin Vee PowerCats Co.,0099
1839,http://www.sec.gov/Archives/edgar/data/1546296/000149315223017545/form10-q.htm,DQC.US.0099.9533,US GAAP 2023,10-Q,2023-05-16,2023-05-15 17:22:00,0001493152-23-017545,0001546296,"PROFESSIONAL DIVERSITY NETWORK, INC.",0099
1840,http://www.sec.gov/Archives/edgar/data/1865111/000182912623003462/alphastaracq_10q.htm,DQC.US.0099.9533,US GAAP 2023,10-Q,2023-05-16,2023-05-15 17:22:00,0001829126-23-003462,0001865111,ALPHA STAR ACQUISITION CORPORATION,0099
1841,http://www.sec.gov/Archives/edgar/data/1382574/000149315223017524/form10-q.htm,DQC.US.0099.9533,US GAAP 2023,10-Q,2023-05-17,2023-05-15 17:16:00,0001493152-23-017524,0001382574,"SCIENTURE HOLDINGS, INC.",0099
1842,http://www.sec.gov/Archives/edgar/data/1860514/000182912623003456/tkbcriticaltech1_10q.htm,DQC.US.0099.9533,US GAAP 2023,10-Q,2023-05-17,2023-05-15 17:15:00,0001829126-23-003456,0001860514,ROTH CH ACQUISITION CO.,0099
1843,http://www.sec.gov/Archives/edgar/data/1339688/000106299323011130/form10q.htm,DQC.US.0099.9533,US GAAP 2022,10-Q,2023-05-17,2023-05-15 17:09:00,0001062993-23-011130,0001339688,Lion Copper and Gold Corp.,0099
1844,http://www.sec.gov/Archives/edgar/data/1935092/000107997323000723/ceti_10q.htm,DQC.US.0099.9533,US GAAP 2022,10-Q,2023-05-17,2023-05-15 16:55:00,0001079973-23-000723,0001935092,"Cyber Enviro-Tech, Inc.",0099
1845,http://www.sec.gov/Archives/edgar/data/742112/000074211223000077/ivc-20230331.htm,DQC.US.0099.9533,US GAAP 2022,10-Q,2023-05-17,2023-05-15 16:55:00,0000742112-23-000077,0000742112,INVACARE HOLDINGS CORPORATION,0099
1846,http://www.sec.gov/Archives/edgar/data/793306/000165495423006592/bdco_10q.htm,DQC.US.0099.9533,US GAAP 2022,10-Q,2023-05-17,2023-05-15 16:54:00,0001654954-23-006592,0000793306,Blue Dolphin Energy Company,0099
1847,http://www.sec.gov/Archives/edgar/data/1634293/000159991623000108/exceed_10q223o.htm,DQC.US.0099.9533,US GAAP 2022,10-Q,2023-05-17,2023-05-15 16:52:00,0001599916-23-000108,0001634293,"Exceed World, Inc.",0099
1848,http://www.sec.gov/Archives/edgar/data/1084133/000126493123000026/realq12023.htm,DQC.US.0099.9533,US GAAP 2023,10-Q,2023-05-17,2023-05-15 16:51:00,0001264931-23-000026,0001084133,REAL BRANDS INC.,0099
1849,http://www.sec.gov/Archives/edgar/data/1652539/000106299323011121/form10q.htm,DQC.US.0099.9533,US GAAP 2022,10-Q,2023-05-17,2023-05-15 16:50:00,0001062993-23-011121,0001652539,SUSGLOBAL ENERGY CORP.,0099
1850,http://www.sec.gov/Archives/edgar/data/1286648/000190359623000426/f10q_gz6gtechnologie.htm,DQC.US.0099.9533,US GAAP 2021,10-Q,2023-05-17,2023-05-15 16:49:00,0001903596-23-000426,0001286648,GZ6G TECHNOLOGIES CORP.,0099
1851,http://www.sec.gov/Archives/edgar/data/1391426/000190359623000424/clnv_10q.htm,DQC.US.0099.9533,US GAAP 2022,10-Q,2023-05-17,2023-05-15 16:47:00,0001903596-23-000424,0001391426,CLEAN VISION CORPORATION,0099
1852,http://www.sec.gov/Archives/edgar/data/1392545/000089016323000025/lgtg-20230331.xml,DQC.US.0099.9533,US GAAP 2021,10-Q,2023-05-17,2023-05-15 16:45:00,0000890163-23-000025,0001392545,"Lightning Gaming, Inc.",0099
1853,http://www.sec.gov/Archives/edgar/data/1495231/000149523123000090/izea-20230331.htm,DQC.US.0099.9533,US GAAP 2021,10-Q,2023-05-17,2023-05-15 16:39:00,0001495231-23-000090,0001495231,"IZEA WORLDWIDE, INC.",0099
1854,http://www.sec.gov/Archives/edgar/data/1846809/000175392623000673/g083535_10q.htm,DQC.US.0099.9533,US GAAP 2023,10-Q,2023-05-17,2023-05-15 16:36:00,0001753926-23-000673,0001846809,OceanTech Acquisitions I Corp.,0099
1855,http://www.sec.gov/Archives/edgar/data/1870144/000107997323000711/cdio_10q.htm,DQC.US.0099.9533,US GAAP 2022,10-Q,2023-05-17,2023-05-15 16:35:00,0001079973-23-000711,0001870144,"CARDIO DIAGNOSTICS HOLDINGS, INC.",0099
1856,http://www.sec.gov/Archives/edgar/data/1611282/000157587223000754/ck0001611282-20230331.htm,DQC.US.0099.9533,US GAAP 2022,10-Q,2023-05-17,2023-05-15 16:32:00,0001575872-23-000754,0001611282,"PishPosh, Inc.",0099
1857,http://www.sec.gov/Archives/edgar/data/1961/000126493123000023/wdddq12023.htm,DQC.US.0099.9533,US GAAP 2023,10-Q,2023-05-17,2023-05-15 16:32:00,0001264931-23-000023,0000001961,WORLDS INC.,0099
1858,http://www.sec.gov/Archives/edgar/data/312257/000118518523000523/innovfood20230331_10q.htm,DQC.US.0099.9533,US GAAP 2023,10-Q,2023-05-17,2023-05-15 16:32:00,0001185185-23-000523,0000312257,"Innovative Food Holdings, Inc.",0099
1859,http://www.sec.gov/Archives/edgar/data/1138867/000153949723000925/n3220_10q.htm,DQC.US.0099.9533,US GAAP 2023,10-Q,2023-05-17,2023-05-15 16:27:00,0001539497-23-000925,0001138867,"EESTech, Inc",0099
1860,http://www.sec.gov/Archives/edgar/data/1790169/000147793223003574/flora_10q.htm,DQC.US.0099.9533,US GAAP 2022,10-Q,2023-05-17,2023-05-15 16:25:00,0001477932-23-003574,0001790169,Flora Growth Corp.,0099
1861,http://www.sec.gov/Archives/edgar/data/1880661/000188066123000047/tpg-20230331.htm,DQC.US.0099.9533,US GAAP 2022,10-Q,2023-05-17,2023-05-15 16:20:00,0001880661-23-000047,0001880661,TPG Inc.,0099
1862,http://www.sec.gov/Archives/edgar/data/355019/000035501923000031/fonar_10-q.htm,DQC.US.0099.9533,US GAAP 2023,10-Q,2023-05-16,2023-05-15 16:17:00,0000355019-23-000031,0000355019,"FONAR
CORPORATION",0099
1863,http://www.sec.gov/Archives/edgar/data/1872525/000121390023039798/f10q0323_stranandco.htm,DQC.US.0099.9533,US GAAP 2023,10-Q,2023-05-16,2023-05-15 16:16:00,0001213900-23-039798,0001872525,"STRAN & COMPANY, INC.",0099
1864,http://www.sec.gov/Archives/edgar/data/1431074/000139390523000229/brgo-20230331.htm,DQC.US.0099.9533,US GAAP 2023,10-Q,2023-05-16,2023-05-15 16:15:00,0001393905-23-000229,0001431074,"BERGIO INTERNATIONAL, INC.",0099
1865,http://www.sec.gov/Archives/edgar/data/1856161/000182912623003438/pearlholdings_10q.htm,DQC.US.0099.9533,US GAAP 2023,10-Q,2023-05-16,2023-05-15 16:15:00,0001829126-23-003438,0001856161,PEARL HOLDINGS ACQUISITION CORP,0099
1866,http://www.sec.gov/Archives/edgar/data/845819/000151597123000072/ktel10q033123.htm,DQC.US.0099.9533,US GAAP 2023,10-Q,2023-05-16,2023-05-15 16:15:00,0001515971-23-000072,0000845819,"KonaTel, Inc.",0099
1867,http://www.sec.gov/Archives/edgar/data/1876945/000165495423006568/tpco_10q.htm,DQC.US.0099.9533,US GAAP 2022,10-Q,2023-05-17,2023-05-15 16:09:00,0001654954-23-006568,0001876945,Gold Flora Corporation,0099
1868,http://www.sec.gov/Archives/edgar/data/942126/000118518523000517/taitron20230331_10q.htm,DQC.US.0099.9533,US GAAP 2023,10-Q,2023-05-17,2023-05-15 16:08:00,0001185185-23-000517,0000942126,TAITRON COMPONENTS INCORPORATED,0099
1869,http://www.sec.gov/Archives/edgar/data/945617/000190359623000417/ammj_10q.htm,DQC.US.0099.9533,US GAAP 2022,10-Q,2023-05-17,2023-05-15 16:07:00,0001903596-23-000417,0000945617,"AMERICAN CANNABIS COMPANY, INC.",0099
1870,http://www.sec.gov/Archives/edgar/data/1074828/000165495423006557/know_10q.htm,DQC.US.0099.9533,US GAAP 2022,10-Q,2023-05-17,2023-05-15 16:04:00,0001654954-23-006557,0001074828,"KNOW LABS, INC.",0099
1871,http://www.sec.gov/Archives/edgar/data/814926/000190359623000415/capc_10q.htm,DQC.US.0099.9533,US GAAP 2022,10-Q,2023-05-17,2023-05-15 16:00:00,0001903596-23-000415,0000814926,"CAPSTONE COMPANIES, INC.",0099
1872,http://www.sec.gov/Archives/edgar/data/1445109/000118518523000513/cleancoal20230331_10q.htm,DQC.US.0099.9533,US GAAP 2023,10-Q,2023-05-17,2023-05-15 15:45:00,0001185185-23-000513,0001445109,"NEWSTREAM ENERGY TECHNOLOGIES GROUP, INC.",0099
1873,http://www.sec.gov/Archives/edgar/data/1468910/000182912623003430/millburnmulti_10q.htm,DQC.US.0099.9533,US GAAP 2023,10-Q,2023-05-17,2023-05-15 15:45:00,0001829126-23-003430,0001468910,MILLBURN MULTI-MARKETS FUND L.P.,0099
1874,http://www.sec.gov/Archives/edgar/data/1936756/000119983523000244/nbh-10q.htm,DQC.US.0099.9533,US GAAP 2023,10-Q,2023-05-17,2023-05-15 15:45:00,0001199835-23-000244,0001936756,"NEXT BRIDGE HYDROCARBONS, INC.",0099
1875,http://www.sec.gov/Archives/edgar/data/1610940/000121390023039662/f10q0323_etfmanag1.htm,DQC.US.0099.9533,US GAAP 2023,10-Q,2023-05-17,2023-05-15 15:31:00,0001213900-23-039662,0001610940,Amplify Commodity Trust,0099
1876,http://www.sec.gov/Archives/edgar/data/1873722/000166357723000246/bblr10q_033123.htm,DQC.US.0099.9533,US GAAP 2023,10-Q,2023-05-17,2023-05-15 15:27:00,0001663577-23-000246,0001873722,"Bubblr, Inc.",0099
1877,http://www.sec.gov/Archives/edgar/data/1560672/000156067223000046/earn-20230331.htm,DQC.US.0099.9533,US GAAP 2021,10-Q,2023-05-17,2023-05-15 15:09:00,0001560672-23-000046,0001560672,Ellington Credit Company,0099
1878,http://www.sec.gov/Archives/edgar/data/1605057/000147793223003538/vmnt_10q.htm,DQC.US.0099.9533,US GAAP 2022,10-Q,2023-05-17,2023-05-15 15:08:00,0001477932-23-003538,0001605057,"VEMANTI GROUP, INC.",0099
1879,http://www.sec.gov/Archives/edgar/data/894556/000164033423000866/general_10q.htm,DQC.US.0099.9533,US GAAP 2022,10-Q,2023-05-17,2023-05-15 14:55:00,0001640334-23-000866,0000894556,"General Enterprise Ventures, Inc.",0099
1880,http://www.sec.gov/Archives/edgar/data/1324759/000149315223017189/form10-q.htm,DQC.US.0099.9533,US GAAP 2023,10-Q,2023-05-17,2023-05-15 14:51:00,0001493152-23-017189,0001324759,HONG YUAN HOLDING GROUP,0099
1881,http://www.sec.gov/Archives/edgar/data/1618696/000139834423009811/fp0083458-3_10qixbrl.htm,DQC.US.0099.9533,US GAAP 2022,10-Q,2023-05-17,2023-05-15 14:46:00,0001398344-23-009811,0001618696,GUGGENHEIM CREDIT INCOME FUND 2019,0099
1882,http://www.sec.gov/Archives/edgar/data/1412659/000166225223000017/rgin10q.htm,DQC.US.0099.9533,US GAAP 2023,10-Q,2023-05-17,2023-05-15 14:39:00,0001662252-23-000017,0001412659,"Regenicin, Inc.",0099
1883,http://www.sec.gov/Archives/edgar/data/1446371/000144637123000021/srtr-20230331.htm,DQC.US.0099.9533,US GAAP 2023,10-Q,2023-05-17,2023-05-15 14:16:00,0001446371-23-000021,0001446371,"STRATEGIC REALTY TRUST, INC.",0099
1884,http://www.sec.gov/Archives/edgar/data/1618694/000139834423009802/fp0083458-2_10qixbrl.htm,DQC.US.0099.9533,US GAAP 2022,10-Q,2023-05-17,2023-05-15 14:16:00,0001398344-23-009802,0001618694,GUGGENHEIM CREDIT INCOME FUND 2016 T,0099
1885,http://www.sec.gov/Archives/edgar/data/1618697/000139834423009799/fp0083458-1_10qixbrl.htm,DQC.US.0099.9533,US GAAP 2022,10-Q,2023-05-17,2023-05-15 14:12:00,0001398344-23-009799,0001618697,GUGGENHEIM CREDIT INCOME FUND,0099
1886,http://www.sec.gov/Archives/edgar/data/1527702/000166357723000243/iqst10q_033123.htm,DQC.US.0099.9533,US GAAP 2023,10-Q,2023-05-17,2023-05-15 14:01:00,0001663577-23-000243,0001527702,iQSTEL Inc.,0099
1887,http://www.sec.gov/Archives/edgar/data/1766526/000118518523000505/tectonic20230331_10q.htm,DQC.US.0099.9533,US GAAP 2023,10-Q,2023-05-17,2023-05-15 14:01:00,0001185185-23-000505,0001766526,"Tectonic Financial, Inc.",0099
1888,http://www.sec.gov/Archives/edgar/data/944075/000094407523000032/q1_2023-10q.htm,DQC.US.0099.9533,US GAAP 2023,10-Q,2023-05-17,2023-05-15 13:55:00,0000944075-23-000032,0000944075,"SOCKET
MOBILE, INC.",0099
1889,http://www.sec.gov/Archives/edgar/data/1342936/000137647423000307/avoi-20230331.htm,DQC.US.0099.9533,US GAAP 2023,10-Q,2023-05-17,2023-05-15 13:36:00,0001376474-23-000307,0001342936,"Rivulet Entertainment, Inc.",0099
1890,http://www.sec.gov/Archives/edgar/data/1793497/000121390023039546/f10q0323_vstrust.htm,DQC.US.0099.9533,US GAAP 2023,10-Q,2023-05-17,2023-05-15 13:30:00,0001213900-23-039546,0001793497,VS Trust,0099
1891,http://www.sec.gov/Archives/edgar/data/924515/000147793223003493/gthp_10q.htm,DQC.US.0099.9533,US GAAP 2022,10-Q,2023-05-17,2023-05-15 13:22:00,0001477932-23-003493,0000924515,"GUIDED THERAPEUTICS, INC.",0099
1892,http://www.sec.gov/Archives/edgar/data/1817218/000121390023039529/f10q0323_convexity.htm,DQC.US.0099.9533,US GAAP 2023,10-Q,2023-05-17,2023-05-15 13:08:00,0001213900-23-039529,0001817218,ConvexityShares Trust,0099
1893,http://www.sec.gov/Archives/edgar/data/1818152/000159991623000106/zentrum_q123o.htm,DQC.US.0099.9533,US GAAP 2022,10-Q,2023-05-17,2023-05-15 12:55:00,0001599916-23-000106,0001818152,"Zentrum Holdings, Inc.",0099
1894,http://www.sec.gov/Archives/edgar/data/1075706/000143774923014421/cizn20230331_10q.htm,DQC.US.0099.9533,US GAAP 2023,10-Q,2023-05-17,2023-05-15 12:54:00,0001437749-23-014421,0001075706,CITIZENS HOLDING COMPANY,0099
1895,http://www.sec.gov/Archives/edgar/data/1726822/000182912623003413/soulbiotechno_10q.htm,DQC.US.0099.9533,US GAAP 2023,10-Q,2023-05-17,2023-05-15 12:50:00,0001829126-23-003413,0001726822,Adorbs Inc,0099
1896,http://www.sec.gov/Archives/edgar/data/1849902/000175392623000665/g083521_10q.htm,DQC.US.0099.9533,US GAAP 2023,10-Q,2023-05-17,2023-05-15 12:41:00,0001753926-23-000665,0001849902,SEP ACQUISITION CORP.,0099
1897,http://www.sec.gov/Archives/edgar/data/1696088/000118518523000502/er1220230331_10q.htm,DQC.US.0099.9533,US GAAP 2023,10-Q,2023-05-17,2023-05-15 12:10:00,0001185185-23-000502,0001696088,"Energy Resources 12, L.P.",0099
1898,http://www.sec.gov/Archives/edgar/data/1685766/000182912623003408/moveixinc_10q.htm,DQC.US.0099.9533,US GAAP 2023,10-Q,2023-05-17,2023-05-15 12:02:00,0001829126-23-003408,0001685766,MOVEIX INC,0099
1899,http://www.sec.gov/Archives/edgar/data/1822372/000182237223000005/ssrt10q31mar2023.htm,DQC.US.0099.9533,US GAAP 2023,10-Q,2023-05-16,2023-05-15 11:52:00,0001822372-23-000005,0001822372,STREETEX CORP.,0099
1900,http://www.sec.gov/Archives/edgar/data/1367408/000139390523000225/oily-20230331.htm,DQC.US.0099.9533,US GAAP 2023,10-Q,2023-05-17,2023-05-15 11:27:00,0001393905-23-000225,0001367408,Sino                                                American Oil Co,0099
1901,http://www.sec.gov/Archives/edgar/data/1485029/000109690623001063/nahd-20221231.htm,DQC.US.0099.9533,US GAAP 2023,10-K,2023-05-17,2023-05-15 11:09:00,0001096906-23-001063,0001485029,"NEW ASIA HOLDINGS, INC.",0099
1902,http://www.sec.gov/Archives/edgar/data/1658521/000101738623000209/mtpp_2023mar31-10q.htm,DQC.US.0099.9533,US GAAP 2023,10-Q,2023-05-17,2023-05-15 11:09:00,0001017386-23-000209,0001658521,"MOUNTAIN TOP PROPERTIES, INC.",0099
1903,http://www.sec.gov/Archives/edgar/data/66496/000119312523144360/d165430d10q.htm,DQC.US.0099.9533,US GAAP 2022,10-Q,2023-05-15,2023-05-15 10:23:00,0001193125-23-144360,0000066496,MILLS MUSIC TRUST,0099
1904,http://www.sec.gov/Archives/edgar/data/1687065/000147793223003443/chinawuyi_10q.htm,DQC.US.0099.9533,US GAAP 2022,10-Q,2023-05-15,2023-05-15 10:05:00,0001477932-23-003443,0001687065,"CHINA WUYI MOUNTAIN, LTD.",0099
1905,http://www.sec.gov/Archives/edgar/data/1696195/000147793223003444/knit_10q.htm,DQC.US.0099.9533,US GAAP 2022,10-Q,2023-05-15,2023-05-15 10:05:00,0001477932-23-003444,0001696195,Kinetic Group Inc.,0099
1906,http://www.sec.gov/Archives/edgar/data/1823882/000182912623003385/airspannetworks_posam.htm,DQC.US.0099.9533,US GAAP 2023,POS AM,2023-05-17,2023-05-15 09:13:00,0001829126-23-003385,0001823882,Airspan Networks Holdings Inc.,0099
1907,http://www.sec.gov/Archives/edgar/data/1823882/000182912623003383/airspannetworks_posam.htm,DQC.US.0099.9533,US GAAP 2023,POS AM,2023-05-17,2023-05-15 09:11:00,0001829126-23-003383,0001823882,Airspan Networks Holdings Inc.,0099
1908,http://www.sec.gov/Archives/edgar/data/1417664/000121465923007064/v51023110q.htm,DQC.US.0099.9533,US GAAP 2023,10-Q,2023-05-17,2023-05-15 08:52:00,0001214659-23-007064,0001417664,"Value Exchange International, Inc.",0099
1909,http://www.sec.gov/Archives/edgar/data/1494413/000126246323000037/twoh33123q.htm,DQC.US.0099.9533,US GAAP 2023,10-Q,2023-05-17,2023-05-15 08:44:00,0001262463-23-000037,0001494413,TWO HANDS CORPORATION,0099
1910,http://www.sec.gov/Archives/edgar/data/1435812/000151597123000063/arem10q033123.htm,DQC.US.0099.9533,US GAAP 2023,10-Q,2023-05-17,2023-05-15 08:41:00,0001515971-23-000063,0001435812,Arem Pacific Corporation,0099
1911,http://www.sec.gov/Archives/edgar/data/1763657/000147793223003388/owvi_10q.htm,DQC.US.0099.9533,US GAAP 2022,10-Q,2023-05-15,2023-05-15 06:13:00,0001477932-23-003388,0001763657,"ONE WORLD VENTURES, INC.",0099
1912,http://www.sec.gov/Archives/edgar/data/1828613/000147793223003384/global_10q.htm,DQC.US.0099.9533,US GAAP 2022,10-Q,2023-05-15,2023-05-15 06:10:00,0001477932-23-003384,0001828613,STEM CELL INC.,0099
1913,http://www.sec.gov/Archives/edgar/data/1860879/000182912623003349/rigelresources_10q.htm,DQC.US.0099.9533,US GAAP 2023,10-Q,2023-05-17,2023-05-12 21:54:00,0001829126-23-003349,0001860879,Rigel Resource Acquisition Corp,0099
1914,http://www.sec.gov/Archives/edgar/data/1067873/000139390523000223/iptk-20230331.htm,DQC.US.0099.9533,US GAAP 2023,10-Q,2023-05-17,2023-05-12 21:35:00,0001393905-23-000223,0001067873,"AS-IP TECH, INC.",0099
1915,http://www.sec.gov/Archives/edgar/data/1892480/000147793223003373/hpco_10k.htm,DQC.US.0099.9533,US GAAP 2022,10-K,2023-05-15,2023-05-12 19:08:00,0001477932-23-003373,0001892480,"Hempacco Co., Inc.",0099
1916,http://www.sec.gov/Archives/edgar/data/1347491/000153949723000891/n2666_x14-10q.htm,DQC.US.0099.9533,US GAAP 2023,10-Q,2023-05-17,2023-05-12 17:48:00,0001539497-23-000891,0001347491,ALEXANDER TECH CORP.,0099
1917,http://www.sec.gov/Archives/edgar/data/1760903/000149315223016759/forms-1.htm,DQC.US.0099.9533,US GAAP 2022,S-1/A,2023-05-14,2023-05-12 17:31:00,0001493152-23-016759,0001760903,"SAFETY SHOT, INC.",0099
1918,http://www.sec.gov/Archives/edgar/data/1695963/000121465923006964/r5923010q.htm,DQC.US.0099.9533,US GAAP 2023,10-Q,2023-05-17,2023-05-12 17:07:00,0001214659-23-006964,0001695963,KORTH DIRECT MORTGAGE INC.,0099
1919,http://www.sec.gov/Archives/edgar/data/1121795/000107997323000671/ghst_10q.htm,DQC.US.0099.9533,US GAAP 2022,10-Q,2023-05-13,2023-05-12 16:50:00,0001079973-23-000671,0001121795,GHST World Inc.,0099
1920,http://www.sec.gov/Archives/edgar/data/1836478/000173112223000893/e4635_10-q.htm,DQC.US.0099.9533,US GAAP 2022,10-Q,2023-05-13,2023-05-12 16:48:00,0001731122-23-000893,0001836478,Avalon Acquisition Inc.,0099
1921,http://www.sec.gov/Archives/edgar/data/1807893/000107997323000669/spfx_10q-033123.htm,DQC.US.0099.9533,US GAAP 2022,10-Q,2023-05-13,2023-05-12 16:43:00,0001079973-23-000669,0001807893,"STANDARD PREMIUM FINANCE HOLDINGS, INC.",0099
1922,http://www.sec.gov/Archives/edgar/data/1014763/000165495423006377/aimd_10q.htm,DQC.US.0099.9533,US GAAP 2022,10-Q,2023-05-14,2023-05-12 16:33:00,0001654954-23-006377,0001014763,"AINOS,     INC.",0099
1923,http://www.sec.gov/Archives/edgar/data/1026662/000165495423006376/clwt_20f.htm,DQC.US.0099.9533,US GAAP 2022,20-F,2023-05-14,2023-05-12 16:32:00,0001654954-23-006376,0001026662,EURO TECH HOLDINGS COMPANY LIMITED,0099
1924,http://www.sec.gov/Archives/edgar/data/1346655/000101738623000207/cmgo_2023mar31-10q.htm,DQC.US.0099.9533,US GAAP 2023,10-Q,2023-05-17,2023-05-12 16:31:00,0001017386-23-000207,0001346655,"CMG HOLDINGS GROUP, INC.",0099
1925,http://www.sec.gov/Archives/edgar/data/838875/000119983523000233/wvvi-10q.htm,DQC.US.0099.9533,US GAAP 2023,10-Q,2023-05-17,2023-05-12 16:31:00,0001199835-23-000233,0000838875,"WILLAMETTE VALLEY VINEYARDS, INC.",0099
1926,http://www.sec.gov/Archives/edgar/data/1837824/000138713123006466/sesg-10q_033123.htm,DQC.US.0099.9533,US GAAP 2023,10-Q,2023-05-17,2023-05-12 16:16:00,0001387131-23-006466,0001837824,Sprott     ESG Gold ETF,0099
1927,http://www.sec.gov/Archives/edgar/data/1636051/000118518523000482/fusegroup20230331_10q.htm,DQC.US.0099.9533,US GAAP 2023,10-Q,2023-05-17,2023-05-12 16:11:00,0001185185-23-000482,0001636051,FUSE GROUP HOLDING INC,0099
1928,http://www.sec.gov/Archives/edgar/data/80172/000143774923014213/npk20230413_10q.htm,DQC.US.0099.9533,US GAAP 2023,10-Q,2023-05-17,2023-05-12 16:01:00,0001437749-23-014213,0000080172,NATIONAL PRESTO INDUSTRIES INC,0099
1929,http://www.sec.gov/Archives/edgar/data/1104280/000109690623001042/sgbi-20230331.htm,DQC.US.0099.9533,US GAAP 2023,10-Q,2023-05-17,2023-05-12 14:41:00,0001096906-23-001042,0001104280,SANGUI BIOTECH INTERNATIONAL INC,0099
1930,http://www.sec.gov/Archives/edgar/data/1658520/000147793223003328/os_10q.htm,DQC.US.0099.9533,US GAAP 2022,10-Q,2023-05-13,2023-05-12 13:54:00,0001477932-23-003328,0001658520,"OS Support, Inc.",0099
1931,http://www.sec.gov/Archives/edgar/data/1877788/000187778823000019/bnow-10q.htm,DQC.US.0099.9533,US GAAP 2022,10-Q,2023-05-13,2023-05-12 12:54:00,0001877788-23-000019,0001877788,CuraScientific Corp.,0099
1932,http://www.sec.gov/Archives/edgar/data/797564/000167479623000009/hstc-20230331.htm,DQC.US.0099.9533,US GAAP 2021,10-Q,2023-05-13,2023-05-12 12:41:00,0001674796-23-000009,0000797564,"HST Global, Inc.",0099
1933,http://www.sec.gov/Archives/edgar/data/1362516/000109181823000074/clri-20230331.htm,DQC.US.0099.9533,US GAAP 2023,10-Q,2023-05-17,2023-05-12 12:32:00,0001091818-23-000074,0001362516,"Cleartronic, Inc.",0099
1934,http://www.sec.gov/Archives/edgar/data/1575659/000139390523000220/rtsl-20230331.htm,DQC.US.0099.9533,US GAAP 2023,10-Q,2023-05-17,2023-05-12 12:31:00,0001393905-23-000220,0001575659,"Rapid Therapeutic Science Laboratories, Inc.",0099
1935,http://www.sec.gov/Archives/edgar/data/1624140/000101738623000201/jmkj_2023mar31-10q.htm,DQC.US.0099.9533,US GAAP 2023,10-Q,2023-05-17,2023-05-12 11:30:00,0001017386-23-000201,0001624140,"CORETAG, INC.",0099
1936,http://www.sec.gov/Archives/edgar/data/1842563/000184256323000010/gogo_10q31032023.htm,DQC.US.0099.9533,US GAAP 2023,10-Q,2023-05-17,2023-05-12 08:45:00,0001842563-23-000010,0001842563,"GO GO BUYERS, INC.",0099
1937,http://www.sec.gov/Archives/edgar/data/1722969/000121465923006878/z5923010q.htm,DQC.US.0099.9533,US GAAP 2023,10-Q,2023-05-17,2023-05-12 08:30:00,0001214659-23-006878,0001722969,"Nxu, Inc.",0099
1938,http://www.sec.gov/Archives/edgar/data/1410187/000101738623000199/cnnc2023mar31_10q.htm,DQC.US.0099.9533,US GAAP 2023,10-Q,2023-05-17,2023-05-11 21:39:00,0001017386-23-000199,0001410187,CANNONAU CORP,0099
1939,http://www.sec.gov/Archives/edgar/data/1056358/000105635823000038/mtex-20230331.htm,DQC.US.0099.9533,US GAAP 2023,10-Q,2023-05-17,2023-05-11 21:04:00,0001056358-23-000038,0001056358,"MANNATECH, INCORPORATED",0099
1940,http://www.sec.gov/Archives/edgar/data/1862068/000182912623003288/rubicontech_s1a3.htm,DQC.US.0099.9533,US GAAP 2023,S-1/A,2023-05-17,2023-05-11 20:33:00,0001829126-23-003288,0001862068,"Rubicon Technologies, Inc.",0099
1941,http://www.sec.gov/Archives/edgar/data/1865045/000182912623003279/fatprojects_s4a4.htm,DQC.US.0099.9533,US GAAP 2022,S-4/A,2023-05-13,2023-05-11 17:17:00,0001829126-23-003279,0001865045,Fat Projects Acquisition Corp,0099
1942,http://www.sec.gov/Archives/edgar/data/843006/000165495423006241/isdr_10q.htm,DQC.US.0099.9533,US GAAP 2022,10-Q,2023-05-13,2023-05-11 17:06:00,0001654954-23-006241,0000843006,Issuer Direct Corporation,0099
1943,http://www.sec.gov/Archives/edgar/data/932781/000155278123000271/e23251_fcco-10q.htm,DQC.US.0099.9533,US GAAP 2023,10-Q,2023-05-17,2023-05-11 16:51:00,0001552781-23-000271,0000932781,FIRST COMMUNITY CORPORATION,0099
1944,http://www.sec.gov/Archives/edgar/data/1863181/000114036123024143/brhc20052672_10q.htm,DQC.US.0099.9533,US GAAP 2022,10-Q,2023-05-12,2023-05-11 16:14:00,0001140361-23-024143,0001863181,Home Plate Acquisition Corp,0099
1945,http://www.sec.gov/Archives/edgar/data/1841514/000095017023021246/ck0001841514-20230331.htm,DQC.US.0099.9533,US GAAP 2022,10-Q,2023-05-12,2023-05-11 16:12:00,0000950170-23-021246,0001841514,"Commonwealth Credit Partners BDC I, Inc.",0099
1946,http://www.sec.gov/Archives/edgar/data/1894954/000190359623000392/xpon_10q.htm,DQC.US.0099.9533,US GAAP 2022,10-Q,2023-05-12,2023-05-11 16:10:00,0001903596-23-000392,0001894954,EXPION360 INC.,0099
1947,http://www.sec.gov/Archives/edgar/data/1098880/000106299323010765/form10q.htm,DQC.US.0099.9533,US GAAP 2022,10-Q,2023-05-12,2023-05-11 16:01:00,0001062993-23-010765,0001098880,IntelGenx Technologies Corp.,0099
1948,http://www.sec.gov/Archives/edgar/data/773318/000160706223000266/vrtc033123form10q.htm,DQC.US.0099.9533,US GAAP 2022,10-Q,2023-05-12,2023-05-11 13:40:00,0001607062-23-000266,0000773318,"VERITEC, INC.",0099
1949,http://www.sec.gov/Archives/edgar/data/837010/000083701023000044/vriac-20230331.htm,DQC.US.0099.9533,US GAAP 2022,10-Q,2023-05-12,2023-05-11 11:51:00,0000837010-23-000044,0000837010,VOYA RETIREMENT INSURANCE & ANNUITY CO,0099
1950,http://www.sec.gov/Archives/edgar/data/1690384/000173112223000866/e4673_10q.htm,DQC.US.0099.9533,US GAAP 2022,10-Q,2023-05-12,2023-05-11 11:21:00,0001731122-23-000866,0001690384,"BioCrude Technologies USA, Inc.",0099
1951,http://www.sec.gov/Archives/edgar/data/868082/000143774923013776/eepl20230331_10q.htm,DQC.US.0099.9533,US GAAP 2023,10-Q,2023-05-17,2023-05-11 09:00:00,0001437749-23-013776,0000868082,EVERFLOW EASTERN PARTNERS LP,0099
1952,http://www.sec.gov/Archives/edgar/data/1872371/000187237123000008/oscf-20230331.htm,DQC.US.0099.9533,US GAAP 2022,10-Q,2023-05-12,2023-05-10 18:15:00,0001872371-23-000008,0001872371,OAKTREE STRATEGIC CREDIT FUND,0099
1953,http://www.sec.gov/Archives/edgar/data/1817511/000160706223000263/sopa033123form10q.htm,DQC.US.0099.9533,US GAAP 2022,10-Q,2023-05-12,2023-05-10 17:40:00,0001607062-23-000263,0001817511,SOCIETY PASS INCORPORATED,0099
1954,http://www.sec.gov/Archives/edgar/data/875729/000107997323000655/bion_10q-q3.htm,DQC.US.0099.9533,US GAAP 2022,10-Q,2023-05-12,2023-05-10 17:30:00,0001079973-23-000655,0000875729,"BION ENVIRONMENTAL TECHNOLOGIES, INC.",0099
1955,http://www.sec.gov/Archives/edgar/data/1085277/000166357723000234/skvi10q_033123.htm,DQC.US.0099.9533,US GAAP 2023,10-Q,2023-05-17,2023-05-10 17:13:00,0001663577-23-000234,0001085277,"Skinvisible, Inc.",0099
1956,http://www.sec.gov/Archives/edgar/data/763901/000119312523140853/d485048d10q.htm,DQC.US.0099.9533,US GAAP 2022,10-Q,2023-05-12,2023-05-10 17:11:00,0001193125-23-140853,0000763901,"POPULAR, INC.",0099
1957,http://www.sec.gov/Archives/edgar/data/1089907/000155278123000266/e23255_swkh-10q.htm,DQC.US.0099.9533,US GAAP 2023,10-Q,2023-05-17,2023-05-10 17:03:00,0001552781-23-000266,0001089907,SWK HOLDINGS CORPORATION,0099
1958,http://www.sec.gov/Archives/edgar/data/93314/000147793223003240/vnrx_10q.htm,DQC.US.0099.9533,US GAAP 2022,10-Q,2023-05-13,2023-05-10 16:22:00,0001477932-23-003240,0000093314,VolitionRx Limited,0099
1959,http://www.sec.gov/Archives/edgar/data/1411342/000141134223000100/efc-20230331.htm,DQC.US.0099.9533,US GAAP 2021,10-Q,2023-05-13,2023-05-10 16:12:00,0001411342-23-000100,0001411342,ELLINGTON FINANCIAL INC,0099
1960,http://www.sec.gov/Archives/edgar/data/1072842/000118518523000467/firstcap20230331_10q.htm,DQC.US.0099.9533,US GAAP 2023,10-Q,2023-05-17,2023-05-10 16:06:00,0001185185-23-000467,0001072842,"First Capital International, Inc.",0099
1961,http://www.sec.gov/Archives/edgar/data/1528930/000152893023000013/frg-20230401.htm,DQC.US.0099.9533,US GAAP 2023,10-Q,2023-05-17,2023-05-10 16:05:00,0001528930-23-000013,0001528930,"Franchise Group, Inc.",0099
1962,http://www.sec.gov/Archives/edgar/data/103730/000010373023000040/vishayintertech_10q.htm,DQC.US.0099.9533,US GAAP 2022,10-Q,2023-05-12,2023-05-10 16:03:00,0000103730-23-000040,0000103730,"Vishay Intertechnology, Inc.",0099
1963,http://www.sec.gov/Archives/edgar/data/1616741/000161674123000026/patrmarq23.htm,DQC.US.0099.9533,US GAAP 2023,10-Q,2023-05-17,2023-05-10 15:34:00,0001616741-23-000026,0001616741,"PATRIOT
TRANSPORTATION HOLDING, INC.",0099
1964,http://www.sec.gov/Archives/edgar/data/1010134/000117891323001799/zk2329653.htm,DQC.US.0099.9533,US GAAP 2022,20-F,2023-05-12,2023-05-10 12:47:00,0001178913-23-001799,0001010134,ICTS INTERNATIONAL N.V.,0099
1965,http://www.sec.gov/Archives/edgar/data/1641751/000187778823000017/bbrw_10q.htm,DQC.US.0099.9533,US GAAP 2023,10-Q,2023-05-17,2023-05-10 12:42:00,0001877788-23-000017,0001641751,BrewBilt Manufacturing Inc.,0099
1966,http://www.sec.gov/Archives/edgar/data/913241/000162828023017089/shoo-20230331.htm,DQC.US.0099.9533,US GAAP 2022,10-Q,2023-05-12,2023-05-10 12:30:00,0001628280-23-017089,0000913241,"STEVEN MADDEN, LTD.",0099
1967,http://www.sec.gov/Archives/edgar/data/1765048/000176504823000006/chmt_10q31mar2023.htm,DQC.US.0099.9533,US GAAP 2023,10-Q,2023-05-17,2023-05-10 11:58:00,0001765048-23-000006,0001765048,GUOCHUN                                             INTERNATIONAL INC.,0099
1968,http://www.sec.gov/Archives/edgar/data/1517389/000147793223003218/jfil_10k.htm,DQC.US.0099.9533,US GAAP 2022,10-K,2023-05-12,2023-05-10 10:58:00,0001477932-23-003218,0001517389,"Jubilant Flame International, LTD",0099
1969,http://www.sec.gov/Archives/edgar/data/1912954/000155889123000044/wdfi-20230331.htm,DQC.US.0099.9533,US GAAP 2023,10-Q,2023-05-17,2023-05-10 09:43:00,0001558891-23-000044,0001912954,WIDFIT INC,0099
1970,http://www.sec.gov/Archives/edgar/data/1277250/000165495423006034/crge_10q.htm,DQC.US.0099.9533,US GAAP 2022,10-Q,2023-05-11,2023-05-10 07:31:00,0001654954-23-006034,0001277250,"CHARGE ENTERPRISES, INC.",0099
1971,http://www.sec.gov/Archives/edgar/data/1532383/000101738623000182/vnja_2023mar31-10q.htm,DQC.US.0099.9533,US GAAP 2023,10-Q,2023-05-17,2023-05-09 21:40:00,0001017386-23-000182,0001532383,Vanjia Corporation,0099
1972,http://www.sec.gov/Archives/edgar/data/1673481/000149315223016035/form10-ka.htm,DQC.US.0099.9533,US GAAP 2022,10-K/A,2023-05-11,2023-05-09 20:55:00,0001493152-23-016035,0001673481,Lottery.com Inc.,0099
1973,http://www.sec.gov/Archives/edgar/data/352991/000147793223003205/aoxy_10q.htm,DQC.US.0099.9533,US GAAP 2022,10-Q,2023-05-12,2023-05-09 18:29:00,0001477932-23-003205,0000352991,"ADVANCED OXYGEN TECHNOLOGIES, INC.",0099
1974,http://www.sec.gov/Archives/edgar/data/1893311/000182912623003198/luxurbanhotels_10q.htm,DQC.US.0099.9533,US GAAP 2022,10-Q,2023-05-11,2023-05-09 17:17:00,0001829126-23-003198,0001893311,LuxUrban Hotels Inc.,0099
1975,http://www.sec.gov/Archives/edgar/data/1377630/000137763023000073/ncminc-20230330.htm,DQC.US.0099.9533,US GAAP 2022,10-Q,2023-05-11,2023-05-09 17:05:00,0001377630-23-000073,0001377630,"NATIONAL CINEMEDIA, INC.",0099
1976,http://www.sec.gov/Archives/edgar/data/31107/000165495423006022/eml_10q.htm,DQC.US.0099.9533,US GAAP 2022,10-Q,2023-05-10,2023-05-09 16:33:00,0001654954-23-006022,0000031107,The Eastern Company,0099
1977,http://www.sec.gov/Archives/edgar/data/1314052/000173112223000845/e4668_10-q.htm,DQC.US.0099.9533,US GAAP 2022,10-Q,2023-05-10,2023-05-09 16:31:00,0001731122-23-000845,0001314052,"ANAVEX
LIFE SCIENCES CORP.",0099
1978,http://www.sec.gov/Archives/edgar/data/874501/000087450123000092/ambc-20230331.htm,DQC.US.0099.9533,US GAAP 2022,10-Q,2023-05-11,2023-05-09 16:19:00,0000874501-23-000092,0000874501,"AMBAC FINANCIAL GROUP, INC.",0099
1979,http://www.sec.gov/Archives/edgar/data/1858681/000185868123000017/apo-20230331.htm,DQC.US.0099.9533,US GAAP 2022,10-Q,2023-05-12,2023-05-09 16:18:00,0001858681-23-000017,0001858681,"Apollo Global Management, Inc.",0099
1980,http://www.sec.gov/Archives/edgar/data/1798458/000182646623000018/chec-20230331x10q.htm,DQC.US.0099.9533,US GAAP 2023,10-Q,2023-05-17,2023-05-09 16:08:00,0001826466-23-000018,0001798458,"CARRIAGE HOUSE EVENT CENTER, INC.",0099
1981,http://www.sec.gov/Archives/edgar/data/1325814/000132581423000090/fhlbdm-20230331.htm,DQC.US.0099.9533,US GAAP 2022,10-Q,2023-05-10,2023-05-09 15:20:00,0001325814-23-000090,0001325814,Federal Home Loan Bank of Des Moines,0099
1982,http://www.sec.gov/Archives/edgar/data/1331451/000133145123000094/fhlbc-20230331.htm,DQC.US.0099.9533,US GAAP 2022,10-Q,2023-05-10,2023-05-09 13:37:00,0001331451-23-000094,0001331451,FEDERAL HOME LOAN BANK OF CHICAGO,0099
1983,http://www.sec.gov/Archives/edgar/data/1801602/000114036123023623/ny20008803x2_s1a.htm,DQC.US.0099.9533,US GAAP 2022,S-1/A,2023-05-13,2023-05-09 12:03:00,0001140361-23-023623,0001801602,"SPRINGBIG HOLDINGS, INC.",0099
1984,http://www.sec.gov/Archives/edgar/data/1767057/000093041323001597/c106305_10q-ixbrl.htm,DQC.US.0099.9533,US GAAP 2023,10-Q,2023-05-17,2023-05-09 10:30:00,0000930413-23-001597,0001767057,Osprey Bitcoin Trust,0099
1985,http://www.sec.gov/Archives/edgar/data/1236275/000118518523000457/silversun20230331_10q.htm,DQC.US.0099.9533,US GAAP 2023,10-Q,2023-05-17,2023-05-09 09:00:00,0001185185-23-000457,0001236275,"QXO, INC.",0099
1986,http://www.sec.gov/Archives/edgar/data/1839285/000160706223000255/hcti033123form10q.htm,DQC.US.0099.9533,US GAAP 2022,10-Q,2023-05-13,2023-05-09 07:00:00,0001607062-23-000255,0001839285,"HEALTHCARE
TRIANGLE, INC.",0099
1987,http://www.sec.gov/Archives/edgar/data/1333986/000133398623000010/eqh-20230331.htm,DQC.US.0099.9533,US GAAP 2022,10-Q,2023-05-13,2023-05-08 19:04:00,0001333986-23-000010,0001333986,"Equitable Holdings, Inc.",0099
1988,http://www.sec.gov/Archives/edgar/data/1737523/000147793223003180/bion_s1a.htm,DQC.US.0099.9533,US GAAP 2022,S-1/A,2023-05-13,2023-05-08 18:58:00,0001477932-23-003180,0001737523,BioNexus Gene Lab Corp.,0099
1989,http://www.sec.gov/Archives/edgar/data/1041061/000104106123000025/yum-20230331.htm,DQC.US.0099.9533,US GAAP 2023,10-Q,2023-05-17,2023-05-08 17:46:00,0001041061-23-000025,0001041061,"YUM! BRANDS, INC.",0099
1990,http://www.sec.gov/Archives/edgar/data/883984/000088398423000022/icui-20230331.htm,DQC.US.0099.9533,US GAAP 2022,10-Q,2023-05-13,2023-05-08 17:34:00,0000883984-23-000022,0000883984,ICU MEDICAL INC/DE,0099
1991,http://www.sec.gov/Archives/edgar/data/1212545/000121254523000127/wal-20230331.htm,DQC.US.0099.9533,US GAAP 2022,10-Q,2023-05-12,2023-05-08 17:06:00,0001212545-23-000127,0001212545,WESTERN ALLIANCE BANCORPORATION,0099
1992,http://www.sec.gov/Archives/edgar/data/1315061/000121465923006632/o41823010q.htm,DQC.US.0099.9533,US GAAP 2022,10-Q,2023-05-12,2023-05-08 16:15:00,0001214659-23-006632,0001315061,"Ridgewood Energy O Fund, LLC",0099
1993,http://www.sec.gov/Archives/edgar/data/1338474/000121465923006633/q42523010q.htm,DQC.US.0099.9533,US GAAP 2022,10-Q,2023-05-13,2023-05-08 16:15:00,0001214659-23-006633,0001338474,"Ridgewood Energy Q Fund, LLC",0099
1994,http://www.sec.gov/Archives/edgar/data/1352190/000121465923006634/s41823010q.htm,DQC.US.0099.9533,US GAAP 2022,10-Q,2023-05-12,2023-05-08 16:15:00,0001214659-23-006634,0001352190,"Ridgewood Energy S Fund, LLC",0099
1995,http://www.sec.gov/Archives/edgar/data/1364397/000121465923006635/t42023010q.htm,DQC.US.0099.9533,US GAAP 2022,10-Q,2023-05-13,2023-05-08 16:15:00,0001214659-23-006635,0001364397,"Ridgewood Energy T Fund, LLC",0099
1996,http://www.sec.gov/Archives/edgar/data/1377178/000121465923006636/u42623010q.htm,DQC.US.0099.9533,US GAAP 2022,10-Q,2023-05-12,2023-05-08 16:15:00,0001214659-23-006636,0001377178,"Ridgewood Energy U Fund, LLC",0099
1997,http://www.sec.gov/Archives/edgar/data/1385662/000121465923006637/v42523010q.htm,DQC.US.0099.9533,US GAAP 2022,10-Q,2023-05-13,2023-05-08 16:15:00,0001214659-23-006637,0001385662,"Ridgewood Energy V Fund, LLC",0099
1998,http://www.sec.gov/Archives/edgar/data/1409947/000121465923006638/w42523010q.htm,DQC.US.0099.9533,US GAAP 2022,10-Q,2023-05-12,2023-05-08 16:15:00,0001214659-23-006638,0001409947,"Ridgewood Energy W Fund, LLC",0099
1999,http://www.sec.gov/Archives/edgar/data/1434070/000121465923006640/y41823010q.htm,DQC.US.0099.9533,US GAAP 2022,10-Q,2023-05-13,2023-05-08 16:15:00,0001214659-23-006640,0001434070,"Ridgewood Energy Y Fund, LLC",0099
2000,http://www.sec.gov/Archives/edgar/data/1455741/000121465923006639/x42023010q.htm,DQC.US.0099.9533,US GAAP 2022,10-Q,2023-05-13,2023-05-08 16:15:00,0001214659-23-006639,0001455741,"Ridgewood Energy X Fund, LLC",0099
2001,http://www.sec.gov/Archives/edgar/data/1457919/000121465923006641/a142023010q.htm,DQC.US.0099.9533,US GAAP 2022,10-Q,2023-05-13,2023-05-08 16:15:00,0001214659-23-006641,0001457919,"Ridgewood Energy A-1 Fund, LLC",0099
2002,http://www.sec.gov/Archives/edgar/data/1393781/000166357723000218/qind10ka2_123122.htm,DQC.US.0099.9533,US GAAP 2022,10-K/A,2023-05-13,2023-05-08 15:31:00,0001663577-23-000218,0001393781,Quality Industrial Corp.,0099
2003,http://www.sec.gov/Archives/edgar/data/1653653/000165365323000009/rrr-20230331.htm,DQC.US.0099.9533,US GAAP 2022,10-Q,2023-05-13,2023-05-08 15:25:00,0001653653-23-000009,0001653653,"RED ROCK RESORTS, INC.",0099
2004,http://www.sec.gov/Archives/edgar/data/796505/000117184323003018/clfd20230331_10q.htm,DQC.US.0099.9533,US GAAP 2023,10-Q,2023-05-17,2023-05-08 13:16:00,0001171843-23-003018,0000796505,"Clearfield, Inc.",0099
2005,http://www.sec.gov/Archives/edgar/data/1759136/000173112223000815/e4659_20-f.htm,DQC.US.0099.9533,US GAAP 2022,20-F,2023-05-13,2023-05-08 08:31:00,0001731122-23-000815,0001759136,Blue Hat Interactive Entertainment Technology,0099
2006,http://www.sec.gov/Archives/edgar/data/1800392/000182912623003141/microalgoinc_10q.htm,DQC.US.0099.9533,US GAAP 2023,10-Q,2023-05-17,2023-05-08 06:28:00,0001829126-23-003141,0001800392,MicroAlgo Inc.,0099
2007,http://www.sec.gov/Archives/edgar/data/1431074/000139390523000208/brgo-20221231.htm,DQC.US.0099.9533,US GAAP 2023,S-1,2023-05-17,2023-05-05 17:30:00,0001393905-23-000208,0001431074,"BERGIO INTERNATIONAL, INC.",0099
2008,http://www.sec.gov/Archives/edgar/data/1037646/000103764623000012/mtd-20230331.htm,DQC.US.0099.9533,US GAAP 2023,10-Q,2023-05-17,2023-05-05 13:18:00,0001037646-23-000012,0001037646,Mettler Toledo International Inc,0099
2009,http://www.sec.gov/Archives/edgar/data/1060219/000155479523000150/sal0505form10q.htm,DQC.US.0099.9533,US GAAP 2023,10-Q,2023-05-17,2023-05-05 13:16:00,0001554795-23-000150,0001060219,"SALISBURY BANCORP, INC.",0099
2010,http://www.sec.gov/Archives/edgar/data/930245/000147237523000076/ixform10q.htm,DQC.US.0099.9533,US GAAP 2023,10-Q,2023-05-17,2023-05-05 13:06:00,0001472375-23-000076,0000930245,GLOBAL ACQUISITIONS CORPORATION,0099
2011,http://www.sec.gov/Archives/edgar/data/1683252/000147793223003129/token_10ka.htm,DQC.US.0099.9533,US GAAP 2022,10-K/A,2023-05-12,2023-05-05 09:41:00,0001477932-23-003129,0001683252,Token Communities Ltd.,0099
2012,http://www.sec.gov/Archives/edgar/data/1620533/000162053323000037/shak-20230329.htm,DQC.US.0099.9533,US GAAP 2022,10-Q,2023-05-10,2023-05-05 08:01:00,0001620533-23-000037,0001620533,SHAKE SHACK INC.,0099
2013,http://www.sec.gov/Archives/edgar/data/728391/000072839123000029/cik0000728391-20230331.htm,DQC.US.0099.9533,US GAAP 2022,10-Q,2023-05-12,2023-05-04 17:09:00,0000728391-23-000029,0000728391,"IPALCO ENTERPRISES, INC.",0099
2014,http://www.sec.gov/Archives/edgar/data/65984/000006598423000040/etr-20230331.htm,DQC.US.0099.9533,US GAAP 2022,10-Q,2023-05-09,2023-05-04 16:51:00,0000065984-23-000040,0000065984,Entergy Corporation,0099
2015,http://www.sec.gov/Archives/edgar/data/1792509/000179250923000024/tpvc-20230331.htm,DQC.US.0099.9533,US GAAP 2022,10-Q,2023-05-12,2023-05-04 16:17:00,0001792509-23-000024,0001792509,TriplePoint Private Venture Credit Inc.,0099
2016,http://www.sec.gov/Archives/edgar/data/704440/000116169723000281/form_10-q.htm,DQC.US.0099.9533,US GAAP 2022,10-Q,2023-05-12,2023-05-04 16:15:00,0001161697-23-000281,0000704440,"KORU MEDICAL SYSTEMS, INC.",0099
2017,http://www.sec.gov/Archives/edgar/data/34903/000003490323000044/frt-20230331.htm,DQC.US.0099.9533,US GAAP 2023,10-Q,2023-05-17,2023-05-04 16:13:00,0000034903-23-000044,0000034903,Federal Realty Investment Trust,0099
2018,http://www.sec.gov/Archives/edgar/data/1610682/000161068223000029/usdp-20230331.htm,DQC.US.0099.9533,US GAAP 2022,10-Q,2023-05-12,2023-05-04 16:11:00,0001610682-23-000029,0001610682,USD Partners LP,0099
2019,http://www.sec.gov/Archives/edgar/data/1320461/000132046123000079/cps-20230331.htm,DQC.US.0099.9533,US GAAP 2021,10-Q,2023-05-08,2023-05-04 16:07:00,0001320461-23-000079,0001320461,COOPER-STANDARD HOLDINGS INC.,0099
2020,http://www.sec.gov/Archives/edgar/data/351817/000035181723000056/sbow-20230331.htm,DQC.US.0099.9533,US GAAP 2023,10-Q,2023-05-17,2023-05-04 16:06:00,0000351817-23-000056,0000351817,"SilverBow Resources, Inc.",0099
2021,http://www.sec.gov/Archives/edgar/data/1165002/000116500223000057/whg-20230331.htm,DQC.US.0099.9533,US GAAP 2021,10-Q,2023-05-10,2023-05-04 16:05:00,0001165002-23-000057,0001165002,"WESTWOOD HOLDINGS GROUP, INC.",0099
2022,http://www.sec.gov/Archives/edgar/data/1338065/000133806523000016/dpm-20230331.htm,DQC.US.0099.9533,US GAAP 2023,10-Q,2023-05-17,2023-05-04 16:05:00,0001338065-23-000016,0001338065,"DCP MIDSTREAM, LP",0099
2023,http://www.sec.gov/Archives/edgar/data/1285785/000161803423000008/mos-20230331.htm,DQC.US.0099.9533,US GAAP 2022,10-Q,2023-05-08,2023-05-04 14:50:00,0001618034-23-000008,0001285785,MOSAIC CO,0099
2024,http://www.sec.gov/Archives/edgar/data/790179/000155479523000144/pgec0504form10q.htm,DQC.US.0099.9533,US GAAP 2023,10-Q,2023-05-17,2023-05-04 13:18:00,0001554795-23-000144,0000790179,PRESTIGE CAPITAL CORPORATION,0099
2025,http://www.sec.gov/Archives/edgar/data/1430319/000155479523000142/ccti0504form10q.htm,DQC.US.0099.9533,US GAAP 2023,10-Q,2023-05-17,2023-05-04 13:17:00,0001554795-23-000142,0001430319,"C & C TOURS, INC",0099
2026,http://www.sec.gov/Archives/edgar/data/1022321/000102232123000047/gel-20230331.htm,DQC.US.0099.9533,US GAAP 2021,10-Q,2023-05-10,2023-05-04 13:15:00,0001022321-23-000047,0001022321,GENESIS ENERGY LP,0099
2027,http://www.sec.gov/Archives/edgar/data/1276187/000127618723000035/et-20230331.htm,DQC.US.0099.9533,US GAAP 2023,10-Q,2023-05-17,2023-05-04 11:55:00,0001276187-23-000035,0001276187,ENERGY TRANSFER LP,0099
2028,http://www.sec.gov/Archives/edgar/data/14930/000001493023000112/bcorp-20230401.htm,DQC.US.0099.9533,US GAAP 2023,10-Q,2023-05-17,2023-05-04 11:50:00,0000014930-23-000112,0000014930,Brunswick Corporation,0099
2029,http://www.sec.gov/Archives/edgar/data/1755672/000175567223000011/ctva-20230331.htm,DQC.US.0099.9533,US GAAP 2023,10-Q,2023-05-17,2023-05-04 11:40:00,0001755672-23-000011,0001755672,"Corteva, Inc.",0099
2030,http://www.sec.gov/Archives/edgar/data/67716/000006771623000066/mdu-20230331.htm,DQC.US.0099.9533,US GAAP 2023,10-Q,2023-05-17,2023-05-04 08:43:00,0000067716-23-000066,0000067716,"MDU Resources Group, Inc.",0099
2031,http://www.sec.gov/Archives/edgar/data/1062822/000106282223000024/lxrx-20230331.htm,DQC.US.0099.9533,US GAAP 2023,10-Q,2023-05-17,2023-05-04 07:10:00,0001062822-23-000024,0001062822,"Lexicon Pharmaceuticals, Inc.",0099
2032,http://www.sec.gov/Archives/edgar/data/4904/000000490423000072/aep-20230331.htm,DQC.US.0099.9533,US GAAP 2022,10-Q,2023-05-09,2023-05-04 07:08:00,0000004904-23-000072,0000004904,AMERICAN ELECTRIC POWER CO INC.,0099
2033,http://www.sec.gov/Archives/edgar/data/1515816/000117152023000162/eps10737_plym.htm,DQC.US.0099.9533,US GAAP 2023,10-Q,2023-05-17,2023-05-04 07:05:00,0001171520-23-000162,0001515816,"PLYMOUTH INDUSTRIAL REIT, INC.",0099
2034,http://www.sec.gov/Archives/edgar/data/1853580/000182912623003089/portagefintechacq_10q.htm,DQC.US.0099.9533,US GAAP 2023,10-Q,2023-05-17,2023-05-03 21:05:00,0001829126-23-003089,0001853580,PERCEPTION CAPITAL CORP. III,0099
2035,http://www.sec.gov/Archives/edgar/data/1175535/000143774923012381/wstr20230331_10q.htm,DQC.US.0099.9533,US GAAP 2023,10-Q,2023-05-17,2023-05-03 17:20:00,0001437749-23-012381,0001175535,Whitestone REIT,0099
2036,http://www.sec.gov/Archives/edgar/data/1830503/000147793223003075/bzwr_10qa.htm,DQC.US.0099.9533,US GAAP 2022,10-Q/A,2023-05-06,2023-05-03 17:03:00,0001477932-23-003075,0001830503,BUSINESS WARRIOR CORPORATION,0099
2037,http://www.sec.gov/Archives/edgar/data/19745/000162828023015261/cpk-20230331.htm,DQC.US.0099.9533,US GAAP 2022,10-Q,2023-05-04,2023-05-03 16:53:00,0001628280-23-015261,0000019745,CHESAPEAKE UTILITIES CORP,0099
2038,http://www.sec.gov/Archives/edgar/data/1037540/000165642323000024/bxp-20230331.htm,DQC.US.0099.9533,US GAAP 2022,10-Q,2023-05-05,2023-05-03 16:35:00,0001656423-23-000024,0001037540,"BXP, INC.",0099
2039,http://www.sec.gov/Archives/edgar/data/77877/000007787723000026/pdce-20230331.htm,DQC.US.0099.9533,US GAAP 2023,10-Q,2023-05-17,2023-05-03 16:35:00,0000077877-23-000026,0000077877,"PDC ENERGY, INC.",0099
2040,http://www.sec.gov/Archives/edgar/data/914208/000091420823000338/ivz-20230331.htm,DQC.US.0099.9533,US GAAP 2022,10-Q,2023-05-06,2023-05-03 16:25:00,0000914208-23-000338,0000914208,Invesco Ltd.,0099
2041,http://www.sec.gov/Archives/edgar/data/1345126/000134512623000030/codi-20230331.htm,DQC.US.0099.9533,US GAAP 2023,10-Q,2023-05-17,2023-05-03 16:20:00,0001345126-23-000030,0001345126,COMPASS DIVERSIFIED HOLDINGS,0099
2042,http://www.sec.gov/Archives/edgar/data/1039684/000103968423000037/oke-20230331.htm,DQC.US.0099.9533,US GAAP 2022,10-Q,2023-05-04,2023-05-03 16:17:00,0001039684-23-000037,0001039684,"ONEOK, Inc.",0099
2043,http://www.sec.gov/Archives/edgar/data/1560258/000121390023035987/ecor-20230331.htm,DQC.US.0099.9533,US GAAP 2022,10-Q,2023-05-06,2023-05-03 16:16:00,0001213900-23-035987,0001560258,"electroCore, Inc.",0099
2044,http://www.sec.gov/Archives/edgar/data/1051470/000105147023000106/cci-20230331.htm,DQC.US.0099.9533,US GAAP 2022,10-Q,2023-05-04,2023-05-03 16:02:00,0001051470-23-000106,0001051470,Crown Castle Inc,0099
2045,http://www.sec.gov/Archives/edgar/data/1109357/000110935723000040/exc-20230331.htm,DQC.US.0099.9533,US GAAP 2022,10-Q,2023-05-04,2023-05-03 14:39:00,0001109357-23-000040,0001109357,EXELON CORPORATION,0099
2046,http://www.sec.gov/Archives/edgar/data/55242/000005524223000022/kmt-20230331.htm,DQC.US.0099.9533,US GAAP 2022,10-Q,2023-05-04,2023-05-03 14:10:00,0000055242-23-000022,0000055242,KENNAMETAL INC.,0099
2047,http://www.sec.gov/Archives/edgar/data/1160945/000155479523000136/nvsi0503form10q.htm,DQC.US.0099.9533,US GAAP 2023,10-Q,2023-05-17,2023-05-03 12:35:00,0001554795-23-000136,0001160945,"NOVA STAR INNOVATIONS, INC.",0099
2048,http://www.sec.gov/Archives/edgar/data/1118072/000155479523000134/skin0503form10q.htm,DQC.US.0099.9533,US GAAP 2023,10-Q,2023-05-17,2023-05-03 12:30:00,0001554795-23-000134,0001118072,SKINOVATION PHARMACEUTICAL INCORPORATED,0099
2049,http://www.sec.gov/Archives/edgar/data/1364885/000162828023015082/spr-20230330.htm,DQC.US.0099.9533,US GAAP 2023,10-Q,2023-05-17,2023-05-03 12:24:00,0001628280-23-015082,0001364885,"Spirit AeroSystems Holdings, Inc.",0099
2050,http://www.sec.gov/Archives/edgar/data/1130889/000155479523000131/cncl0503form10q.htm,DQC.US.0099.9533,US GAAP 2023,10-Q,2023-05-17,2023-05-03 11:16:00,0001554795-23-000131,0001130889,CANCER CAPITAL CORP.,0099
2051,http://www.sec.gov/Archives/edgar/data/1680132/000139390523000199/csui-20220531.htm,DQC.US.0099.9533,US GAAP 2023,10-K/A,2023-05-17,2023-05-02 18:11:00,0001393905-23-000199,0001680132,CANNABIS SUISSE CORP.,0099
2052,http://www.sec.gov/Archives/edgar/data/1862068/000182912623003069/rubicontech_s1a2.htm,DQC.US.0099.9533,US GAAP 2023,S-1/A,2023-05-17,2023-05-02 17:29:00,0001829126-23-003069,0001862068,"Rubicon Technologies, Inc.",0099
2053,http://www.sec.gov/Archives/edgar/data/1481504/000147793223003041/xeri_s1.htm,DQC.US.0099.9533,US GAAP 2022,S-1/A,2023-05-05,2023-05-02 17:23:00,0001477932-23-003041,0001481504,"XERIANT, INC.",0099
2054,http://www.sec.gov/Archives/edgar/data/1173514/000117351423000049/hy-20230331.htm,DQC.US.0099.9533,US GAAP 2022,10-Q,2023-05-04,2023-05-02 16:58:00,0001173514-23-000049,0001173514,"HYSTER-YALE, INC.",0099
2055,http://www.sec.gov/Archives/edgar/data/1897982/000189798223000028/azpn-20230331.htm,DQC.US.0099.9533,US GAAP 2023,10-Q,2023-05-17,2023-05-02 16:51:00,0001897982-23-000028,0001897982,"ASPEN TECHNOLOGY, INC.",0099
2056,http://www.sec.gov/Archives/edgar/data/829224/000082922423000037/sbux-20230402.htm,DQC.US.0099.9533,US GAAP 2022,10-Q,2023-05-04,2023-05-02 16:31:00,0000829224-23-000037,0000829224,Starbucks Corporation,0099
2057,http://www.sec.gov/Archives/edgar/data/89089/000008908923000034/sci-20230331.htm,DQC.US.0099.9533,US GAAP 2022,10-Q,2023-05-05,2023-05-02 15:48:00,0000089089-23-000034,0000089089,Service Corporation International,0099
2058,http://www.sec.gov/Archives/edgar/data/102212/000010221223000038/uvsp-20230331.htm,DQC.US.0099.9533,US GAAP 2022,10-Q,2023-05-04,2023-05-02 15:42:00,0000102212-23-000038,0000102212,UNIVEST FINANCIAL CORPORATION,0099
2059,http://www.sec.gov/Archives/edgar/data/1399306/000139930623000009/brbl-10k.htm,DQC.US.0099.9533,US GAAP 2022,10-K,2023-05-05,2023-05-02 15:20:00,0001399306-23-000009,0001399306,BREWBILT BREWING COMPANY,0099
2060,http://www.sec.gov/Archives/edgar/data/1680132/000139390523000197/csui-20220531.htm,DQC.US.0099.9533,US GAAP 2023,10-K/A,2023-05-17,2023-05-02 13:30:00,0001393905-23-000197,0001680132,CANNABIS SUISSE CORP.,0099
2061,http://www.sec.gov/Archives/edgar/data/26172/000002617223000016/cmi-20230331.htm,DQC.US.0099.9533,US GAAP 2022,10-Q,2023-05-02,2023-05-02 13:09:00,0000026172-23-000016,0000026172,CUMMINS INC.,0099
2062,http://www.sec.gov/Archives/edgar/data/1589150/000160706223000236/rgbp050123forms1a.htm,DQC.US.0099.9533,US GAAP 2022,S-1/A,2023-05-03,2023-05-02 13:06:00,0001607062-23-000236,0001589150,"REGEN BIOPHARMA, INC.",0099
2063,http://www.sec.gov/Archives/edgar/data/1499200/000149920023000005/spl-20230331.htm,DQC.US.0099.9533,US GAAP 2022,10-Q,2023-05-02,2023-05-01 19:01:00,0001499200-23-000005,0001499200,"Sabine Pass Liquefaction, LLC",0099
2064,http://www.sec.gov/Archives/edgar/data/1815566/000173112223000801/e4641_20f.htm,DQC.US.0099.9533,US GAAP 2022,20-F,2023-05-03,2023-05-01 17:19:00,0001731122-23-000801,0001815566,"Infobird Co., Ltd",0099
2065,http://www.sec.gov/Archives/edgar/data/1883814/000182912623003042/southlandhold_s1a.htm,DQC.US.0099.9533,US GAAP 2022,S-1/A,2023-05-03,2023-05-01 17:03:00,0001829126-23-003042,0001883814,"Southland Holdings, Inc.",0099
2066,http://www.sec.gov/Archives/edgar/data/1930419/000190359623000359/alr_20f.htm,DQC.US.0099.9533,US GAAP 2022,20-F,2023-05-03,2023-05-01 16:19:00,0001903596-23-000359,0001930419,ALR Technologies SG Ltd.,0099
2067,http://www.sec.gov/Archives/edgar/data/1730869/000147793223003007/ebi_10k.htm,DQC.US.0099.9533,US GAAP 2022,10-K,2023-05-03,2023-05-01 16:06:00,0001477932-23-003007,0001730869,"Everything Blockchain, Inc.",0099
2068,http://www.sec.gov/Archives/edgar/data/842517/000084251723000080/isba-20230331.htm,DQC.US.0099.9533,US GAAP 2022,10-Q,2023-05-02,2023-05-01 10:59:00,0000842517-23-000080,0000842517,ISABELLA BANK CORP,0099
2069,http://www.sec.gov/Archives/edgar/data/38777/000003877723000072/ben-20230331.htm,DQC.US.0099.9533,US GAAP 2022,10-Q,2023-05-03,2023-05-01 08:56:00,0000038777-23-000072,0000038777,"FRANKLIN RESOURCES, INC.",0099
2070,http://www.sec.gov/Archives/edgar/data/1119769/000117891323001573/zk2329353.htm,DQC.US.0099.9533,US GAAP 2022,20-F,2023-05-02,2023-05-01 06:10:00,0001178913-23-001573,0001119769,CERAGON NETWORKS LTD.,0099
2071,http://www.sec.gov/Archives/edgar/data/1738699/000119380523000625/e618522_20f-wisekey.htm,DQC.US.0099.9533,US GAAP 2022,20-F,2023-05-02,2023-04-28 17:25:00,0001193805-23-000625,0001738699,Wisekey International Holding S.A.,0099
2072,http://www.sec.gov/Archives/edgar/data/1084133/000126493123000015/real10k22.htm,DQC.US.0099.9533,US GAAP 2022,10-K,2023-05-02,2023-04-28 17:12:00,0001264931-23-000015,0001084133,REAL BRANDS INC.,0099
2073,http://www.sec.gov/Archives/edgar/data/1379041/000137904123000063/eig-20230331.htm,DQC.US.0099.9533,US GAAP 2022,10-Q,2023-05-01,2023-04-28 16:00:00,0001379041-23-000063,0001379041,"EMPLOYERS HOLDINGS, INC.",0099
2074,http://www.sec.gov/Archives/edgar/data/915389/000091538923000091/emn-20230331.htm,DQC.US.0099.9533,US GAAP 2023,10-Q,2023-05-17,2023-04-28 14:10:00,0000915389-23-000091,0000915389,EASTMAN CHEMICAL CO,0099
2075,http://www.sec.gov/Archives/edgar/data/799292/000079929223000048/mho-20230331.htm,DQC.US.0099.9533,US GAAP 2023,10-Q,2023-05-17,2023-04-28 09:45:00,0000799292-23-000048,0000799292,"M/I HOMES, INC.",0099
2076,http://www.sec.gov/Archives/edgar/data/1841209/000182912623002986/microcloud_10q.htm,DQC.US.0099.9533,US GAAP 2023,10-Q,2023-05-17,2023-04-28 07:38:00,0001829126-23-002986,0001841209,MicroCloud Hologram Inc.,0099
2077,http://www.sec.gov/Archives/edgar/data/1710350/000121390023033401/f20f2022_bitdigitalinc.htm,DQC.US.0099.9533,US GAAP 2022,20-F,2023-04-29,2023-04-27 20:10:00,0001213900-23-033401,0001710350,"Bit Digital, Inc.",0099
2078,http://www.sec.gov/Archives/edgar/data/7789/000000778923000035/asb-20230331.htm,DQC.US.0099.9533,US GAAP 2023,10-Q,2023-05-17,2023-04-27 16:17:00,0000007789-23-000035,0000007789,Associated Banc-Corp,0099
2079,http://www.sec.gov/Archives/edgar/data/1043509/000104350923000010/sah-20230331.htm,DQC.US.0099.9533,US GAAP 2022,10-Q,2023-04-28,2023-04-27 16:02:00,0001043509-23-000010,0001043509,"SONIC AUTOMOTIVE, INC.",0099
2080,http://www.sec.gov/Archives/edgar/data/92521/000009252123000008/sps-20230331.htm,DQC.US.0099.9533,US GAAP 2022,10-Q,2023-04-29,2023-04-27 16:00:00,0000092521-23-000008,0000092521,SOUTHWESTERN PUBLIC SERVICE CO,0099
2081,http://www.sec.gov/Archives/edgar/data/81018/000008101823000006/psco-20230331.htm,DQC.US.0099.9533,US GAAP 2022,10-Q,2023-04-28,2023-04-27 15:57:00,0000081018-23-000006,0000081018,PUBLIC SERVICE CO OF COLORADO,0099
2082,http://www.sec.gov/Archives/edgar/data/1123852/000112385223000007/nspm-20230331.htm,DQC.US.0099.9533,US GAAP 2022,10-Q,2023-04-29,2023-04-27 15:56:00,0001123852-23-000007,0001123852,NORTHERN STATES POWER CO,0099
2083,http://www.sec.gov/Archives/edgar/data/1530746/000190359623000342/kays_10k.htm,DQC.US.0099.9533,US GAAP 2022,10-K,2023-04-28,2023-04-27 14:51:00,0001903596-23-000342,0001530746,"KAYA HOLDINGS, INC.",0099
2084,http://www.sec.gov/Archives/edgar/data/1072725/000107272523000009/gdrzfform20f042723.htm,DQC.US.0099.9533,US GAAP 2022,20-F,2023-04-28,2023-04-27 14:26:00,0001072725-23-000009,0001072725,GOLD RESERVE LTD.,0099
2085,http://www.sec.gov/Archives/edgar/data/51644/000005164423000017/ipg-20230331.htm,DQC.US.0099.9533,US GAAP 2022,10-Q,2023-04-28,2023-04-27 12:25:00,0000051644-23-000017,0000051644,"INTERPUBLIC GROUP OF COMPANIES, INC.",0099
2086,http://www.sec.gov/Archives/edgar/data/916793/000117891323001545/zk2329567.htm,DQC.US.0099.9533,US GAAP 2022,20-F,2023-04-28,2023-04-27 09:42:00,0001178913-23-001545,0000916793,SILICOM LTD.,0099
2087,http://www.sec.gov/Archives/edgar/data/1045450/000104545023000039/epr-20230331.htm,DQC.US.0099.9533,US GAAP 2023,10-Q,2023-05-17,2023-04-27 09:25:00,0001045450-23-000039,0001045450,EPR PROPERTIES,0099
2088,http://www.sec.gov/Archives/edgar/data/1133421/000113342123000027/noc-20230331.htm,DQC.US.0099.9533,US GAAP 2022,10-Q,2023-04-27,2023-04-27 06:40:00,0001133421-23-000027,0001133421,NORTHROP GRUMMAN CORP /DE/,0099
2089,http://www.sec.gov/Archives/edgar/data/1882781/000159991623000092/c2blockq3o.htm,DQC.US.0099.9533,US GAAP 2022,10-Q,2023-04-28,2023-04-26 19:22:00,0001599916-23-000092,0001882781,"C2 Blockchain,Inc.",0099
2090,http://www.sec.gov/Archives/edgar/data/49600/000004960023000062/egp-20230331.htm,DQC.US.0099.9533,US GAAP 2021,10-Q,2023-04-27,2023-04-26 17:19:00,0000049600-23-000062,0000049600,"EASTGROUP PROPERTIES, INC.",0099
2091,http://www.sec.gov/Archives/edgar/data/1789330/000190359623000339/mjhi_10q.htm,DQC.US.0099.9533,US GAAP 2022,10-Q,2023-04-27,2023-04-26 16:41:00,0001903596-23-000339,0001789330,"MJ Harvest, Inc.",0099
2092,http://www.sec.gov/Archives/edgar/data/45012/000004501223000027/hal-20230331.htm,DQC.US.0099.9533,US GAAP 2022,10-Q,2023-04-26,2023-04-26 10:06:00,0000045012-23-000027,0000045012,HALLIBURTON COMPANY,0099
2093,http://www.sec.gov/Archives/edgar/data/1726079/000155889123000039/tpmf-20230331.htm,DQC.US.0099.9533,US GAAP 2023,10-Q,2023-05-17,2023-04-26 06:15:00,0001558891-23-000039,0001726079,"TIPMEFAST, INC.",0099
2094,http://www.sec.gov/Archives/edgar/data/101829/000010182923000015/rtx-20230331.htm,DQC.US.0099.9533,US GAAP 2022,10-Q,2023-04-26,2023-04-25 16:37:00,0000101829-23-000015,0000101829,RTX CORPORATION,0099
2095,http://www.sec.gov/Archives/edgar/data/1907730/000182912623002924/yottaacq_s4a.htm,DQC.US.0099.9533,US GAAP 2022,S-4/A,2023-04-26,2023-04-25 16:07:00,0001829126-23-002924,0001907730,Yotta Acquisition Corporation,0099
2096,http://www.sec.gov/Archives/edgar/data/921082/000092108223000041/hiw-20230331.htm,DQC.US.0099.9533,US GAAP 2022,10-Q,2023-04-26,2023-04-25 16:03:00,0000921082-23-000041,0000921082,"HIGHWOODS PROPERTIES, INC.",0099
2097,http://www.sec.gov/Archives/edgar/data/1751707/000160706223000231/unxp033123form10q.htm,DQC.US.0099.9533,US GAAP 2022,10-Q,2023-04-25,2023-04-25 12:45:00,0001607062-23-000231,0001751707,United Express Inc.,0099
2098,http://www.sec.gov/Archives/edgar/data/55785/000005578523000029/kmb-20230331.htm,DQC.US.0099.9533,US GAAP 2023,10-Q,2023-05-17,2023-04-25 10:20:00,0000055785-23-000029,0000055785,KIMBERLY-CLARK CORPORATION,0099
2099,http://www.sec.gov/Archives/edgar/data/1854863/000182912623002902/bluewhale1_10k.htm,DQC.US.0099.9533,US GAAP 2023,10-K,2023-05-17,2023-04-24 17:20:00,0001829126-23-002902,0001854863,Blue Whale Acquisition Corp I,0099
2100,http://www.sec.gov/Archives/edgar/data/1870144/000107997323000523/cdio_posam.htm,DQC.US.0099.9533,US GAAP 2022,POS AM,2023-04-25,2023-04-24 16:45:00,0001079973-23-000523,0001870144,"CARDIO DIAGNOSTICS HOLDINGS, INC.",0099
2101,http://www.sec.gov/Archives/edgar/data/1874138/000159991623000085/shgi_q323o.htm,DQC.US.0099.9533,US GAAP 2022,10-Q,2023-04-25,2023-04-24 15:57:00,0001599916-23-000085,0001874138,"Sparx     Holdings Group, Inc.",0099
2102,http://www.sec.gov/Archives/edgar/data/1590695/000175392623000492/tlcc-20230331.htm,DQC.US.0099.9533,US GAAP 2022,10-Q,2023-04-24,2023-04-24 15:41:00,0001753926-23-000492,0001590695,"Twinlab Consolidated Holdings, Inc.",0099
2103,http://www.sec.gov/Archives/edgar/data/1848672/000184867223000007/gdlg10k2023.htm,DQC.US.0099.9533,US GAAP 2023,10-K,2023-05-17,2023-04-24 06:47:00,0001848672-23-000007,0001848672,GLIDELOGIC CORP.,0099
2104,http://www.sec.gov/Archives/edgar/data/1309082/000147793223002800/cei_s4.htm,DQC.US.0099.9533,US GAAP 2022,S-4,2023-04-22,2023-04-21 16:53:00,0001477932-23-002800,0001309082,"Camber Energy, Inc.",0099
2105,http://www.sec.gov/Archives/edgar/data/1647822/000149315223013180/form10-q.htm,DQC.US.0099.9533,US GAAP 2023,10-Q,2023-05-17,2023-04-21 11:39:00,0001493152-23-013180,0001647822,"Jingbo Technology, Inc.",0099
2106,http://www.sec.gov/Archives/edgar/data/1360442/000109690623000879/cbds_10ka.htm,DQC.US.0099.9533,US GAAP 2022,10-K/A,2023-04-21,2023-04-20 15:03:00,0001096906-23-000879,0001360442,"Dogecoin Cash, Inc.",0099
2107,http://www.sec.gov/Archives/edgar/data/896494/000117891323001470/zk2329541.htm,DQC.US.0099.9533,US GAAP 2022,20-F,2023-04-20,2023-04-20 13:18:00,0001178913-23-001470,0000896494,Senstar Technologies Ltd.,0099
2108,http://www.sec.gov/Archives/edgar/data/1418819/000162828023012131/irdm-20230331.htm,DQC.US.0099.9533,US GAAP 2022,10-Q,2023-04-20,2023-04-20 07:02:00,0001628280-23-012131,0001418819,Iridium Communications Inc.,0099
2109,http://www.sec.gov/Archives/edgar/data/1680132/000139390523000179/csui-20230228.htm,DQC.US.0099.9533,US GAAP 2023,10-Q,2023-05-17,2023-04-19 17:14:00,0001393905-23-000179,0001680132,CANNABIS SUISSE CORP.,0099
2110,http://www.sec.gov/Archives/edgar/data/1847075/000121390023031047/f20f2022_saitech.htm,DQC.US.0099.9533,US GAAP 2022,20-F,2023-04-21,2023-04-19 16:36:00,0001213900-23-031047,0001847075,SAI.TECH GLOBAL CORPORATION,0099
2111,http://www.sec.gov/Archives/edgar/data/1493712/000139390523000177/cmxc-20220831.htm,DQC.US.0099.9533,US GAAP 2023,10-Q,2023-05-17,2023-04-19 16:30:00,0001393905-23-000177,0001493712,STIMCELL ENERGETICS INC.,0099
2112,http://www.sec.gov/Archives/edgar/data/1575295/000147793223002759/alid_10q.htm,DQC.US.0099.9533,US GAAP 2022,10-Q,2023-04-19,2023-04-19 14:46:00,0001477932-23-002759,0001575295,Allied Corp.,0099
2113,http://www.sec.gov/Archives/edgar/data/1350156/000126246323000031/paxh22823q.htm,DQC.US.0099.9533,US GAAP 2023,10-Q,2023-05-17,2023-04-19 11:41:00,0001262463-23-000031,0001350156,PREAXIA HEALTH CARE PAYMENT SYSTEMS INC.,0099
2114,http://www.sec.gov/Archives/edgar/data/1114936/000147793223002748/umewf_20f.htm,DQC.US.0099.9533,US GAAP 2022,20-F,2023-04-19,2023-04-19 11:20:00,0001477932-23-002748,0001114936,UMeWorld Limited,0099
2115,http://www.sec.gov/Archives/edgar/data/1602078/000107997323000496/nmrd_s1a.htm,DQC.US.0099.9533,US GAAP 2022,S-1/A,2023-04-18,2023-04-18 16:20:00,0001079973-23-000496,0001602078,NEMAURA MEDICAL INC.,0099
2116,http://www.sec.gov/Archives/edgar/data/920990/000147793223002709/wowi_10k.htm,DQC.US.0099.9533,US GAAP 2022,10-K,2023-04-18,2023-04-18 15:40:00,0001477932-23-002709,0000920990,"METRO ONE TELECOMMUNICATIONS, INC.",0099
2117,http://www.sec.gov/Archives/edgar/data/1589150/000160706223000215/rgbp033123form10q.htm,DQC.US.0099.9533,US GAAP 2023,10-Q,2023-05-17,2023-04-18 10:44:00,0001607062-23-000215,0001589150,"REGEN BIOPHARMA, INC.",0099
2118,http://www.sec.gov/Archives/edgar/data/1401521/000140152123000023/uihc-20221231.htm,DQC.US.0099.9533,US GAAP 2022,10-K,2023-04-18,2023-04-17 17:25:00,0001401521-23-000023,0001401521,American Coastal Insurance Corporation,0099
2119,http://www.sec.gov/Archives/edgar/data/896493/000121465923005525/p41123010k.htm,DQC.US.0099.9533,US GAAP 2022,10-K,2023-04-18,2023-04-17 17:22:00,0001214659-23-005525,0000896493,"HYPERSCALE DATA, INC.",0099
2120,http://www.sec.gov/Archives/edgar/data/1286648/000190359623000319/f10k_gz6gtechnolog.htm,DQC.US.0099.9533,US GAAP 2021,10-K,2023-04-18,2023-04-17 17:14:00,0001903596-23-000319,0001286648,GZ6G TECHNOLOGIES CORP.,0099
2121,http://www.sec.gov/Archives/edgar/data/1543652/000109690623000860/fflo-20221231.htm,DQC.US.0099.9533,US GAAP 2023,10-K,2023-05-17,2023-04-17 17:08:00,0001096906-23-000860,0001543652,Free Flow USA Inc.,0099
2122,http://www.sec.gov/Archives/edgar/data/1652539/000106299323009243/form10k.htm,DQC.US.0099.9533,US GAAP 2022,10-K,2023-04-18,2023-04-17 17:04:00,0001062993-23-009243,0001652539,SUSGLOBAL ENERGY CORP.,0099
2123,http://www.sec.gov/Archives/edgar/data/1648903/000147793223002666/fifg_10k.htm,DQC.US.0099.9533,US GAAP 2022,10-K,2023-04-18,2023-04-17 17:02:00,0001477932-23-002666,0001648903,"FIRST FOODS GROUP, INC.",0099
2124,http://www.sec.gov/Archives/edgar/data/1491487/000121390023030302/f10k2022_takungartcoltd.htm,DQC.US.0099.9533,US GAAP 2022,10-K,2023-04-18,2023-04-17 17:00:00,0001213900-23-030302,0001491487,"TAKUNG ART CO., LTD",0099
2125,http://www.sec.gov/Archives/edgar/data/1106213/000119983523000212/sfrx-10k.htm,DQC.US.0099.9533,US GAAP 2022,10-K/A,2023-04-18,2023-04-17 16:59:00,0001199835-23-000212,0001106213,SEAFARER EXPLORATION CORP.,0099
2126,http://www.sec.gov/Archives/edgar/data/1519177/000182912623002787/sollensyscorp_10k.htm,DQC.US.0099.9533,US GAAP 2023,10-K,2023-05-17,2023-04-17 16:53:00,0001829126-23-002787,0001519177,Sollensys Corp,0099
2127,http://www.sec.gov/Archives/edgar/data/1445109/000118518523000354/cleancoal20221231_10k.htm,DQC.US.0099.9533,US GAAP 2023,10-K,2023-05-17,2023-04-17 16:46:00,0001185185-23-000354,0001445109,"NEWSTREAM ENERGY TECHNOLOGIES GROUP, INC.",0099
2128,http://www.sec.gov/Archives/edgar/data/945617/000190359623000316/acc_10k.htm,DQC.US.0099.9533,US GAAP 2022,10-K,2023-04-18,2023-04-17 16:43:00,0001903596-23-000316,0000945617,"AMERICAN CANNABIS COMPANY, INC.",0099
2129,http://www.sec.gov/Archives/edgar/data/1796160/000109690623000853/qmis-20221231.htm,DQC.US.0099.9533,US GAAP 2023,10-K,2023-05-17,2023-04-17 16:31:00,0001096906-23-000853,0001796160,QMIS TBS CAPITAL GROUP CORP.,0099
2130,http://www.sec.gov/Archives/edgar/data/860543/000147793223002657/jksm_10k.htm,DQC.US.0099.9533,US GAAP 2022,10-K,2023-04-18,2023-04-17 16:14:00,0001477932-23-002657,0000860543,Jacksam Corporation,0099
2131,http://www.sec.gov/Archives/edgar/data/1376804/000182912623002781/vnue_10k.htm,DQC.US.0099.9533,US GAAP 2023,10-K,2023-05-17,2023-04-17 16:05:00,0001829126-23-002781,0001376804,"VNUE, INC.",0099
2132,http://www.sec.gov/Archives/edgar/data/1434737/000109690623000845/srsg-20221231.htm,DQC.US.0099.9533,US GAAP 2023,10-K,2023-05-17,2023-04-17 16:00:00,0001096906-23-000845,0001434737,"SPIRITS TIME INTERNATIONAL, INC.",0099
2133,http://www.sec.gov/Archives/edgar/data/894560/000109690623000832/both-20221231.htm,DQC.US.0099.9533,US GAAP 2023,10-K,2023-05-17,2023-04-17 14:48:00,0001096906-23-000832,0000894560,"BIOETHICS, LTD.",0099
2134,http://www.sec.gov/Archives/edgar/data/1442492/000119983523000209/lrdc-10q.htm,DQC.US.0099.9533,US GAAP 2022,10-Q/A,2023-04-17,2023-04-17 14:15:00,0001199835-23-000209,0001442492,"Laredo Oil, Inc.",0099
2135,http://www.sec.gov/Archives/edgar/data/845819/000151597123000048/ktel2022ye10k.htm,DQC.US.0099.9533,US GAAP 2022,10-K,2023-04-17,2023-04-17 12:57:00,0001515971-23-000048,0000845819,"KonaTel, Inc.",0099
2136,http://www.sec.gov/Archives/edgar/data/1842563/000184256323000006/gogo_10k2022.htm,DQC.US.0099.9533,US GAAP 2022,10-K,2023-04-17,2023-04-17 11:47:00,0001842563-23-000006,0001842563,"GO GO BUYERS, INC.",0099
2137,http://www.sec.gov/Archives/edgar/data/1113313/000160706223000201/avni123123form10k.htm,DQC.US.0099.9533,US GAAP 2022,10-K,2023-04-17,2023-04-17 08:50:00,0001607062-23-000201,0001113313,ARVANA INC.,0099
2138,http://www.sec.gov/Archives/edgar/data/1862068/000182912623002766/rubicontech_s1a.htm,DQC.US.0099.9533,US GAAP 2023,S-1/A,2023-05-17,2023-04-14 21:08:00,0001829126-23-002766,0001862068,"Rubicon Technologies, Inc.",0099
2139,http://www.sec.gov/Archives/edgar/data/1578329/000118518523000348/apex1120221231_10k.htm,DQC.US.0099.9533,US GAAP 2023,10-K,2023-05-17,2023-04-14 18:36:00,0001185185-23-000348,0001578329,APEX 11 INC.,0099
2140,http://www.sec.gov/Archives/edgar/data/1877788/000187778823000010/bnow-10k.htm,DQC.US.0099.9533,US GAAP 2022,10-K,2023-04-17,2023-04-14 18:15:00,0001877788-23-000010,0001877788,CuraScientific Corp.,0099
2141,http://www.sec.gov/Archives/edgar/data/1088413/000149315223012369/form10-q.htm,DQC.US.0099.9533,US GAAP 2023,10-Q,2023-05-17,2023-04-14 17:12:00,0001493152-23-012369,0001088413,"GREYSTONE LOGISTICS, INC.",0099
2142,http://www.sec.gov/Archives/edgar/data/1009829/000118518523000342/jakkspacif20221231_10k.htm,DQC.US.0099.9533,US GAAP 2022,10-K,2023-04-15,2023-04-14 16:58:00,0001185185-23-000342,0001009829,"JAKKS PACIFIC, INC.",0099
2143,http://www.sec.gov/Archives/edgar/data/1471781/000173112223000664/e4603_10ka.htm,DQC.US.0099.9533,US GAAP 2022,10-K/A,2023-04-15,2023-04-14 16:36:00,0001731122-23-000664,0001471781,GBT TECHNOLOGIES INC.,0099
2144,http://www.sec.gov/Archives/edgar/data/1605331/000166357723000198/abqq10q022823.htm,DQC.US.0099.9533,US GAAP 2023,10-Q,2023-05-17,2023-04-14 16:34:00,0001663577-23-000198,0001605331,AB International Group Corp.,0099
2145,http://www.sec.gov/Archives/edgar/data/896493/000121465923005422/p4523010ka1dec2021.htm,DQC.US.0099.9533,US GAAP 2021,10-K/A,2023-04-15,2023-04-14 16:32:00,0001214659-23-005422,0000896493,"HYPERSCALE DATA, INC.",0099
2146,http://www.sec.gov/Archives/edgar/data/896493/000121465923005425/r4523110qa1sept2022.htm,DQC.US.0099.9533,US GAAP 2022,10-Q/A,2023-04-15,2023-04-14 16:32:00,0001214659-23-005425,0000896493,"HYPERSCALE DATA, INC.",0099
2147,http://www.sec.gov/Archives/edgar/data/896493/000121465923005423/p4523010qa1mar2022.htm,DQC.US.0099.9533,US GAAP 2022,10-Q/A,2023-04-15,2023-04-14 16:31:00,0001214659-23-005423,0000896493,"HYPERSCALE DATA, INC.",0099
2148,http://www.sec.gov/Archives/edgar/data/1527702/000166357723000196/iqst10k123122.htm,DQC.US.0099.9533,US GAAP 2022,10-K,2023-04-15,2023-04-14 16:25:00,0001663577-23-000196,0001527702,iQSTEL Inc.,0099
2149,http://www.sec.gov/Archives/edgar/data/1627469/000159991623000082/photozou_10q123o.htm,DQC.US.0099.9533,US GAAP 2022,10-Q,2023-04-14,2023-04-14 14:47:00,0001599916-23-000082,0001627469,"Photozou     Holdings, Inc.",0099
2150,http://www.sec.gov/Archives/edgar/data/1348362/000164033423000636/lxrp_10q.htm,DQC.US.0099.9533,US GAAP 2022,10-Q,2023-04-14,2023-04-14 12:44:00,0001640334-23-000636,0001348362,Lexaria Bioscience Corp,0099
2151,http://www.sec.gov/Archives/edgar/data/1922981/000147793223002524/diligent_10qa.htm,DQC.US.0099.9533,US GAAP 2022,10-Q/A,2023-04-14,2023-04-14 09:44:00,0001477932-23-002524,0001922981,"DILIGENT CAPITAL HOLDINGS, INC.",0099
2152,http://www.sec.gov/Archives/edgar/data/1922981/000147793223002522/diligent_10qa.htm,DQC.US.0099.9533,US GAAP 2022,10-Q/A,2023-04-14,2023-04-14 09:43:00,0001477932-23-002522,0001922981,"DILIGENT CAPITAL HOLDINGS, INC.",0099
2153,http://www.sec.gov/Archives/edgar/data/1901886/000182912623002706/aurafatacqcorp_10q.htm,DQC.US.0099.9533,US GAAP 2023,10-Q,2023-05-17,2023-04-13 18:03:00,0001829126-23-002706,0001901886,AURA FAT PROJECTS ACQUISITION CORP,0099
2154,http://www.sec.gov/Archives/edgar/data/1425627/000147793223002492/sobr_s1.htm,DQC.US.0099.9533,US GAAP 2022,S-1,2023-04-13,2023-04-13 17:23:00,0001477932-23-002492,0001425627,"SOBR SAFE, INC.",0099
2155,http://www.sec.gov/Archives/edgar/data/709005/000165495423004699/btbd_10k.htm,DQC.US.0099.9533,US GAAP 2022,10-K,2023-04-13,2023-04-13 16:19:00,0001654954-23-004699,0000709005,"NOBLE ROMAN’S, INC.",0099
2156,http://www.sec.gov/Archives/edgar/data/1703157/000101738623000145/scth_form10k12312022.htm,DQC.US.0099.9533,US GAAP 2022,10-K,2023-04-13,2023-04-13 15:46:00,0001017386-23-000145,0001703157,"SecureTech Innovations, Inc.",0099
2157,http://www.sec.gov/Archives/edgar/data/1787123/000147793223002473/lqly_10q.htm,DQC.US.0099.9533,US GAAP 2022,10-Q,2023-04-13,2023-04-13 14:04:00,0001477932-23-002473,0001787123,QLY BIOTECH GROUP CORP.,0099
2158,http://www.sec.gov/Archives/edgar/data/1753373/000175337323000009/inky10q_feb23.htm,DQC.US.0099.9533,US GAAP 2023,10-Q,2023-05-17,2023-04-13 11:45:00,0001753373-23-000009,0001753373,"M2I     GLOBAL, INC.",0099
2159,http://www.sec.gov/Archives/edgar/data/1781629/000178162923000010/form10q_28022023.htm,DQC.US.0099.9533,US GAAP 2023,10-Q,2023-05-17,2023-04-13 11:13:00,0001781629-23-000010,0001781629,"ANKAM, INC.",0099
2160,http://www.sec.gov/Archives/edgar/data/1170010/000117001023000010/kmx-20230228.htm,DQC.US.0099.9533,US GAAP 2022,10-K,2023-04-13,2023-04-13 11:03:00,0001170010-23-000010,0001170010,"CARMAX, INC.",0099
2161,http://www.sec.gov/Archives/edgar/data/1377630/000137763023000061/ncmi-20221229.htm,DQC.US.0099.9533,US GAAP 2022,10-K,2023-04-13,2023-04-13 08:12:00,0001377630-23-000061,0001377630,"NATIONAL CINEMEDIA, INC.",0099
2162,http://www.sec.gov/Archives/edgar/data/1589150/000160706223000197/rgbp041123forms1.htm,DQC.US.0099.9533,US GAAP 2023,S-1,2023-05-17,2023-04-13 06:28:00,0001607062-23-000197,0001589150,"REGEN BIOPHARMA, INC.",0099
2163,http://www.sec.gov/Archives/edgar/data/1497649/000190359623000299/gstx_10k.htm,DQC.US.0099.9533,US GAAP 2022,10-K,2023-04-12,2023-04-12 14:26:00,0001903596-23-000299,0001497649,GRAPHENE & SOLAR TECHNOLOGIES LTD,0099
2164,http://www.sec.gov/Archives/edgar/data/1758699/000175869923000007/trso_10q.htm,DQC.US.0099.9533,US GAAP 2023,10-Q,2023-05-17,2023-04-12 13:10:00,0001758699-23-000007,0001758699,TRANSUITE.ORG INC.,0099
2165,http://www.sec.gov/Archives/edgar/data/1471781/000173112223000637/e4542_10k.htm,DQC.US.0099.9533,US GAAP 2022,10-K,2023-04-12,2023-04-12 08:21:00,0001731122-23-000637,0001471781,GBT TECHNOLOGIES INC.,0099
2166,http://www.sec.gov/Archives/edgar/data/891417/000149315223011856/form10-k.htm,DQC.US.0099.9533,US GAAP 2022,10-K,2023-04-11,2023-04-11 17:06:00,0001493152-23-011856,0000891417,Nano Magic Inc.,0099
2167,http://www.sec.gov/Archives/edgar/data/1346022/000106299323008982/form10q.htm,DQC.US.0099.9533,US GAAP 2022,10-Q,2023-04-10,2023-04-10 14:53:00,0001062993-23-008982,0001346022,ENERTOPIA CORP.,0099
2168,http://www.sec.gov/Archives/edgar/data/1145604/000182646623000014/nika-20221231x10k.htm,DQC.US.0099.9533,US GAAP 2022,10-K,2023-04-10,2023-04-10 12:04:00,0001826466-23-000014,0001145604,"NIKA PHARMACEUTICALS,  INC.",0099
2169,http://www.sec.gov/Archives/edgar/data/1522222/000118518523000318/cls20230228_10q.htm,DQC.US.0099.9533,US GAAP 2023,10-Q,2023-05-17,2023-04-10 08:16:00,0001185185-23-000318,0001522222,"CLS HOLDINGS USA, INC.",0099
2170,http://www.sec.gov/Archives/edgar/data/1496383/000166357723000157/ilus10k123122.htm,DQC.US.0099.9533,US GAAP 2022,10-K,2023-04-10,2023-04-10 06:33:00,0001663577-23-000157,0001496383,"Ilustrato Pictures International, Inc.",0099
2171,http://www.sec.gov/Archives/edgar/data/1717556/000149315223011604/form10-q.htm,DQC.US.0099.9533,US GAAP 2022,10-Q,2023-04-10,2023-04-07 19:38:00,0001493152-23-011604,0001717556,"VINCO VENTURES, INC.",0099
2172,http://www.sec.gov/Archives/edgar/data/1563298/000107997323000464/eawd_s1.htm,DQC.US.0099.9533,US GAAP 2022,S-1/A,2023-04-10,2023-04-07 18:53:00,0001079973-23-000464,0001563298,ENERGY AND WATER DEVELOPMENT CORP.,0099
2173,http://www.sec.gov/Archives/edgar/data/1641751/000164175123000012/bbrw-10k.htm,DQC.US.0099.9533,US GAAP 2022,10-K,2023-04-10,2023-04-07 17:44:00,0001641751-23-000012,0001641751,BrewBilt Manufacturing Inc.,0099
2174,http://www.sec.gov/Archives/edgar/data/1493712/000139390523000167/cmxc-20220531.htm,DQC.US.0099.9533,US GAAP 2023,10-K,2023-05-17,2023-04-07 15:03:00,0001393905-23-000167,0001493712,STIMCELL ENERGETICS INC.,0099
2175,http://www.sec.gov/Archives/edgar/data/1308569/000164033423000584/mlfb_s1.htm,DQC.US.0099.9533,US GAAP 2022,S-1,2023-04-06,2023-04-05 18:54:00,0001640334-23-000584,0001308569,"Major League Football, Inc.",0099
2176,http://www.sec.gov/Archives/edgar/data/1495584/000139834423007141/fp0082974-1_10ka.htm,DQC.US.0099.9533,US GAAP 2022,10-K/A,2023-04-06,2023-04-05 17:03:00,0001398344-23-007141,0001495584,"Firsthand Technology Value Fund, Inc.",0099
2177,http://www.sec.gov/Archives/edgar/data/1870144/000107997323000447/cdio_s1.htm,DQC.US.0099.9533,US GAAP 2023,S-1,2023-05-17,2023-04-05 16:46:00,0001079973-23-000447,0001870144,"CARDIO DIAGNOSTICS HOLDINGS, INC.",0099
2178,http://www.sec.gov/Archives/edgar/data/1025561/000165495423004409/sbet_10k.htm,DQC.US.0099.9533,US GAAP 2022,10-K,2023-04-05,2023-04-04 21:42:00,0001654954-23-004409,0001025561,SHARPLINK GAMING LTD.,0099
2179,http://www.sec.gov/Archives/edgar/data/1763657/000147793223002243/owvi_10k.htm,DQC.US.0099.9533,US GAAP 2022,10-K,2023-04-04,2023-04-04 17:18:00,0001477932-23-002243,0001763657,"ONE WORLD VENTURES, INC.",0099
2180,http://www.sec.gov/Archives/edgar/data/1811530/000159991623000079/nxmh10q323rf.htm,DQC.US.0099.9533,US GAAP 2022,10-Q/A,2023-04-04,2023-04-04 17:08:00,0001599916-23-000079,0001811530,"Next Meats Holdings, Inc.",0099
2181,http://www.sec.gov/Archives/edgar/data/1672886/000107997323000433/zhongyuan_f1a.htm,DQC.US.0099.9533,US GAAP 2022,F-1/A,2023-04-05,2023-04-04 16:43:00,0001079973-23-000433,0001672886,ZHONG YUAN BIO-TECHNOLOGY HOLDINGS LIMITED,0099
2182,http://www.sec.gov/Archives/edgar/data/1392545/000089016323000019/lgtg-20211231.xml,DQC.US.0099.9533,US GAAP 2021,10-K,2023-04-04,2023-04-04 16:06:00,0000890163-23-000019,0001392545,"Lightning Gaming, Inc.",0099
2183,http://www.sec.gov/Archives/edgar/data/1811530/000159991623000077/nxmh10q323rf.htm,DQC.US.0099.9533,US GAAP 2022,10-Q,2023-04-04,2023-04-04 12:35:00,0001599916-23-000077,0001811530,"Next Meats Holdings, Inc.",0099
2184,http://www.sec.gov/Archives/edgar/data/1864032/000121465923004745/adrt21623010k.htm,DQC.US.0099.9533,US GAAP 2022,10-K,2023-04-04,2023-04-03 21:42:00,0001214659-23-004745,0001864032,Ault Disruptive Technologies Corporation,0099
2185,http://www.sec.gov/Archives/edgar/data/1860514/000182912623002537/tkbcriticaltech1_10k.htm,DQC.US.0099.9533,US GAAP 2022,10-K,2023-04-04,2023-04-03 20:52:00,0001829126-23-002537,0001860514,ROTH CH ACQUISITION CO.,0099
2186,http://www.sec.gov/Archives/edgar/data/1819615/000121390023026539/posam2023a4_clever.htm,DQC.US.0099.9533,US GAAP 2023,POS AM,2023-05-17,2023-04-03 19:24:00,0001213900-23-026539,0001819615,Clever Leaves Holdings Inc.,0099
2187,http://www.sec.gov/Archives/edgar/data/1551887/000139390523000163/dusyf-20230131.htm,DQC.US.0099.9533,US GAAP 2023,10-Q,2023-05-17,2023-04-03 16:45:00,0001393905-23-000163,0001551887,DUESENBERG TECHNOLOGIES INC.,0099
2188,http://www.sec.gov/Archives/edgar/data/1765826/000159991623000072/blubuzzard_10krevf.htm,DQC.US.0099.9533,US GAAP 2022,10-K,2023-04-03,2023-04-03 13:59:00,0001599916-23-000072,0001765826,"Blubuzzard, Inc.",0099
2189,http://www.sec.gov/Archives/edgar/data/1876945/000165495423004186/tpco_10k.htm,DQC.US.0099.9533,US GAAP 2022,10-K,2023-04-03,2023-04-03 09:06:00,0001654954-23-004186,0001876945,Gold Flora Corporation,0099
2190,http://www.sec.gov/Archives/edgar/data/1494413/000126246323000022/twoh202210k.htm,DQC.US.0099.9533,US GAAP 2022,10-K,2023-04-03,2023-04-03 07:05:00,0001262463-23-000022,0001494413,TWO HANDS CORPORATION,0099
2191,http://www.sec.gov/Archives/edgar/data/1495584/000139834423006860/fp0081632-2_10k.htm,DQC.US.0099.9533,US GAAP 2022,10-K,2023-04-02,2023-03-31 17:27:00,0001398344-23-006860,0001495584,"Firsthand Technology Value Fund, Inc.",0099
2192,http://www.sec.gov/Archives/edgar/data/1883814/000182912623002514/southlandhold_s1.htm,DQC.US.0099.9533,US GAAP 2022,S-1,2023-04-01,2023-03-31 17:21:00,0001829126-23-002514,0001883814,"Southland Holdings, Inc.",0099
2193,http://www.sec.gov/Archives/edgar/data/1495231/000149523123000040/izea-20221231.htm,DQC.US.0099.9533,US GAAP 2021,10-K,2023-04-01,2023-03-31 17:20:00,0001495231-23-000040,0001495231,"IZEA WORLDWIDE, INC.",0099
2194,http://www.sec.gov/Archives/edgar/data/1563298/000155335023000245/eawd_10k.htm,DQC.US.0099.9533,US GAAP 2022,10-K,2023-04-01,2023-03-31 17:19:00,0001553350-23-000245,0001563298,ENERGY AND WATER DEVELOPMENT CORP.,0099
2195,http://www.sec.gov/Archives/edgar/data/887396/000107261323000285/empire_form10k123122.htm,DQC.US.0099.9533,US GAAP 2022,10-K,2023-04-01,2023-03-31 17:12:00,0001072613-23-000285,0000887396,EMPIRE PETROLEUM CORPORATION,0099
2196,http://www.sec.gov/Archives/edgar/data/1500305/000149315223010392/form10-k.htm,DQC.US.0099.9533,US GAAP 2022,10-K,2023-04-01,2023-03-31 17:05:00,0001493152-23-010392,0001500305,Sustainable     Projects group Inc.,0099
2197,http://www.sec.gov/Archives/edgar/data/1485074/000147793223002129/frzt_10k.htm,DQC.US.0099.9533,US GAAP 2022,10-K,2023-04-01,2023-03-31 17:00:00,0001477932-23-002129,0001485074,"FREEZE TAG, Inc.",0099
2198,http://www.sec.gov/Archives/edgar/data/1308106/000162828023010204/sp-20221231.htm,DQC.US.0099.9533,US GAAP 2021,20-F,2023-04-01,2023-03-31 16:54:00,0001628280-23-010204,0001308106,SEAPEAK LLC,0099
2199,http://www.sec.gov/Archives/edgar/data/792935/000190359623000263/grst_10k.htm,DQC.US.0099.9533,US GAAP 2022,10-K,2023-04-01,2023-03-31 16:51:00,0001903596-23-000263,0000792935,ETHEMA HEALTH CORPORATION.,0099
2200,http://www.sec.gov/Archives/edgar/data/1089907/000155278123000219/e23137_swkh-10k.htm,DQC.US.0099.9533,US GAAP 2022,10-K,2023-04-01,2023-03-31 16:48:00,0001552781-23-000219,0001089907,SWK HOLDINGS CORPORATION,0099
2201,http://www.sec.gov/Archives/edgar/data/1187953/000147793223002123/celz_10k.htm,DQC.US.0099.9533,US GAAP 2022,10-K,2023-04-01,2023-03-31 16:46:00,0001477932-23-002123,0001187953,"CREATIVE MEDICAL TECHNOLOGY HOLDINGS, INC.",0099
2202,http://www.sec.gov/Archives/edgar/data/1870144/000107997323000412/cdio_10k-123122.htm,DQC.US.0099.9533,US GAAP 2022,10-K,2023-04-01,2023-03-31 16:46:00,0001079973-23-000412,0001870144,"CARDIO DIAGNOSTICS HOLDINGS, INC.",0099
2203,http://www.sec.gov/Archives/edgar/data/894556/000164033423000526/gevi_10k.htm,DQC.US.0099.9533,US GAAP 2022,10-K,2023-03-31,2023-03-31 16:42:00,0001640334-23-000526,0000894556,"General Enterprise Ventures, Inc.",0099
2204,http://www.sec.gov/Archives/edgar/data/1106213/000119983523000190/sfrx-10k.htm,DQC.US.0099.9533,US GAAP 2022,10-K,2023-03-31,2023-03-31 16:38:00,0001199835-23-000190,0001106213,SEAFARER EXPLORATION CORP.,0099
2205,http://www.sec.gov/Archives/edgar/data/1138476/000118518523000301/pacifichco20221231_10k.htm,DQC.US.0099.9533,US GAAP 2022,10-K,2023-04-01,2023-03-31 16:25:00,0001185185-23-000301,0001138476,"PACIFIC HEALTH CARE ORGANIZATION, INC.",0099
2206,http://www.sec.gov/Archives/edgar/data/1524872/000168316823002080/thunder_i10k-123122.htm,DQC.US.0099.9533,US GAAP 2022,10-K,2023-04-01,2023-03-31 16:24:00,0001683168-23-002080,0001524872,THUNDER ENERGIES CORPORATION,0099
2207,http://www.sec.gov/Archives/edgar/data/1790169/000147793223002112/flora_10k.htm,DQC.US.0099.9533,US GAAP 2022,10-K,2023-04-01,2023-03-31 16:16:00,0001477932-23-002112,0001790169,Flora Growth Corp.,0099
2208,http://www.sec.gov/Archives/edgar/data/1840425/000089843223000193/blac-20221231.htm,DQC.US.0099.9533,US GAAP 2022,10-K,2023-04-01,2023-03-31 16:15:00,0000898432-23-000193,0001840425,BELLEVUE LIFE SCIENCES ACQUISITION CORP.,0099
2209,http://www.sec.gov/Archives/edgar/data/1553788/000173112223000543/e4403_10k.htm,DQC.US.0099.9533,US GAAP 2022,10-K,2023-04-01,2023-03-31 16:12:00,0001731122-23-000543,0001553788,"SPLASH     BEVERAGE GROUP, INC.",0099
2210,http://www.sec.gov/Archives/edgar/data/1961/000126493123000006/wdddk22.htm,DQC.US.0099.9533,US GAAP 2022,10-K,2023-04-01,2023-03-31 16:11:00,0001264931-23-000006,0000001961,WORLDS INC.,0099
2211,http://www.sec.gov/Archives/edgar/data/1350073/000147793223002106/icnb_10k.htm,DQC.US.0099.9533,US GAAP 2022,10-K,2023-03-31,2023-03-31 16:07:00,0001477932-23-002106,0001350073,"ICONIC BRANDS, INC.",0099
2212,http://www.sec.gov/Archives/edgar/data/1590715/000147793223002105/arec_10k.htm,DQC.US.0099.9533,US GAAP 2022,10-K,2023-04-01,2023-03-31 16:07:00,0001477932-23-002105,0001590715,AMERICAN RESOURCES CORPORATION,0099
2213,http://www.sec.gov/Archives/edgar/data/1735041/000121390023025456/f10k2022_greenlandtech.htm,DQC.US.0099.9533,US GAAP 2022,10-K,2023-04-01,2023-03-31 16:06:00,0001213900-23-025456,0001735041,GREENLAND TECHNOLOGIES HOLDING CORPORATION,0099
2214,http://www.sec.gov/Archives/edgar/data/1498148/000116169723000205/s-1.htm,DQC.US.0099.9533,US GAAP 2022,S-1,2023-04-01,2023-03-31 16:04:00,0001161697-23-000205,0001498148,ARTIFICIAL     INTELLIGENCE TECHNOLOGY SOLUTIONS INC.,0099
2215,http://www.sec.gov/Archives/edgar/data/1339688/000106299323008192/form10k.htm,DQC.US.0099.9533,US GAAP 2022,10-K,2023-03-31,2023-03-31 16:00:00,0001062993-23-008192,0001339688,Lion Copper and Gold Corp.,0099
2216,http://www.sec.gov/Archives/edgar/data/1163389/000190359623000257/npbs_10k.htm,DQC.US.0099.9533,US GAAP 2022,10-K,2023-04-01,2023-03-31 15:56:00,0001903596-23-000257,0001163389,"NEW PEOPLES BANKSHARES, INC.",0099
2217,http://www.sec.gov/Archives/edgar/data/1072842/000118518523000295/firstcap20221231_10k.htm,DQC.US.0099.9533,US GAAP 2022,10-K,2023-04-01,2023-03-31 15:49:00,0001185185-23-000295,0001072842,"First Capital International, Inc.",0099
2218,http://www.sec.gov/Archives/edgar/data/1062506/000154812323000062/alda10k123122.htm,DQC.US.0099.9533,US GAAP 2022,10-K,2023-04-01,2023-03-31 15:47:00,0001548123-23-000062,0001062506,ATLANTICA INC.,0099
2219,http://www.sec.gov/Archives/edgar/data/1393772/000119983523000186/weed-10k.htm,DQC.US.0099.9533,US GAAP 2022,10-K,2023-04-01,2023-03-31 15:35:00,0001199835-23-000186,0001393772,"WEED, INC.",0099
2220,http://www.sec.gov/Archives/edgar/data/1425627/000147793223002085/sobr_10k.htm,DQC.US.0099.9533,US GAAP 2022,10-K,2023-04-01,2023-03-31 15:35:00,0001477932-23-002085,0001425627,"SOBR SAFE, INC.",0099
2221,http://www.sec.gov/Archives/edgar/data/1324759/000149315223010175/form10-k.htm,DQC.US.0099.9533,US GAAP 2022,10-K,2023-04-01,2023-03-31 15:30:00,0001493152-23-010175,0001324759,HONG YUAN HOLDING GROUP,0099
2222,http://www.sec.gov/Archives/edgar/data/1817218/000121390023025363/f10k2022_convexity.htm,DQC.US.0099.9533,US GAAP 2022,10-K,2023-04-01,2023-03-31 15:23:00,0001213900-23-025363,0001817218,ConvexityShares Trust,0099
2223,http://www.sec.gov/Archives/edgar/data/1468910/000182912623002490/millburnmulti_10k.htm,DQC.US.0099.9533,US GAAP 2022,10-K,2023-04-01,2023-03-31 15:05:00,0001829126-23-002490,0001468910,MILLBURN MULTI-MARKETS FUND L.P.,0099
2224,http://www.sec.gov/Archives/edgar/data/814926/000190359623000255/capc_10-k.htm,DQC.US.0099.9533,US GAAP 2022,10-K,2023-04-01,2023-03-31 14:56:00,0001903596-23-000255,0000814926,"CAPSTONE COMPANIES, INC.",0099
2225,http://www.sec.gov/Archives/edgar/data/1688487/000121390023025300/f10k2022_metaurusequity.htm,DQC.US.0099.9533,US GAAP 2022,10-K,2023-04-01,2023-03-31 14:45:00,0001213900-23-025300,0001688487,METAURUS EQUITY COMPONENT TRUST,0099
2226,http://www.sec.gov/Archives/edgar/data/1766526/000118518523000285/tectonic20221231_10k.htm,DQC.US.0099.9533,US GAAP 2022,10-K,2023-04-01,2023-03-31 14:01:00,0001185185-23-000285,0001766526,"Tectonic Financial, Inc.",0099
2227,http://www.sec.gov/Archives/edgar/data/312257/000118518523000284/innovfood20221231_10k.htm,DQC.US.0099.9533,US GAAP 2022,10-K,2023-04-01,2023-03-31 13:56:00,0001185185-23-000284,0000312257,"Innovative Food Holdings, Inc.",0099
2228,http://www.sec.gov/Archives/edgar/data/66496/000119312523087385/d451391d10k.htm,DQC.US.0099.9533,US GAAP 2022,10-K,2023-04-01,2023-03-31 12:08:00,0001193125-23-087385,0000066496,MILLS MUSIC TRUST,0099
2229,http://www.sec.gov/Archives/edgar/data/1903709/000149315223010001/formf-1a.htm,DQC.US.0099.9533,US GAAP 2022,F-1/A,2023-04-01,2023-03-31 10:49:00,0001493152-23-010001,0001903709,ANGKASA-X HOLDINGS CORP.,0099
2230,http://www.sec.gov/Archives/edgar/data/81157/000165495423004006/pgai_10k.htm,DQC.US.0099.9533,US GAAP 2022,10-K,2023-04-01,2023-03-31 10:29:00,0001654954-23-004006,0000081157,PGI INCORPORATED,0099
2231,http://www.sec.gov/Archives/edgar/data/1737523/000147793223002002/bion_10k.htm,DQC.US.0099.9533,US GAAP 2022,10-K,2023-04-01,2023-03-31 09:57:00,0001477932-23-002002,0001737523,BioNexus Gene Lab Corp.,0099
2232,http://www.sec.gov/Archives/edgar/data/1621221/000164033423000509/artl_10k.htm,DQC.US.0099.9533,US GAAP 2022,10-K,2023-03-31,2023-03-31 08:03:00,0001640334-23-000509,0001621221,"ARTELO BIOSCIENCES, INC.",0099
2233,http://www.sec.gov/Archives/edgar/data/1842498/000117891323001248/zk2329446.htm,DQC.US.0099.9533,US GAAP 2022,20-F,2023-03-31,2023-03-31 07:30:00,0001178913-23-001248,0001842498,OTONOMO TECHNOLOGIES LTD.,0099
2234,http://www.sec.gov/Archives/edgar/data/1417664/000121465923004552/p32923710k.htm,DQC.US.0099.9533,US GAAP 2022,10-K,2023-03-31,2023-03-31 07:02:00,0001214659-23-004552,0001417664,"Value Exchange International, Inc.",0099
2235,http://www.sec.gov/Archives/edgar/data/1433551/000149315223009890/form10-k.htm,DQC.US.0099.9533,US GAAP 2022,10-K,2023-03-31,2023-03-31 06:30:00,0001493152-23-009890,0001433551,SINO GREEN LAND CORPORATION,0099
2236,http://www.sec.gov/Archives/edgar/data/1541165/000182912623002453/one4art_10ka.htm,DQC.US.0099.9533,US GAAP 2022,10-K/A,2023-04-01,2023-03-31 06:05:00,0001829126-23-002453,0001541165,ONE 4 ART LIMITED,0099
2237,http://www.sec.gov/Archives/edgar/data/1838128/000165495423003957/lowlf_10k.htm,DQC.US.0099.9533,US GAAP 2022,10-K,2023-04-01,2023-03-30 20:31:00,0001654954-23-003957,0001838128,Lowell Farms Inc.,0099
2238,http://www.sec.gov/Archives/edgar/data/944075/000094407523000025/k10-2022.htm,DQC.US.0099.9533,US GAAP 2022,10-K,2023-04-01,2023-03-30 18:14:00,0000944075-23-000025,0000944075,"SOCKET
MOBILE, INC.",0099
2239,http://www.sec.gov/Archives/edgar/data/1575659/000139390523000156/rtsl-20221231.htm,DQC.US.0099.9533,US GAAP 2023,10-K,2023-05-18,2023-03-30 17:08:00,0001393905-23-000156,0001575659,"Rapid Therapeutic Science Laboratories, Inc.",0099
2240,http://www.sec.gov/Archives/edgar/data/1431074/000139390523000154/brgo-20221231.htm,DQC.US.0099.9533,US GAAP 2023,10-K,2023-05-18,2023-03-30 16:12:00,0001393905-23-000154,0001431074,"BERGIO INTERNATIONAL, INC.",0099
2241,http://www.sec.gov/Archives/edgar/data/1594204/000121465923004487/z32323010k.htm,DQC.US.0099.9533,US GAAP 2022,10-K,2023-03-31,2023-03-30 16:12:00,0001214659-23-004487,0001594204,ZHEN DING RESOURCES INC.,0099
2242,http://www.sec.gov/Archives/edgar/data/1882464/000182912623002428/metalskystar_10k.htm,DQC.US.0099.9533,US GAAP 2022,10-K,2023-03-31,2023-03-30 16:10:00,0001829126-23-002428,0001882464,METAL SKY STAR ACQUISITION CORPORATION,0099
2243,http://www.sec.gov/Archives/edgar/data/1894954/000190359623000244/xpon_10k.htm,DQC.US.0099.9533,US GAAP 2022,10-K,2023-03-31,2023-03-30 16:08:00,0001903596-23-000244,0001894954,EXPION360 INC.,0099
2244,http://www.sec.gov/Archives/edgar/data/1856724/000114036123014811/brhc10049810_10k.htm,DQC.US.0099.9533,US GAAP 2022,10-K,2023-03-31,2023-03-30 16:06:00,0001140361-23-014811,0001856724,Bullpen Parlay Acquisition Company,0099
2245,http://www.sec.gov/Archives/edgar/data/744187/000093041323001143/c106065_10k-ixbrl.htm,DQC.US.0099.9533,US GAAP 2022,10-K,2023-03-31,2023-03-30 15:17:00,0000930413-23-001143,0000744187,REX AMERICAN RESOURCES CORPORATION,0099
2246,http://www.sec.gov/Archives/edgar/data/1703073/000154972723000010/vivc-10k.htm,DQC.US.0099.9533,US GAAP 2022,10-K,2023-03-31,2023-03-30 14:05:00,0001549727-23-000010,0001703073,VIVIC CORP.,0099
2247,http://www.sec.gov/Archives/edgar/data/1912954/000155889123000023/wdfi-20221231.htm,DQC.US.0099.9533,US GAAP 2023,10-K,2023-05-18,2023-03-30 12:33:00,0001558891-23-000023,0001912954,WIDFIT INC,0099
2248,http://www.sec.gov/Archives/edgar/data/1693687/000164033423000495/msyn_10k.htm,DQC.US.0099.9533,US GAAP 2022,10-K,2023-03-31,2023-03-30 11:58:00,0001640334-23-000495,0001693687,Greenlit Ventures Inc.,0099
2249,http://www.sec.gov/Archives/edgar/data/1160798/000182912623002407/c2eenergyinc_10k.htm,DQC.US.0099.9533,US GAAP 2022,10-K,2023-03-31,2023-03-30 11:15:00,0001829126-23-002407,0001160798,C2E ENERGY INC.,0099
2250,http://www.sec.gov/Archives/edgar/data/768216/000155335023000218/logq_10k.htm,DQC.US.0099.9533,US GAAP 2022,10-K,2023-03-31,2023-03-30 08:50:00,0001553350-23-000218,0000768216,"COYNI, INC.",0099
2251,http://www.sec.gov/Archives/edgar/data/1823882/000182912623002388/airspannetworks_posam.htm,DQC.US.0099.9533,US GAAP 2022,POS AM,2023-03-30,2023-03-29 19:42:00,0001829126-23-002388,0001823882,Airspan Networks Holdings Inc.,0099
2252,http://www.sec.gov/Archives/edgar/data/1823882/000182912623002387/airspannetworks_posam.htm,DQC.US.0099.9533,US GAAP 2022,POS AM,2023-03-30,2023-03-29 19:41:00,0001829126-23-002387,0001823882,Airspan Networks Holdings Inc.,0099
2253,http://www.sec.gov/Archives/edgar/data/1085277/000166357723000137/skvi10k123122.htm,DQC.US.0099.9533,US GAAP 2022,10-K,2023-03-30,2023-03-29 19:05:00,0001663577-23-000137,0001085277,"Skinvisible, Inc.",0099
2254,http://www.sec.gov/Archives/edgar/data/790179/000155479523000099/pgec0328form10k.htm,DQC.US.0099.9533,US GAAP 2022,10-K,2023-03-30,2023-03-29 17:36:00,0001554795-23-000099,0000790179,PRESTIGE CAPITAL CORPORATION,0099
2255,http://www.sec.gov/Archives/edgar/data/1118072/000155479523000098/skin0328form10k.htm,DQC.US.0099.9533,US GAAP 2022,10-K,2023-03-30,2023-03-29 17:35:00,0001554795-23-000098,0001118072,SKINOVATION PHARMACEUTICAL INCORPORATED,0099
2256,http://www.sec.gov/Archives/edgar/data/1130889/000155479523000097/cncl0328form10k.htm,DQC.US.0099.9533,US GAAP 2022,10-K,2023-03-30,2023-03-29 17:35:00,0001554795-23-000097,0001130889,CANCER CAPITAL CORP.,0099
2257,http://www.sec.gov/Archives/edgar/data/1430319/000155479523000093/ccti0329form10k.htm,DQC.US.0099.9533,US GAAP 2022,10-K,2023-03-31,2023-03-29 17:26:00,0001554795-23-000093,0001430319,"C & C TOURS, INC",0099
2258,http://www.sec.gov/Archives/edgar/data/1160945/000155479523000091/nvsi0329form10k.htm,DQC.US.0099.9533,US GAAP 2022,10-K,2023-03-31,2023-03-29 17:25:00,0001554795-23-000091,0001160945,"NOVA STAR INNOVATIONS, INC.",0099
2259,http://www.sec.gov/Archives/edgar/data/1436975/000182912623002380/lightstonevalue2_10k.htm,DQC.US.0099.9533,US GAAP 2022,10-K,2023-03-31,2023-03-29 17:05:00,0001829126-23-002380,0001436975,"Lightstone Value Plus REIT II, Inc.",0099
2260,http://www.sec.gov/Archives/edgar/data/1873722/000166357723000131/bblr10k123122.htm,DQC.US.0099.9533,US GAAP 2022,10-K,2023-03-30,2023-03-29 16:21:00,0001663577-23-000131,0001873722,"Bubblr, Inc.",0099
2261,http://www.sec.gov/Archives/edgar/data/1024672/000117891323001181/zk2329450.htm,DQC.US.0099.9533,US GAAP 2022,20-F/A,2023-03-31,2023-03-29 16:16:00,0001178913-23-001181,0001024672,Eltek Ltd.,0099
2262,http://www.sec.gov/Archives/edgar/data/1685766/000182912623002370/moveixinc_10k.htm,DQC.US.0099.9533,US GAAP 2022,10-K,2023-03-30,2023-03-29 16:05:00,0001829126-23-002370,0001685766,MOVEIX INC,0099
2263,http://www.sec.gov/Archives/edgar/data/1098880/000106299323008012/form10k.htm,DQC.US.0099.9533,US GAAP 2022,10-K,2023-03-30,2023-03-29 16:01:00,0001062993-23-008012,0001098880,IntelGenx Technologies Corp.,0099
2264,http://www.sec.gov/Archives/edgar/data/1865191/000173112223000490/e4440_10k.htm,DQC.US.0099.9533,US GAAP 2022,10-K,2023-03-30,2023-03-29 14:00:00,0001731122-23-000490,0001865191,TG Venture Acquisition Corp.,0099
2265,http://www.sec.gov/Archives/edgar/data/1690384/000173112223000488/e4429_10k.htm,DQC.US.0099.9533,US GAAP 2022,10-K,2023-03-30,2023-03-29 12:26:00,0001731122-23-000488,0001690384,"BioCrude Technologies USA, Inc.",0099
2266,http://www.sec.gov/Archives/edgar/data/723533/000101738623000130/lwlw_2022dec31-10k.htm,DQC.US.0099.9533,US GAAP 2022,10-K,2023-03-30,2023-03-29 09:04:00,0001017386-23-000130,0000723533,Longwen Group Corp.,0099
2267,http://www.sec.gov/Archives/edgar/data/1800392/000182912623002347/microalgo_10k.htm,DQC.US.0099.9533,US GAAP 2022,10-K,2023-03-30,2023-03-29 09:00:00,0001829126-23-002347,0001800392,MicroAlgo Inc.,0099
2268,http://www.sec.gov/Archives/edgar/data/1141197/000165495423003759/ped_10k.htm,DQC.US.0099.9533,US GAAP 2022,10-K,2023-03-30,2023-03-29 07:12:00,0001654954-23-003759,0001141197,PEDEVCO CORP.,0099
2269,http://www.sec.gov/Archives/edgar/data/1788841/000107997323000382/hlbz_10k-123122.htm,DQC.US.0099.9533,US GAAP 2022,10-K,2023-03-30,2023-03-28 17:13:00,0001079973-23-000382,0001788841,micromobility.com Inc.,0099
2270,http://www.sec.gov/Archives/edgar/data/1058330/000190359623000224/roag_10q.htm,DQC.US.0099.9533,US GAAP 2022,10-Q,2023-03-30,2023-03-28 17:02:00,0001903596-23-000224,0001058330,"ROGUE ONE, INC.",0099
2271,http://www.sec.gov/Archives/edgar/data/838875/000119983523000177/wvvi-10k.htm,DQC.US.0099.9533,US GAAP 2022,10-K,2023-03-29,2023-03-28 16:08:00,0001199835-23-000177,0000838875,"WILLAMETTE VALLEY VINEYARDS, INC.",0099
2272,http://www.sec.gov/Archives/edgar/data/1839285/000160706223000154/hcti123122form10k.htm,DQC.US.0099.9533,US GAAP 2022,10-K,2023-03-29,2023-03-28 16:00:00,0001607062-23-000154,0001839285,"HEALTHCARE
TRIANGLE, INC.",0099
2273,http://www.sec.gov/Archives/edgar/data/1830503/000147793223001810/bzwr_s1.htm,DQC.US.0099.9533,US GAAP 2022,S-1,2023-03-29,2023-03-28 15:00:00,0001477932-23-001810,0001830503,BUSINESS WARRIOR CORPORATION,0099
2274,http://www.sec.gov/Archives/edgar/data/1342936/000137647423000173/avoi-20221231.htm,DQC.US.0099.9533,US GAAP 2022,10-K,2023-03-28,2023-03-28 11:24:00,0001376474-23-000173,0001342936,"Rivulet Entertainment, Inc.",0099
2275,http://www.sec.gov/Archives/edgar/data/1862068/000182912623002310/rubicontech_posam.htm,DQC.US.0099.9533,US GAAP 2023,POS AM,2023-05-18,2023-03-28 08:02:00,0001829126-23-002310,0001862068,"Rubicon Technologies, Inc.",0099
2276,http://www.sec.gov/Archives/edgar/data/1862068/000182912623002309/rubicontech_posam.htm,DQC.US.0099.9533,US GAAP 2023,POS AM,2023-05-18,2023-03-28 08:01:00,0001829126-23-002309,0001862068,"Rubicon Technologies, Inc.",0099
2277,http://www.sec.gov/Archives/edgar/data/1901305/000173112223000466/e4534_10-k.htm,DQC.US.0099.9533,US GAAP 2022,10-K,2023-03-28,2023-03-27 18:18:00,0001731122-23-000466,0001901305,"Forza X1, Inc.",0099
2278,http://www.sec.gov/Archives/edgar/data/1883083/000159991623000064/gplholdings_10q223o.htm,DQC.US.0099.9533,US GAAP 2022,10-Q,2023-03-28,2023-03-27 17:06:00,0001599916-23-000064,0001883083,"GPL HOLDINGS, INC.",0099
2279,http://www.sec.gov/Archives/edgar/data/1765048/000176504823000003/chmt10k_2022.htm,DQC.US.0099.9533,US GAAP 2022,10-K,2023-03-27,2023-03-27 13:20:00,0001765048-23-000003,0001765048,GUOCHUN                                             INTERNATIONAL INC.,0099
2280,http://www.sec.gov/Archives/edgar/data/711034/000106299323007681/form10k.htm,DQC.US.0099.9533,US GAAP 2022,10-K,2023-03-27,2023-03-27 11:41:00,0001062993-23-007681,0000711034,"Thunder Mountain Gold, Inc.",0099
2281,http://www.sec.gov/Archives/edgar/data/718413/000165495423003557/cmtv_10k.htm,DQC.US.0099.9533,US GAAP 2022,10-K,2023-03-27,2023-03-27 08:57:00,0001654954-23-003557,0000718413,Community Bancorp./VT,0099
2282,http://www.sec.gov/Archives/edgar/data/1882607/000106299323007669/form10k.htm,DQC.US.0099.9533,US GAAP 2022,10-K,2023-03-27,2023-03-27 07:32:00,0001062993-23-007669,0001882607,"ALPINE SUMMIT ENERGY PARTNERS, INC.",0099
2283,http://www.sec.gov/Archives/edgar/data/1319643/000119983523000172/lsmg-10k.htm,DQC.US.0099.9533,US GAAP 2022,10-K,2023-03-25,2023-03-24 10:18:00,0001199835-23-000172,0001319643,LODE-STAR MINING INC.,0099
2284,http://www.sec.gov/Archives/edgar/data/1627554/000101738623000119/pdro_2023jan31-10q.htm,DQC.US.0099.9533,US GAAP 2022,10-Q,2023-03-24,2023-03-23 18:59:00,0001017386-23-000119,0001627554,"Pedro’s List, Inc.",0099
2285,http://www.sec.gov/Archives/edgar/data/1627554/000101738623000118/pdro_2022oct31-10ka.htm,DQC.US.0099.9533,US GAAP 2022,10-K/A,2023-03-24,2023-03-23 18:54:00,0001017386-23-000118,0001627554,"Pedro’s List, Inc.",0099
2286,http://www.sec.gov/Archives/edgar/data/1553643/000121390023022463/f10k2022_relmadatherap.htm,DQC.US.0099.9533,US GAAP 2022,10-K,2023-03-24,2023-03-23 16:49:00,0001213900-23-022463,0001553643,"RELMADA THERAPEUTICS, INC.",0099
2287,http://www.sec.gov/Archives/edgar/data/1024672/000117891323001119/zk2329405.htm,DQC.US.0099.9533,US GAAP 2022,20-F,2023-03-25,2023-03-23 08:31:00,0001178913-23-001119,0001024672,Eltek Ltd.,0099
2288,http://www.sec.gov/Archives/edgar/data/1862068/000182912623002201/rubicontech_10k.htm,DQC.US.0099.9533,US GAAP 2022,10-K,2023-03-25,2023-03-22 21:49:00,0001829126-23-002201,0001862068,"Rubicon Technologies, Inc.",0099
2289,http://www.sec.gov/Archives/edgar/data/1817511/000160706223000144/sopa123122form10k.htm,DQC.US.0099.9533,US GAAP 2022,10-K,2023-03-25,2023-03-22 19:56:00,0001607062-23-000144,0001817511,SOCIETY PASS INCORPORATED,0099
2290,http://www.sec.gov/Archives/edgar/data/1408057/000147793223001672/icct_10k.htm,DQC.US.0099.9533,US GAAP 2022,10-K,2023-03-25,2023-03-22 19:00:00,0001477932-23-001672,0001408057,iCoreConnect Inc.,0099
2291,http://www.sec.gov/Archives/edgar/data/1642985/000143774923007552/minf20221231_10k.htm,DQC.US.0099.9533,US GAAP 2022,10-K,2023-03-23,2023-03-22 17:24:00,0001437749-23-007552,0001642985,Mobile Infrastructure Corp,0099
2292,http://www.sec.gov/Archives/edgar/data/1715611/000164033423000415/bmmj_10q.htm,DQC.US.0099.9533,US GAAP 2022,10-Q,2023-03-24,2023-03-22 16:57:00,0001640334-23-000415,0001715611,BODY AND MIND INC.,0099
2293,http://www.sec.gov/Archives/edgar/data/1395942/000139594223000033/kar-20220930.htm,DQC.US.0099.9533,US GAAP 2022,10-Q/A,2023-03-24,2023-03-22 16:55:00,0001395942-23-000033,0001395942,"OPENLANE, Inc.",0099
2294,http://www.sec.gov/Archives/edgar/data/1696088/000118518523000244/er1220221231_10k.htm,DQC.US.0099.9533,US GAAP 2022,10-K,2023-03-22,2023-03-22 16:50:00,0001185185-23-000244,0001696088,"Energy Resources 12, L.P.",0099
2295,http://www.sec.gov/Archives/edgar/data/1395942/000139594223000032/kar-20220630.htm,DQC.US.0099.9533,US GAAP 2022,10-Q/A,2023-03-23,2023-03-22 16:49:00,0001395942-23-000032,0001395942,"OPENLANE, Inc.",0099
2296,http://www.sec.gov/Archives/edgar/data/1401835/000119983523000168/srgz-10q.htm,DQC.US.0099.9533,US GAAP 2022,10-Q,2023-03-23,2023-03-22 16:42:00,0001199835-23-000168,0001401835,Star Gold Corp.,0099
2297,http://www.sec.gov/Archives/edgar/data/1395942/000139594223000031/kar-20220331.htm,DQC.US.0099.9533,US GAAP 2021,10-Q/A,2023-03-23,2023-03-22 16:41:00,0001395942-23-000031,0001395942,"OPENLANE, Inc.",0099
2298,http://www.sec.gov/Archives/edgar/data/932781/000155278123000156/e23093_fcco-10k.htm,DQC.US.0099.9533,US GAAP 2022,10-K,2023-03-23,2023-03-22 16:26:00,0001552781-23-000156,0000932781,FIRST COMMUNITY CORPORATION,0099
2299,http://www.sec.gov/Archives/edgar/data/740806/000165495423003359/fmbm_10k.htm,DQC.US.0099.9533,US GAAP 2022,10-K,2023-03-23,2023-03-22 16:18:00,0001654954-23-003359,0000740806,F&M BANK CORP.,0099
2300,http://www.sec.gov/Archives/edgar/data/930245/000147237523000058/ixform10k.htm,DQC.US.0099.9533,US GAAP 2022,10-K,2023-03-22,2023-03-22 15:43:00,0001472375-23-000058,0000930245,GLOBAL ACQUISITIONS CORPORATION,0099
2301,http://www.sec.gov/Archives/edgar/data/745543/000074554323000002/atpt12312022_10q.htm,DQC.US.0099.9533,US GAAP 2022,10-Q,2023-03-22,2023-03-22 13:16:00,0000745543-23-000002,0000745543,"PETRO USA, INC.",0099
2302,http://www.sec.gov/Archives/edgar/data/1843656/000147793223001635/amao_10k.htm,DQC.US.0099.9533,US GAAP 2022,10-K,2023-03-22,2023-03-21 19:20:00,0001477932-23-001635,0001843656,ROYALTY MANAGEMENT HOLDING CORPORATION,0099
2303,http://www.sec.gov/Archives/edgar/data/1703625/000119983523000161/blis-10q.htm,DQC.US.0099.9533,US GAAP 2022,10-Q,2023-03-22,2023-03-21 17:21:00,0001199835-23-000161,0001703625,"NAPC Defense, Inc.",0099
2304,http://www.sec.gov/Archives/edgar/data/1767057/000093041323001072/c106024_10k-ixbrl.htm,DQC.US.0099.9533,US GAAP 2022,10-K,2023-03-21,2023-03-21 15:42:00,0000930413-23-001072,0001767057,Osprey Bitcoin Trust,0099
2305,http://www.sec.gov/Archives/edgar/data/1504239/000119983523000154/pcnt-10q.htm,DQC.US.0099.9533,US GAAP 2022,10-Q/A,2023-03-21,2023-03-21 14:07:00,0001199835-23-000154,0001504239,"POINT OF CARE NANO-TECHNOLOGY, INC.",0099
2306,http://www.sec.gov/Archives/edgar/data/1620749/000164033423000397/pnht_10q.htm,DQC.US.0099.9533,US GAAP 2022,10-Q,2023-03-21,2023-03-21 10:34:00,0001640334-23-000397,0001620749,PANAMERA HOLDINGS CORPORATION,0099
2307,http://www.sec.gov/Archives/edgar/data/1672886/000107997323000360/zhongyuan_f1a.htm,DQC.US.0099.9533,US GAAP 2022,F-1/A,2023-03-21,2023-03-20 16:56:00,0001079973-23-000360,0001672886,ZHONG YUAN BIO-TECHNOLOGY HOLDINGS LIMITED,0099
2308,http://www.sec.gov/Archives/edgar/data/1109138/000117891323001057/zk2329396.htm,DQC.US.0099.9533,US GAAP 2022,20-F,2023-03-21,2023-03-20 16:21:00,0001178913-23-001057,0001109138,CAMTEK LTD,0099
2309,http://www.sec.gov/Archives/edgar/data/1300699/000095017023008734/atnx-20221231.htm,DQC.US.0099.9533,US GAAP 2022,10-K,2023-03-20,2023-03-20 14:05:00,0000950170-23-008734,0001300699,"ATHENEX, INC.",0099
2310,http://www.sec.gov/Archives/edgar/data/916793/000117891323001049/exhibit_99-1.htm,DQC.US.0099.9533,US GAAP 2022,6-K,2023-03-20,2023-03-20 11:31:00,0001178913-23-001049,0000916793,SILICOM LTD.,0099
2311,http://www.sec.gov/Archives/edgar/data/1407878/000147793223001568/dloc_10k.htm,DQC.US.0099.9533,US GAAP 2022,10-K,2023-03-20,2023-03-20 06:39:00,0001477932-23-001568,0001407878,"DIGITAL     LOCATIONS, INC.",0099
2312,http://www.sec.gov/Archives/edgar/data/1070050/000190359623000201/apcx_10k.htm,DQC.US.0099.9533,US GAAP 2022,10-K,2023-03-20,2023-03-20 06:02:00,0001903596-23-000201,0001070050,AppTech Payments Corp.,0099
2313,http://www.sec.gov/Archives/edgar/data/1865045/000182912623002118/fatprojects_s4a3.htm,DQC.US.0099.9533,US GAAP 2022,S-4/A,2023-03-20,2023-03-17 21:01:00,0001829126-23-002118,0001865045,Fat Projects Acquisition Corp,0099
2314,http://www.sec.gov/Archives/edgar/data/1490054/000109690623000577/vbhi-20230131.htm,DQC.US.0099.9533,US GAAP 2022,10-Q,2023-03-20,2023-03-17 18:43:00,0001096906-23-000577,0001490054,"VERDE BIO HOLDINGS, INC.",0099
2315,http://www.sec.gov/Archives/edgar/data/1818152/000159991623000060/zentrum_10k22f.htm,DQC.US.0099.9533,US GAAP 2022,10-K,2023-03-17,2023-03-17 17:07:00,0001599916-23-000060,0001818152,"Zentrum Holdings, Inc.",0099
2316,http://www.sec.gov/Archives/edgar/data/1309082/000147793223001554/cei_10k.htm,DQC.US.0099.9533,US GAAP 2022,10-K,2023-03-17,2023-03-17 17:00:00,0001477932-23-001554,0001309082,"Camber Energy, Inc.",0099
2317,http://www.sec.gov/Archives/edgar/data/1304161/000165495423003131/pbsv_10q.htm,DQC.US.0099.9533,US GAAP 2022,10-Q,2023-03-17,2023-03-17 16:19:00,0001654954-23-003131,0001304161,"PHARMA-BIO SERV, INC.",0099
2318,http://www.sec.gov/Archives/edgar/data/1557376/000182912623002113/organicellregen_10q.htm,DQC.US.0099.9533,US GAAP 2022,10-Q,2023-03-17,2023-03-17 16:15:00,0001829126-23-002113,0001557376,"ZEO SCIENTIFIX, INC.",0099
2319,http://www.sec.gov/Archives/edgar/data/1837824/000138713123003653/sesg-10k_123122.htm,DQC.US.0099.9533,US GAAP 2022,10-K,2023-03-17,2023-03-17 16:10:00,0001387131-23-003653,0001837824,Sprott     ESG Gold ETF,0099
2320,http://www.sec.gov/Archives/edgar/data/1056358/000105635823000022/mtex-20221231.htm,DQC.US.0099.9533,US GAAP 2022,10-K,2023-03-17,2023-03-17 15:27:00,0001056358-23-000022,0001056358,"MANNATECH, INCORPORATED",0099
2321,http://www.sec.gov/Archives/edgar/data/1446371/000144637123000012/srtr-20221231.htm,DQC.US.0099.9533,US GAAP 2022,10-K,2023-03-17,2023-03-17 15:09:00,0001446371-23-000012,0001446371,"STRATEGIC REALTY TRUST, INC.",0099
2322,http://www.sec.gov/Archives/edgar/data/1807893/000155335023000172/spfh_10k.htm,DQC.US.0099.9533,US GAAP 2022,10-K,2023-03-17,2023-03-17 13:52:00,0001553350-23-000172,0001807893,"STANDARD PREMIUM FINANCE HOLDINGS, INC.",0099
2323,http://www.sec.gov/Archives/edgar/data/1880249/000159991623000058/psgi10q223o.htm,DQC.US.0099.9533,US GAAP 2022,10-Q,2023-03-17,2023-03-17 13:52:00,0001599916-23-000058,0001880249,"WeCapital Holdings, Inc.",0099
2324,http://www.sec.gov/Archives/edgar/data/1627469/000159991623000056/photozou_10k22o.htm,DQC.US.0099.9533,US GAAP 2022,10-K,2023-03-17,2023-03-17 12:39:00,0001599916-23-000056,0001627469,"Photozou     Holdings, Inc.",0099
2325,http://www.sec.gov/Archives/edgar/data/1762239/000173112223000408/e4478_10q.htm,DQC.US.0099.9533,US GAAP 2022,10-Q,2023-03-17,2023-03-17 08:00:00,0001731122-23-000408,0001762239,"Kaival Brands Innovations Group, Inc.",0099
2326,http://www.sec.gov/Archives/edgar/data/701719/000165495423003057/ela_10k.htm,DQC.US.0099.9533,US GAAP 2022,10-K,2023-03-17,2023-03-16 17:26:00,0001654954-23-003057,0000701719,ENVELA CORPORATION,0099
2327,http://www.sec.gov/Archives/edgar/data/1823882/000182912623002099/airspannetworks_10k.htm,DQC.US.0099.9533,US GAAP 2022,10-K,2023-03-17,2023-03-16 16:31:00,0001829126-23-002099,0001823882,Airspan Networks Holdings Inc.,0099
2328,http://www.sec.gov/Archives/edgar/data/1842167/000190359623000194/f10q_limitless.htm,DQC.US.0099.9533,US GAAP 2021,10-Q,2023-03-17,2023-03-16 16:08:00,0001903596-23-000194,0001842167,LIMITLESS PROJECTS INC.,0099
2329,http://www.sec.gov/Archives/edgar/data/314227/000165495423003029/tomz_10k.htm,DQC.US.0099.9533,US GAAP 2022,10-K,2023-03-17,2023-03-16 16:04:00,0001654954-23-003029,0000314227,"TOMI ENVIRONMENTAL SOLUTIONS, INC.",0099
2330,http://www.sec.gov/Archives/edgar/data/1681769/000152013823000135/ccyc-20230131_10q.htm,DQC.US.0099.9533,US GAAP 2022,10-Q,2023-03-17,2023-03-16 14:10:00,0001520138-23-000135,0001681769,BRILLIANT N.E.V. CORP.,0099
2331,http://www.sec.gov/Archives/edgar/data/277638/000027763823000009/davey-20221231.htm,DQC.US.0099.9533,US GAAP 2021,10-K,2023-03-17,2023-03-16 14:03:00,0000277638-23-000009,0000277638,THE DAVEY TREE EXPERT COMPANY,0099
2332,http://www.sec.gov/Archives/edgar/data/1860173/000190359623000191/f10q_privacyvalue.htm,DQC.US.0099.9533,US GAAP 2021,10-Q,2023-03-17,2023-03-16 13:42:00,0001903596-23-000191,0001860173,Privacy and Value Inc.,0099
2333,http://www.sec.gov/Archives/edgar/data/1871890/000190359623000189/f10q_galaxyinc.htm,DQC.US.0099.9533,US GAAP 2021,10-Q,2023-03-17,2023-03-16 13:40:00,0001903596-23-000189,0001871890,GALAXY ENTERPRISES INC.,0099
2334,http://www.sec.gov/Archives/edgar/data/1347491/000153949723000450/n2666_x13-10k.htm,DQC.US.0099.9533,US GAAP 2022,10-K,2023-03-17,2023-03-16 13:28:00,0001539497-23-000450,0001347491,ALEXANDER TECH CORP.,0099
2335,http://www.sec.gov/Archives/edgar/data/1885849/000188584923000004/tofla10q_31012023.htm,DQC.US.0099.9533,US GAAP 2022,10-Q,2023-03-17,2023-03-16 11:53:00,0001885849-23-000004,0001885849,TOFLA MEGALINE INC.,0099
2336,http://www.sec.gov/Archives/edgar/data/1437925/000147793223001521/gmgi_10q.htm,DQC.US.0099.9533,US GAAP 2022,10-Q,2023-03-16,2023-03-16 07:00:00,0001477932-23-001521,0001437925,"Golden Matrix Group, Inc.",0099
2337,http://www.sec.gov/Archives/edgar/data/917225/000165495423002950/sodi_10k.htm,DQC.US.0099.9533,US GAAP 2022,10-K,2023-03-16,2023-03-15 17:50:00,0001654954-23-002950,0000917225,SOLITARIO RESOURCES CORP.,0099
2338,http://www.sec.gov/Archives/edgar/data/93314/000147793223001497/vnrx_10k.htm,DQC.US.0099.9533,US GAAP 2022,10-K,2023-03-15,2023-03-15 16:18:00,0001477932-23-001497,0000093314,VolitionRx Limited,0099
2339,http://www.sec.gov/Archives/edgar/data/1338940/000117891323001008/zk2329358.htm,DQC.US.0099.9533,US GAAP 2022,20-F,2023-03-15,2023-03-15 16:03:00,0001178913-23-001008,0001338940,Perion Network Ltd.,0099
2340,http://www.sec.gov/Archives/edgar/data/1277250/000165495423002931/crge_10k.htm,DQC.US.0099.9533,US GAAP 2022,10-K,2023-03-15,2023-03-15 14:43:00,0001654954-23-002931,0001277250,"CHARGE ENTERPRISES, INC.",0099
2341,http://www.sec.gov/Archives/edgar/data/1440153/000109690623000532/bkhu-20230131.htm,DQC.US.0099.9533,US GAAP 2022,10-Q,2023-03-15,2023-03-15 14:15:00,0001096906-23-000532,0001440153,"Bakhu Holdings, Corp.",0099
2342,http://www.sec.gov/Archives/edgar/data/1190370/000173112223000381/e4494_10q.htm,DQC.US.0099.9533,US GAAP 2022,10-Q,2023-03-15,2023-03-15 13:56:00,0001731122-23-000381,0001190370,"Innovative Designs, Inc.",0099
2343,http://www.sec.gov/Archives/edgar/data/1504239/000119983523000143/pcnt-10q.htm,DQC.US.0099.9533,US GAAP 2022,10-Q,2023-03-15,2023-03-15 11:19:00,0001199835-23-000143,0001504239,"POINT OF CARE NANO-TECHNOLOGY, INC.",0099
2344,http://www.sec.gov/Archives/edgar/data/1627554/000101738623000100/pdro_2022oct31-10k.htm,DQC.US.0099.9533,US GAAP 2022,10-K,2023-03-15,2023-03-15 10:35:00,0001017386-23-000100,0001627554,"Pedro’s List, Inc.",0099
2345,http://www.sec.gov/Archives/edgar/data/1888846/000159991623000053/ultimate_10q223o.htm,DQC.US.0099.9533,US GAAP 2022,10-Q,2023-03-15,2023-03-15 10:28:00,0001599916-23-000053,0001888846,"Ultimate Holdings GROUP, Inc.",0099
2346,http://www.sec.gov/Archives/edgar/data/1753373/000175337323000006/inky_10kreport2022.htm,DQC.US.0099.9533,US GAAP 2022,10-K,2023-03-15,2023-03-15 09:20:00,0001753373-23-000006,0001753373,"M2I     GLOBAL, INC.",0099
2347,http://www.sec.gov/Archives/edgar/data/1847584/000117891323000983/zk2329321.htm,DQC.US.0099.9533,US GAAP 2022,20-F,2023-03-15,2023-03-14 17:05:00,0001178913-23-000983,0001847584,WalkMe Ltd.,0099
2348,http://www.sec.gov/Archives/edgar/data/1405663/000147237523000046/ixform10q.htm,DQC.US.0099.9533,US GAAP 2022,10-Q,2023-03-15,2023-03-14 16:38:00,0001472375-23-000046,0001405663,I-MINERALS INC.,0099
2349,http://www.sec.gov/Archives/edgar/data/31107/000165495423002848/eml_10k.htm,DQC.US.0099.9533,US GAAP 2022,10-K,2023-03-15,2023-03-14 16:31:00,0001654954-23-002848,0000031107,The Eastern Company,0099
2350,http://www.sec.gov/Archives/edgar/data/1230524/000190359623000184/f10q_cyberapps.htm,DQC.US.0099.9533,US GAAP 2021,10-Q,2023-03-15,2023-03-14 16:29:00,0001903596-23-000184,0001230524,"Leopard Energy, Inc.",0099
2351,http://www.sec.gov/Archives/edgar/data/39911/000003991123000015/gps-20230128.htm,DQC.US.0099.9533,US GAAP 2021,10-K,2023-03-15,2023-03-14 15:44:00,0000039911-23-000015,0000039911,"GAP, INC",0099
2352,http://www.sec.gov/Archives/edgar/data/1842138/000190359623000181/f10q_warpspeedtaxi.htm,DQC.US.0099.9533,US GAAP 2021,10-Q,2023-03-15,2023-03-14 15:36:00,0001903596-23-000181,0001842138,WarpSpeed Taxi Inc.,0099
2353,http://www.sec.gov/Archives/edgar/data/1308569/000164033423000354/mlfb_10q.htm,DQC.US.0099.9533,US GAAP 2022,10-Q,2023-03-14,2023-03-14 14:38:00,0001640334-23-000354,0001308569,"Major League Football, Inc.",0099
2354,http://www.sec.gov/Archives/edgar/data/1841209/000182912623002018/microcloud_10k.htm,DQC.US.0099.9533,US GAAP 2022,10-K,2023-03-14,2023-03-14 09:00:00,0001829126-23-002018,0001841209,MicroCloud Hologram Inc.,0099
2355,http://www.sec.gov/Archives/edgar/data/1602078/000107997323000328/nmrd_s1.htm,DQC.US.0099.9533,US GAAP 2022,S-1,2023-03-14,2023-03-13 18:23:00,0001079973-23-000328,0001602078,NEMAURA MEDICAL INC.,0099
2356,http://www.sec.gov/Archives/edgar/data/1420368/000147793223001460/dlti_10k.htm,DQC.US.0099.9533,US GAAP 2022,10-K,2023-03-13,2023-03-13 17:17:00,0001477932-23-001460,0001420368,"DLT RESOLUTION, INC",0099
2357,http://www.sec.gov/Archives/edgar/data/80172/000143774923006380/npk20221231_10k.htm,DQC.US.0099.9533,US GAAP 2022,10-K,2023-03-13,2023-03-13 17:08:00,0001437749-23-006380,0000080172,NATIONAL PRESTO INDUSTRIES INC,0099
2358,http://www.sec.gov/Archives/edgar/data/1865045/000182912623002008/fatprojects_10k.htm,DQC.US.0099.9533,US GAAP 2022,10-K,2023-03-13,2023-03-13 16:45:00,0001829126-23-002008,0001865045,Fat Projects Acquisition Corp,0099
2359,http://www.sec.gov/Archives/edgar/data/1165002/000116500223000033/whg-20221231.htm,DQC.US.0099.9533,US GAAP 2021,10-K,2023-03-13,2023-03-13 16:31:00,0001165002-23-000033,0001165002,"WESTWOOD HOLDINGS GROUP, INC.",0099
2360,http://www.sec.gov/Archives/edgar/data/1726822/000182912623001983/soulbiotech_10k.htm,DQC.US.0099.9533,US GAAP 2022,10-K,2023-03-13,2023-03-13 06:06:00,0001829126-23-001983,0001726822,Adorbs Inc,0099
2361,http://www.sec.gov/Archives/edgar/data/1060219/000155479523000063/sal0310form10k.htm,DQC.US.0099.9533,US GAAP 2022,10-K,2023-03-10,2023-03-10 16:49:00,0001554795-23-000063,0001060219,"SALISBURY BANCORP, INC.",0099
2362,http://www.sec.gov/Archives/edgar/data/1837774/000173112223000345/e4482_10k.htm,DQC.US.0099.9533,US GAAP 2022,10-K,2023-03-10,2023-03-10 16:47:00,0001731122-23-000345,0001837774,"GLOBAL INNOVATIVE PLATFORMS, INC.",0099
2363,http://www.sec.gov/Archives/edgar/data/1602409/000152013823000128/fngr-20230310_s1a3.htm,DQC.US.0099.9533,US GAAP 2022,S-1/A,2023-03-10,2023-03-10 16:16:00,0001520138-23-000128,0001602409,"FINGERMOTION, INC.",0099
2364,http://www.sec.gov/Archives/edgar/data/1560672/000156067223000021/earn-20221231.htm,DQC.US.0099.9533,US GAAP 2021,10-K,2023-03-10,2023-03-10 16:12:00,0001560672-23-000021,0001560672,Ellington Credit Company,0099
2365,http://www.sec.gov/Archives/edgar/data/1857910/000159991623000050/drfs_q323o.htm,DQC.US.0099.9533,US GAAP 2022,10-Q,2023-03-10,2023-03-10 10:57:00,0001599916-23-000050,0001857910,"Japan Food Tech Holdings, Inc.",0099
2366,http://www.sec.gov/Archives/edgar/data/1411168/000137647423000157/dug-20221231.htm,DQC.US.0099.9533,US GAAP 2022,10-K,2023-03-09,2023-03-09 16:36:00,0001376474-23-000157,0001411168,Dutch Oven Gold Group Inc.,0099
2367,http://www.sec.gov/Archives/edgar/data/1527728/000173112223000326/e4477_10q.htm,DQC.US.0099.9533,US GAAP 2022,10-Q,2023-03-09,2023-03-09 16:16:00,0001731122-23-000326,0001527728,RENOVARO INC.,0099
2368,http://www.sec.gov/Archives/edgar/data/1634117/000163411723000010/bned-20230128.htm,DQC.US.0099.9533,US GAAP 2022,10-Q,2023-03-09,2023-03-09 16:11:00,0001634117-23-000010,0001634117,"BARNES & NOBLE EDUCATION, INC.",0099
2369,http://www.sec.gov/Archives/edgar/data/1693696/000139390523000124/uncc-20220930.htm,DQC.US.0099.9533,US GAAP 2022,10-Q,2023-03-09,2023-03-09 14:32:00,0001393905-23-000124,0001693696,UNITED CAPITAL CONSULTANTS INC.,0099
2370,http://www.sec.gov/Archives/edgar/data/837010/000083701023000018/vriac-20221231.htm,DQC.US.0099.9533,US GAAP 2022,10-K,2023-03-09,2023-03-09 13:33:00,0000837010-23-000018,0000837010,VOYA RETIREMENT INSURANCE & ANNUITY CO,0099
2371,http://www.sec.gov/Archives/edgar/data/926844/000182912623001934/fussbrands_10q.htm,DQC.US.0099.9533,US GAAP 2022,10-Q,2023-03-09,2023-03-09 12:25:00,0001829126-23-001934,0000926844,FUSS BRANDS CORP.,0099
2372,http://www.sec.gov/Archives/edgar/data/1175535/000143774923005812/wstr20211231_10k.htm,DQC.US.0099.9533,US GAAP 2022,10-K,2023-03-08,2023-03-08 17:16:00,0001437749-23-005812,0001175535,Whitestone REIT,0099
2373,http://www.sec.gov/Archives/edgar/data/704440/000116169723000158/form_10-k.htm,DQC.US.0099.9533,US GAAP 2022,10-K,2023-03-08,2023-03-08 16:38:00,0001161697-23-000158,0000704440,"KORU MEDICAL SYSTEMS, INC.",0099
2374,http://www.sec.gov/Archives/edgar/data/1072627/000143774923005796/kfs20221231_10k.htm,DQC.US.0099.9533,US GAAP 2022,10-K,2023-03-08,2023-03-08 16:02:00,0001437749-23-005796,0001072627,KINGSWAY FINANCIAL SERVICES INC,0099
2375,http://www.sec.gov/Archives/edgar/data/1331451/000133145123000047/fhlbc-20221231.htm,DQC.US.0099.9533,US GAAP 2022,10-K,2023-03-08,2023-03-08 14:35:00,0001331451-23-000047,0001331451,FEDERAL HOME LOAN BANK OF CHICAGO,0099
2376,http://www.sec.gov/Archives/edgar/data/1325814/000132581423000047/fhlbdm-20221231.htm,DQC.US.0099.9533,US GAAP 2022,10-K,2023-03-08,2023-03-08 14:18:00,0001325814-23-000047,0001325814,Federal Home Loan Bank of Des Moines,0099
2377,http://www.sec.gov/Archives/edgar/data/1489874/000182646623000006/ggro-20221231x10k.htm,DQC.US.0099.9533,US GAAP 2022,10-K,2023-03-08,2023-03-08 12:15:00,0001826466-23-000006,0001489874,Golden Growers Cooperative,0099
2378,http://www.sec.gov/Archives/edgar/data/1813744/000159991623000047/worldscan_q123out.htm,DQC.US.0099.9533,US GAAP 2022,10-Q,2023-03-08,2023-03-08 11:02:00,0001599916-23-000047,0001813744,"World Scan Project, Inc.",0099
2379,http://www.sec.gov/Archives/edgar/data/748268/000155479523000055/rcat0307form10q.htm,DQC.US.0099.9533,US GAAP 2022,10-Q,2023-03-07,2023-03-07 16:30:00,0001554795-23-000055,0000748268,"Red Cat Holdings, Inc.",0099
2380,http://www.sec.gov/Archives/edgar/data/1527728/000173112223000321/e4462_10q.htm,DQC.US.0099.9533,US GAAP 2022,10-Q,2023-03-07,2023-03-07 08:31:00,0001731122-23-000321,0001527728,RENOVARO INC.,0099
2381,http://www.sec.gov/Archives/edgar/data/1082733/000165495423002434/vism_10qa.htm,DQC.US.0099.9533,US GAAP 2022,10-Q/A,2023-03-06,2023-03-06 17:02:00,0001654954-23-002434,0001082733,"VISIUM TECHNOLOGIES, INC.",0099
2382,http://www.sec.gov/Archives/edgar/data/357294/000143774923005546/hov20230131_10q.htm,DQC.US.0099.9533,US GAAP 2022,10-Q,2023-03-06,2023-03-06 16:43:00,0001437749-23-005546,0000357294,"HOVNANIAN ENTERPRISES, INC.",0099
2383,http://www.sec.gov/Archives/edgar/data/1680132/000139390523000106/csui-20220831.htm,DQC.US.0099.9533,US GAAP 2022,10-Q/A,2023-03-06,2023-03-06 13:57:00,0001393905-23-000106,0001680132,CANNABIS SUISSE CORP.,0099
2384,http://www.sec.gov/Archives/edgar/data/1575295/000147793223001323/alid_10ka.htm,DQC.US.0099.9533,US GAAP 2022,10-K/A,2023-03-06,2023-03-06 10:55:00,0001477932-23-001323,0001575295,Allied Corp.,0099
2385,http://www.sec.gov/Archives/edgar/data/1575295/000147793223001322/alid_10qa.htm,DQC.US.0099.9533,US GAAP 2022,10-Q/A,2023-03-06,2023-03-06 10:52:00,0001477932-23-001322,0001575295,Allied Corp.,0099
2386,http://www.sec.gov/Archives/edgar/data/1580490/000114036123009983/brhc10047962_10qa.htm,DQC.US.0099.9533,US GAAP 2022,10-Q/A,2023-03-03,2023-03-03 14:53:00,0001140361-23-009983,0001580490,I-ON Digital Corp.,0099
2387,http://www.sec.gov/Archives/edgar/data/1410187/000101738623000093/cnnc2022dec31_10k.htm,DQC.US.0099.9533,US GAAP 2022,10-K,2023-03-03,2023-03-03 14:14:00,0001017386-23-000093,0001410187,CANNONAU CORP,0099
2388,http://www.sec.gov/Archives/edgar/data/1062822/000106282223000007/lxrx-20221231.htm,DQC.US.0099.9533,US GAAP 2022,10-K,2023-03-03,2023-03-03 07:25:00,0001062822-23-000007,0001062822,"Lexicon Pharmaceuticals, Inc.",0099
2389,http://www.sec.gov/Archives/edgar/data/1534992/000153499223000015/frgi-20230101.htm,DQC.US.0099.9533,US GAAP 2022,10-K,2023-03-03,2023-03-02 20:21:00,0001534992-23-000015,0001534992,"FIESTA RESTAURANT GROUP, INC.",0099
2390,http://www.sec.gov/Archives/edgar/data/843006/000165495423002330/isdr_10k.htm,DQC.US.0099.9533,US GAAP 2022,10-K,2023-03-02,2023-03-02 17:11:00,0001654954-23-002330,0000843006,Issuer Direct Corporation,0099
2391,http://www.sec.gov/Archives/edgar/data/1610682/000161068223000025/usdp-20221231.htm,DQC.US.0099.9533,US GAAP 2022,10-K,2023-03-02,2023-03-02 16:16:00,0001610682-23-000025,0001610682,USD Partners LP,0099
2392,http://www.sec.gov/Archives/edgar/data/351817/000035181723000032/sbow-20221231.htm,DQC.US.0099.9533,US GAAP 2022,10-K,2023-03-02,2023-03-02 16:06:00,0000351817-23-000032,0000351817,"SilverBow Resources, Inc.",0099
2393,http://www.sec.gov/Archives/edgar/data/1598110/000117891323000828/zk2329296.htm,DQC.US.0099.9533,US GAAP 2022,20-F,2023-03-02,2023-03-02 16:05:00,0001178913-23-000828,0001598110,CyberArk Software Ltd.,0099
2394,http://www.sec.gov/Archives/edgar/data/1672886/000107997323000278/zhongyuan_f1a.htm,DQC.US.0099.9533,US GAAP 2022,F-1/A,2023-03-02,2023-03-01 17:31:00,0001079973-23-000278,0001672886,ZHONG YUAN BIO-TECHNOLOGY HOLDINGS LIMITED,0099
2395,http://www.sec.gov/Archives/edgar/data/59860/000119983523000120/grmc-10k.htm,DQC.US.0099.9533,US GAAP 2021,10-K/A,2023-03-02,2023-03-01 17:20:00,0001199835-23-000120,0000059860,GOLDRICH MINING COMPANY,0099
2396,http://www.sec.gov/Archives/edgar/data/351834/000106299323005351/form10k.htm,DQC.US.0099.9533,US GAAP 2022,10-K,2023-03-02,2023-03-01 17:11:00,0001062993-23-005351,0000351834,SUNOPTA INC.,0099
2397,http://www.sec.gov/Archives/edgar/data/1411342/000141134223000056/efc-20221231.htm,DQC.US.0099.9533,US GAAP 2021,10-K,2023-03-01,2023-03-01 16:57:00,0001411342-23-000056,0001411342,ELLINGTON FINANCIAL INC,0099
2398,http://www.sec.gov/Archives/edgar/data/728391/000072839123000015/ipl-20221231.htm,DQC.US.0099.9533,US GAAP 2022,10-K,2023-03-01,2023-03-01 16:51:00,0000728391-23-000015,0000728391,"IPALCO ENTERPRISES, INC.",0099
2399,http://www.sec.gov/Archives/edgar/data/763901/000119312523056454/d408943d10k.htm,DQC.US.0099.9533,US GAAP 2022,10-K,2023-03-01,2023-03-01 16:50:00,0001193125-23-056454,0000763901,"POPULAR, INC.",0099
2400,http://www.sec.gov/Archives/edgar/data/787250/000078725023000006/dpl-20221231.htm,DQC.US.0099.9533,US GAAP 2022,10-K,2023-03-01,2023-03-01 16:50:00,0000787250-23-000006,0000787250,DPL Inc.,0099
2401,http://www.sec.gov/Archives/edgar/data/1345126/000134512623000020/codi-20221231.htm,DQC.US.0099.9533,US GAAP 2022,10-K,2023-03-01,2023-03-01 16:17:00,0001345126-23-000020,0001345126,COMPASS DIVERSIFIED HOLDINGS,0099
2402,http://www.sec.gov/Archives/edgar/data/805676/000080567623000044/prk-20221231.htm,DQC.US.0099.9533,US GAAP 2022,10-K,2023-03-01,2023-03-01 16:17:00,0000805676-23-000044,0000805676,PARK NATIONAL CORPORATION,0099
2403,http://www.sec.gov/Archives/edgar/data/1672013/000167201323000011/golf-20221231.htm,DQC.US.0099.9533,US GAAP 2022,10-K,2023-03-01,2023-03-01 16:10:00,0001672013-23-000011,0001672013,Acushnet Holdings Corp.,0099
2404,http://www.sec.gov/Archives/edgar/data/1363829/000136382923000020/esgr-20221231.htm,DQC.US.0099.9533,US GAAP 2022,10-K,2023-03-01,2023-03-01 08:18:00,0001363829-23-000020,0001363829,Enstar Group LTD,0099
2405,http://www.sec.gov/Archives/edgar/data/1858681/000185868123000007/apo-20221231.htm,DQC.US.0099.9533,US GAAP 2022,10-K,2023-03-01,2023-02-28 21:48:00,0001858681-23-000007,0001858681,"Apollo Global Management, Inc.",0099
2406,http://www.sec.gov/Archives/edgar/data/874501/000087450123000040/ambc-20221231.htm,DQC.US.0099.9533,US GAAP 2022,10-K,2023-03-01,2023-02-28 18:30:00,0000874501-23-000040,0000874501,"AMBAC FINANCIAL GROUP, INC.",0099
2407,http://www.sec.gov/Archives/edgar/data/1289848/000128984823000010/hurn-20221231.htm,DQC.US.0099.9533,US GAAP 2021,10-K,2023-03-01,2023-02-28 17:18:00,0001289848-23-000010,0001289848,HURON CONSULTING GROUP INC.,0099
2408,http://www.sec.gov/Archives/edgar/data/1692115/000169211523000056/swx-20221231.htm,DQC.US.0099.9533,US GAAP 2022,10-K,2023-03-01,2023-02-28 16:51:00,0001692115-23-000056,0001692115,"Southwest Gas Holdings, Inc.",0099
2409,http://www.sec.gov/Archives/edgar/data/1039684/000103968423000016/oke-20221231.htm,DQC.US.0099.9533,US GAAP 2022,10-K,2023-03-01,2023-02-28 16:33:00,0001039684-23-000016,0001039684,"ONEOK, Inc.",0099
2410,http://www.sec.gov/Archives/edgar/data/1528930/000152893023000005/tax-20221231.htm,DQC.US.0099.9533,US GAAP 2022,10-K,2023-03-01,2023-02-28 16:13:00,0001528930-23-000005,0001528930,"Franchise Group, Inc.",0099
2411,http://www.sec.gov/Archives/edgar/data/1193311/000119331123000005/c311-20221231x10k.htm,DQC.US.0099.9533,US GAAP 2022,10-K,2023-03-01,2023-02-28 15:30:00,0001193311-23-000005,0001193311,Oncor Electric Delivery Company LLC,0099
2412,http://www.sec.gov/Archives/edgar/data/1658521/000101738623000082/mtpp_2022dec31-10k.htm,DQC.US.0099.9533,US GAAP 2022,10-K,2023-03-01,2023-02-28 13:47:00,0001017386-23-000082,0001658521,"MOUNTAIN TOP PROPERTIES, INC.",0099
2413,http://www.sec.gov/Archives/edgar/data/1558740/000182912623001707/winvestgroup_s1a3.htm,DQC.US.0099.9533,US GAAP 2022,S-1/A,2023-02-28,2023-02-28 11:54:00,0001829126-23-001707,0001558740,Winvest Group Ltd.,0099
2414,http://www.sec.gov/Archives/edgar/data/1236275/000118518523000161/silversun20221231_10k.htm,DQC.US.0099.9533,US GAAP 2022,10-K,2023-02-28,2023-02-28 09:00:00,0001185185-23-000161,0001236275,"QXO, INC.",0099
2415,http://www.sec.gov/Archives/edgar/data/1109345/000117891323000775/zk2329275.htm,DQC.US.0099.9533,US GAAP 2022,20-F,2023-02-28,2023-02-28 07:03:00,0001178913-23-000775,0001109345,NOVA LTD.,0099
2416,http://www.sec.gov/Archives/edgar/data/883984/000088398423000009/icui-20221231.htm,DQC.US.0099.9533,US GAAP 2022,10-K,2023-02-27,2023-02-27 17:31:00,0000883984-23-000009,0000883984,ICU MEDICAL INC/DE,0099
2417,http://www.sec.gov/Archives/edgar/data/1434740/000147793223001256/rngr_10q.htm,DQC.US.0099.9533,US GAAP 2022,10-Q,2023-02-27,2023-02-27 17:23:00,0001477932-23-001256,0001434740,RANGER GOLD CORP.,0099
2418,http://www.sec.gov/Archives/edgar/data/1173514/000117351423000011/hy-20221231.htm,DQC.US.0099.9533,US GAAP 2022,10-K,2023-02-27,2023-02-27 17:14:00,0001173514-23-000011,0001173514,"HYSTER-YALE, INC.",0099
2419,http://www.sec.gov/Archives/edgar/data/1037540/000165642323000013/bxp-20221231.htm,DQC.US.0099.9533,US GAAP 2022,10-K,2023-02-27,2023-02-27 16:48:00,0001656423-23-000013,0001037540,"BXP, INC.",0099
2420,http://www.sec.gov/Archives/edgar/data/1517302/000151730223000016/apam-20221231.htm,DQC.US.0099.9533,US GAAP 2022,10-K,2023-02-27,2023-02-27 16:44:00,0001517302-23-000016,0001517302,Artisan Partners Asset Management Inc.,0099
2421,http://www.sec.gov/Archives/edgar/data/1532383/000101738623000078/vnja_2022dec31-10k.htm,DQC.US.0099.9533,US GAAP 2022,10-K,2023-02-27,2023-02-27 16:35:00,0001017386-23-000078,0001532383,Vanjia Corporation,0099
2422,http://www.sec.gov/Archives/edgar/data/1457919/000121465923003130/a112523010k.htm,DQC.US.0099.9533,US GAAP 2022,10-K,2023-02-27,2023-02-27 16:28:00,0001214659-23-003130,0001457919,"Ridgewood Energy A-1 Fund, LLC",0099
2423,http://www.sec.gov/Archives/edgar/data/1315061/000121465923003131/o12423210k.htm,DQC.US.0099.9533,US GAAP 2022,10-K,2023-02-27,2023-02-27 16:27:00,0001214659-23-003131,0001315061,"Ridgewood Energy O Fund, LLC",0099
2424,http://www.sec.gov/Archives/edgar/data/1338474/000121465923003132/q12523310k.htm,DQC.US.0099.9533,US GAAP 2022,10-K,2023-02-27,2023-02-27 16:27:00,0001214659-23-003132,0001338474,"Ridgewood Energy Q Fund, LLC",0099
2425,http://www.sec.gov/Archives/edgar/data/1352190/000121465923003133/s12423010k.htm,DQC.US.0099.9533,US GAAP 2022,10-K,2023-02-27,2023-02-27 16:27:00,0001214659-23-003133,0001352190,"Ridgewood Energy S Fund, LLC",0099
2426,http://www.sec.gov/Archives/edgar/data/1364397/000121465923003134/t12523510k.htm,DQC.US.0099.9533,US GAAP 2022,10-K,2023-02-27,2023-02-27 16:27:00,0001214659-23-003134,0001364397,"Ridgewood Energy T Fund, LLC",0099
2427,http://www.sec.gov/Archives/edgar/data/1377178/000121465923003135/u12523610k.htm,DQC.US.0099.9533,US GAAP 2022,10-K,2023-02-27,2023-02-27 16:27:00,0001214659-23-003135,0001377178,"Ridgewood Energy U Fund, LLC",0099
2428,http://www.sec.gov/Archives/edgar/data/1385662/000121465923003136/v12523710k.htm,DQC.US.0099.9533,US GAAP 2022,10-K,2023-02-27,2023-02-27 16:27:00,0001214659-23-003136,0001385662,"Ridgewood Energy V Fund, LLC",0099
2429,http://www.sec.gov/Archives/edgar/data/1409947/000121465923003137/w12523910k.htm,DQC.US.0099.9533,US GAAP 2022,10-K,2023-02-27,2023-02-27 16:27:00,0001214659-23-003137,0001409947,"Ridgewood Energy W Fund, LLC",0099
2430,http://www.sec.gov/Archives/edgar/data/1434070/000121465923003139/y12423010k.htm,DQC.US.0099.9533,US GAAP 2022,10-K,2023-02-27,2023-02-27 16:27:00,0001214659-23-003139,0001434070,"Ridgewood Energy Y Fund, LLC",0099
2431,http://www.sec.gov/Archives/edgar/data/1455741/000121465923003138/x12523810k.htm,DQC.US.0099.9533,US GAAP 2022,10-K,2023-02-27,2023-02-27 16:27:00,0001214659-23-003138,0001455741,"Ridgewood Energy X Fund, LLC",0099
2432,http://www.sec.gov/Archives/edgar/data/1758699/000175869923000004/report10k_30nov2022.htm,DQC.US.0099.9533,US GAAP 2022,10-K,2023-02-27,2023-02-27 12:58:00,0001758699-23-000004,0001758699,TRANSUITE.ORG INC.,0099
2433,http://www.sec.gov/Archives/edgar/data/1041061/000104106123000009/yum-20221231.htm,DQC.US.0099.9533,US GAAP 2022,10-K,2023-02-27,2023-02-24 18:07:00,0001041061-23-000009,0001041061,"YUM! BRANDS, INC.",0099
2434,http://www.sec.gov/Archives/edgar/data/1379041/000137904123000024/eig-20221231.htm,DQC.US.0099.9533,US GAAP 2022,10-K,2023-02-24,2023-02-24 16:59:00,0001379041-23-000024,0001379041,"EMPLOYERS HOLDINGS, INC.",0099
2435,http://www.sec.gov/Archives/edgar/data/1880661/000188066123000017/tpg-20221231.htm,DQC.US.0099.9533,US GAAP 2022,10-K,2023-02-24,2023-02-24 16:11:00,0001880661-23-000017,0001880661,TPG Inc.,0099
2436,http://www.sec.gov/Archives/edgar/data/1051470/000105147023000041/cci-20221231.htm,DQC.US.0099.9533,US GAAP 2022,10-K,2023-02-24,2023-02-24 16:08:00,0001051470-23-000041,0001051470,Crown Castle Inc,0099
2437,http://www.sec.gov/Archives/edgar/data/1852940/000121390023014314/f10k2022_gogreeninvest.htm,DQC.US.0099.9533,US GAAP 2022,10-K,2023-02-24,2023-02-24 16:07:00,0001213900-23-014314,0001852940,GoGreen Investments Corporation,0099
2438,http://www.sec.gov/Archives/edgar/data/1653653/000165365323000004/rrr-20221231.htm,DQC.US.0099.9533,US GAAP 2022,10-K,2023-02-24,2023-02-24 15:33:00,0001653653-23-000004,0001653653,"RED ROCK RESORTS, INC.",0099
2439,http://www.sec.gov/Archives/edgar/data/67716/000006771623000017/mdu-20221231.htm,DQC.US.0099.9533,US GAAP 2022,10-K,2023-02-24,2023-02-24 15:17:00,0000067716-23-000017,0000067716,"MDU Resources Group, Inc.",0099
2440,http://www.sec.gov/Archives/edgar/data/1781629/000178162923000004/ankam10k_2022.htm,DQC.US.0099.9533,US GAAP 2022,10-K,2023-02-24,2023-02-24 14:17:00,0001781629-23-000004,0001781629,"ANKAM, INC.",0099
2441,http://www.sec.gov/Archives/edgar/data/1602813/000154972723000007/frtg-10q.htm,DQC.US.0099.9533,US GAAP 2022,10-Q,2023-02-24,2023-02-24 12:21:00,0001549727-23-000007,0001602813,FRONTERA GROUP INC.,0099
2442,http://www.sec.gov/Archives/edgar/data/65984/000006598423000014/etr-20221231.htm,DQC.US.0099.9533,US GAAP 2021,10-K,2023-02-24,2023-02-24 11:41:00,0000065984-23-000014,0000065984,Entergy Corporation,0099
2443,http://www.sec.gov/Archives/edgar/data/1602078/000155335023000139/nmrd_10q.htm,DQC.US.0099.9533,US GAAP 2022,10-Q,2023-02-24,2023-02-24 08:02:00,0001553350-23-000139,0001602078,NEMAURA MEDICAL INC.,0099
2444,http://www.sec.gov/Archives/edgar/data/1602078/000155335023000137/nmra_10qa.htm,DQC.US.0099.9533,US GAAP 2022,10-Q/A,2023-02-24,2023-02-24 08:01:00,0001553350-23-000137,0001602078,NEMAURA MEDICAL INC.,0099
2445,http://www.sec.gov/Archives/edgar/data/1602078/000155335023000138/nmra_10qa-093022.htm,DQC.US.0099.9533,US GAAP 2022,10-Q/A,2023-02-24,2023-02-24 08:01:00,0001553350-23-000138,0001602078,NEMAURA MEDICAL INC.,0099
2446,http://www.sec.gov/Archives/edgar/data/1587732/000158773223000015/ogs-20221231.htm,DQC.US.0099.9533,US GAAP 2022,10-K,2023-02-23,2023-02-23 16:45:00,0001587732-23-000015,0001587732,"ONE Gas, Inc.",0099
2447,http://www.sec.gov/Archives/edgar/data/1836478/000173112223000260/e4400_10k.htm,DQC.US.0099.9533,US GAAP 2022,10-K,2023-02-23,2023-02-23 16:45:00,0001731122-23-000260,0001836478,Avalon Acquisition Inc.,0099
2448,http://www.sec.gov/Archives/edgar/data/1212545/000121254523000093/wal-20221231.htm,DQC.US.0099.9533,US GAAP 2022,10-K,2023-02-23,2023-02-23 15:54:00,0001212545-23-000093,0001212545,WESTERN ALLIANCE BANCORPORATION,0099
2449,http://www.sec.gov/Archives/edgar/data/1065696/000106569623000008/lkq-20221231.htm,DQC.US.0099.9533,US GAAP 2021,10-K,2023-02-23,2023-02-23 15:08:00,0001065696-23-000008,0001065696,LKQ CORPORATION,0099
2450,http://www.sec.gov/Archives/edgar/data/1123852/000112385223000004/nspm-20221231.htm,DQC.US.0099.9533,US GAAP 2022,10-K,2023-02-23,2023-02-23 15:06:00,0001123852-23-000004,0001123852,NORTHERN STATES POWER CO,0099
2451,http://www.sec.gov/Archives/edgar/data/1285785/000161803423000003/mos-20221231.htm,DQC.US.0099.9533,US GAAP 2022,10-K,2023-02-23,2023-02-23 14:11:00,0001618034-23-000003,0001285785,MOSAIC CO,0099
2452,http://www.sec.gov/Archives/edgar/data/1658520/000147793223001216/os_10q.htm,DQC.US.0099.9533,US GAAP 2022,10-Q,2023-02-23,2023-02-23 10:52:00,0001477932-23-001216,0001658520,"OS Support, Inc.",0099
2453,http://www.sec.gov/Archives/edgar/data/1045450/000104545023000033/epr-20221231.htm,DQC.US.0099.9533,US GAAP 2021,10-K,2023-02-23,2023-02-23 09:25:00,0001045450-23-000033,0001045450,EPR PROPERTIES,0099
2454,http://www.sec.gov/Archives/edgar/data/4904/000000490423000011/aep-20221231.htm,DQC.US.0099.9533,US GAAP 2022,10-K,2023-02-23,2023-02-23 08:24:00,0000004904-23-000011,0000004904,AMERICAN ELECTRIC POWER CO INC.,0099
2455,http://www.sec.gov/Archives/edgar/data/914208/000091420823000297/ivz-20221231.htm,DQC.US.0099.9533,US GAAP 2022,10-K,2023-02-23,2023-02-22 17:46:00,0000914208-23-000297,0000914208,Invesco Ltd.,0099
2456,http://www.sec.gov/Archives/edgar/data/19745/000162828023004607/cpk-20221231.htm,DQC.US.0099.9533,US GAAP 2022,10-K,2023-02-22,2023-02-22 17:10:00,0001628280-23-004607,0000019745,CHESAPEAKE UTILITIES CORP,0099
2457,http://www.sec.gov/Archives/edgar/data/77877/000007787723000012/pdce-20221231.htm,DQC.US.0099.9533,US GAAP 2022,10-K,2023-02-22,2023-02-22 16:39:00,0000077877-23-000012,0000077877,"PDC ENERGY, INC.",0099
2458,http://www.sec.gov/Archives/edgar/data/1700849/000118518523000157/vado20221130_10k.htm,DQC.US.0099.9533,US GAAP 2022,10-K,2023-02-22,2023-02-22 16:03:00,0001185185-23-000157,0001700849,Vado Corp.,0099
2459,http://www.sec.gov/Archives/edgar/data/1301991/000182912623001628/smartmetricinc_10q.htm,DQC.US.0099.9533,US GAAP 2022,10-Q,2023-02-22,2023-02-22 15:09:00,0001829126-23-001628,0001301991,"SMARTMETRIC, INC.",0099
2460,http://www.sec.gov/Archives/edgar/data/707179/000070717923000008/onb-20221231.htm,DQC.US.0099.9533,US GAAP 2022,10-K,2023-02-22,2023-02-22 14:57:00,0000707179-23-000008,0000707179,OLD NATIONAL BANCORP,0099
2461,http://www.sec.gov/Archives/edgar/data/1419612/000117891323000707/zk2329263.htm,DQC.US.0099.9533,US GAAP 2022,10-K,2023-02-22,2023-02-22 14:08:00,0001178913-23-000707,0001419612,"SOLAREDGE TECHNOLOGIES, INC",0099
2462,http://www.sec.gov/Archives/edgar/data/1459188/000101738623000067/fdoc_2022dec31-10k.htm,DQC.US.0099.9533,US GAAP 2022,10-K,2023-02-22,2023-02-21 18:06:00,0001017386-23-000067,0001459188,CHARGING ROBOTICS INC,0099
2463,http://www.sec.gov/Archives/edgar/data/1717556/000149315223005705/form10-q.htm,DQC.US.0099.9533,US GAAP 2022,10-Q,2023-02-21,2023-02-21 17:29:00,0001493152-23-005705,0001717556,"VINCO VENTURES, INC.",0099
2464,http://www.sec.gov/Archives/edgar/data/1098009/000118518523000150/amgreat20221231_10q.htm,DQC.US.0099.9533,US GAAP 2022,10-Q,2023-02-21,2023-02-21 16:51:00,0001185185-23-000150,0001098009,America Great Health,0099
2465,http://www.sec.gov/Archives/edgar/data/704172/000149315223005672/form10-q.htm,DQC.US.0099.9533,US GAAP 2022,10-Q,2023-02-21,2023-02-21 16:46:00,0001493152-23-005672,0000704172,"PHI GROUP, INC.",0099
2466,http://www.sec.gov/Archives/edgar/data/851726/000109690623000418/sfgc-20221231.htm,DQC.US.0099.9533,US GAAP 2022,10-Q,2023-02-21,2023-02-21 16:37:00,0001096906-23-000418,0000851726,SANTA FE GOLD CORPORATION,0099
2467,http://www.sec.gov/Archives/edgar/data/704172/000149315223005664/form10-qa.htm,DQC.US.0099.9533,US GAAP 2022,10-Q/A,2023-02-21,2023-02-21 16:31:00,0001493152-23-005664,0000704172,"PHI GROUP, INC.",0099
2468,http://www.sec.gov/Archives/edgar/data/1543151/000154315123000010/uber-20221231.htm,DQC.US.0099.9533,US GAAP 2022,10-K,2023-02-21,2023-02-21 16:10:00,0001543151-23-000010,0001543151,"UBER TECHNOLOGIES, INC.",0099
2469,http://www.sec.gov/Archives/edgar/data/1832161/000139390523000085/keyr-20221231.htm,DQC.US.0099.9533,US GAAP 2022,10-Q,2023-02-21,2023-02-21 15:25:00,0001393905-23-000085,0001832161,"VIP Play, Inc.",0099
2470,http://www.sec.gov/Archives/edgar/data/1884072/000119983523000112/jewl-10q.htm,DQC.US.0099.9533,US GAAP 2022,10-Q,2023-02-21,2023-02-21 15:06:00,0001199835-23-000112,0001884072,ADAMAS ONE CORP.,0099
2471,http://www.sec.gov/Archives/edgar/data/1678105/000164033423000246/caro_10q.htm,DQC.US.0099.9533,US GAAP 2022,10-Q,2023-02-21,2023-02-21 15:00:00,0001640334-23-000246,0001678105,CARO HOLDINGS INC.,0099
2472,http://www.sec.gov/Archives/edgar/data/99780/000009978023000013/trn-20221231.htm,DQC.US.0099.9533,US GAAP 2022,10-K,2023-02-21,2023-02-21 14:46:00,0000099780-23-000013,0000099780,TRINITY INDUSTRIES INC,0099
2473,http://www.sec.gov/Archives/edgar/data/60519/000162828023004259/lpx-20221231.htm,DQC.US.0099.9533,US GAAP 2022,10-K,2023-02-21,2023-02-21 14:39:00,0001628280-23-004259,0000060519,LOUISIANA-PACIFIC CORPORATION,0099
2474,http://www.sec.gov/Archives/edgar/data/1680132/000139390523000083/csui-20221130.htm,DQC.US.0099.9533,US GAAP 2022,10-Q,2023-02-21,2023-02-21 14:34:00,0001393905-23-000083,0001680132,CANNABIS SUISSE CORP.,0099
2475,http://www.sec.gov/Archives/edgar/data/1560905/000154812323000036/tortec10q1222.htm,DQC.US.0099.9533,US GAAP 2022,10-Q,2023-02-21,2023-02-21 14:24:00,0001548123-23-000036,0001560905,TORTEC GROUP CORPORATION,0099
2476,http://www.sec.gov/Archives/edgar/data/1333986/000133398623000004/eqh-20221231.htm,DQC.US.0099.9533,US GAAP 2022,10-K,2023-02-21,2023-02-21 11:23:00,0001333986-23-000004,0001333986,"Equitable Holdings, Inc.",0099
2477,http://www.sec.gov/Archives/edgar/data/51644/000005164423000010/ipg-20221231.htm,DQC.US.0099.9533,US GAAP 2022,10-K,2023-02-21,2023-02-21 08:59:00,0000051644-23-000010,0000051644,"INTERPUBLIC GROUP OF COMPANIES, INC.",0099
2478,http://www.sec.gov/Archives/edgar/data/1609139/000155479523000044/innd0217form10q.htm,DQC.US.0099.9533,US GAAP 2021,10-Q,2023-02-21,2023-02-21 06:09:00,0001554795-23-000044,0001609139,"INNERSCOPE HEARING TECHNOLOGIES, INC.",0099
2479,http://www.sec.gov/Archives/edgar/data/1551887/000139390523000079/dusyf-20221031.htm,DQC.US.0099.9533,US GAAP 2022,10-K,2023-02-21,2023-02-17 17:19:00,0001393905-23-000079,0001551887,DUESENBERG TECHNOLOGIES INC.,0099
2480,http://www.sec.gov/Archives/edgar/data/1364885/000162828023004051/spr-20221231.htm,DQC.US.0099.9533,US GAAP 2022,10-K,2023-02-21,2023-02-17 16:38:00,0001628280-23-004051,0001364885,"Spirit AeroSystems Holdings, Inc.",0099
2481,http://www.sec.gov/Archives/edgar/data/1338065/000133806523000007/dpm-20221231.htm,DQC.US.0099.9533,US GAAP 2022,10-K,2023-02-21,2023-02-17 16:14:00,0001338065-23-000007,0001338065,"DCP MIDSTREAM, LP",0099
2482,http://www.sec.gov/Archives/edgar/data/1043509/000104350923000003/sah-20221231.htm,DQC.US.0099.9533,US GAAP 2021,10-K,2023-02-21,2023-02-17 16:00:00,0001043509-23-000003,0001043509,"SONIC AUTOMOTIVE, INC.",0099
2483,http://www.sec.gov/Archives/edgar/data/1609139/000155479523000039/innd0208form10q.htm,DQC.US.0099.9533,US GAAP 2021,10-Q,2023-02-21,2023-02-17 13:53:00,0001554795-23-000039,0001609139,"INNERSCOPE HEARING TECHNOLOGIES, INC.",0099
2484,http://www.sec.gov/Archives/edgar/data/1276187/000127618723000014/et-20221231.htm,DQC.US.0099.9533,US GAAP 2022,10-K,2023-02-21,2023-02-17 12:22:00,0001276187-23-000014,0001276187,ENERGY TRANSFER LP,0099
2485,http://www.sec.gov/Archives/edgar/data/799292/000079929223000037/mho-20221231.htm,DQC.US.0099.9533,US GAAP 2022,10-K,2023-02-21,2023-02-17 10:43:00,0000799292-23-000037,0000799292,"M/I HOMES, INC.",0099
2486,http://www.sec.gov/Archives/edgar/data/14930/000001493023000054/bcorp-20221231.htm,DQC.US.0099.9533,US GAAP 2022,10-K,2023-02-21,2023-02-16 15:12:00,0000014930-23-000054,0000014930,Brunswick Corporation,0099
2487,http://www.sec.gov/Archives/edgar/data/1141964/000121465923002645/g21323310k.htm,DQC.US.0099.9533,US GAAP 2022,10-K,2023-02-21,2023-02-16 14:32:00,0001214659-23-002645,0001141964,PUBLIC CO MANAGEMENT CORP,0099
2488,http://www.sec.gov/Archives/edgar/data/1057877/000105787723000007/ida-20221231.htm,DQC.US.0099.9533,US GAAP 2022,10-K,2023-02-16,2023-02-16 08:08:00,0001057877-23-000007,0001057877,"IDACORP, Inc.",0099
2489,http://www.sec.gov/Archives/edgar/data/1418819/000141881923000010/irdm-20221231.htm,DQC.US.0099.9533,US GAAP 2022,10-K,2023-02-16,2023-02-16 07:03:00,0001418819-23-000010,0001418819,Iridium Communications Inc.,0099
2490,http://www.sec.gov/Archives/edgar/data/92122/000009212223000012/so-20221231.htm,DQC.US.0099.9533,US GAAP 2022,10-K,2023-02-16,2023-02-15 17:59:00,0000092122-23-000012,0000092122,The Southern Company,0099
2491,http://www.sec.gov/Archives/edgar/data/89089/000008908923000008/sci-20221231.htm,DQC.US.0099.9533,US GAAP 2022,10-K,2023-02-15,2023-02-15 17:17:00,0000089089-23-000008,0000089089,Service Corporation International,0099
2492,http://www.sec.gov/Archives/edgar/data/49600/000004960023000021/egp-20221231.htm,DQC.US.0099.9533,US GAAP 2021,10-K,2023-02-15,2023-02-15 16:25:00,0000049600-23-000021,0000049600,"EASTGROUP PROPERTIES, INC.",0099
2493,http://www.sec.gov/Archives/edgar/data/1775194/000147793223001046/upxi_10q.htm,DQC.US.0099.9533,US GAAP 2022,10-Q,2023-02-15,2023-02-15 06:37:00,0001477932-23-001046,0001775194,"UPEXI, INC.",0099
2494,http://www.sec.gov/Archives/edgar/data/1082733/000165495423001733/vism_10q.htm,DQC.US.0099.9533,US GAAP 2022,10-Q,2023-02-14,2023-02-14 17:16:00,0001654954-23-001733,0001082733,"VISIUM TECHNOLOGIES, INC.",0099
2495,http://www.sec.gov/Archives/edgar/data/1109357/000110935723000018/exc-20221231.htm,DQC.US.0099.9533,US GAAP 2022,10-K,2023-02-14,2023-02-14 17:09:00,0001109357-23-000018,0001109357,EXELON CORPORATION,0099
2496,http://www.sec.gov/Archives/edgar/data/1500123/000155479523000037/inlb0214form10q.htm,DQC.US.0099.9533,US GAAP 2022,10-Q,2023-02-14,2023-02-14 17:02:00,0001554795-23-000037,0001500123,ITEM 9 LABS CORP.,0099
2497,http://www.sec.gov/Archives/edgar/data/1650739/000147793223001021/ajia_10q.htm,DQC.US.0099.9533,US GAAP 2022,10-Q,2023-02-14,2023-02-14 16:52:00,0001477932-23-001021,0001650739,"AJIA INNOGROUP HOLDINGS, LTD.",0099
2498,http://www.sec.gov/Archives/edgar/data/773318/000160706223000092/vrtc123122form10q.htm,DQC.US.0099.9533,US GAAP 2022,10-Q,2023-02-14,2023-02-14 16:44:00,0001607062-23-000092,0000773318,"VERITEC, INC.",0099
2499,http://www.sec.gov/Archives/edgar/data/1506929/000164033423000220/vrdr_10q.htm,DQC.US.0099.9533,US GAAP 2022,10-Q,2023-02-14,2023-02-14 16:43:00,0001640334-23-000220,0001506929,"Verde Resources, Inc.",0099
2500,http://www.sec.gov/Archives/edgar/data/1359687/000135968723000007/rte-20221231.htm,DQC.US.0099.9533,US GAAP 2022,10-Q,2023-02-14,2023-02-14 16:42:00,0001359687-23-000007,0001359687,"RED TRAIL ENERGY, LLC",0099
2501,http://www.sec.gov/Archives/edgar/data/1121795/000155335023000125/ghst_10q.htm,DQC.US.0099.9533,US GAAP 2022,10-Q,2023-02-14,2023-02-14 16:32:00,0001553350-23-000125,0001121795,GHST World Inc.,0099
2502,http://www.sec.gov/Archives/edgar/data/1791325/000109690623000384/figi-20221031.htm,DQC.US.0099.9533,US GAAP 2022,10-K,2023-02-14,2023-02-14 16:25:00,0001096906-23-000384,0001791325,Freedom Internet Group Inc.,0099
2503,http://www.sec.gov/Archives/edgar/data/355019/000035501923000007/fonar_10-q.htm,DQC.US.0099.9533,US GAAP 2022,10-Q,2023-02-14,2023-02-14 16:16:00,0000355019-23-000007,0000355019,"FONAR
CORPORATION",0099
2504,http://www.sec.gov/Archives/edgar/data/875729/000107997323000206/bion_10q.htm,DQC.US.0099.9533,US GAAP 2022,10-Q/A,2023-02-14,2023-02-14 16:15:00,0001079973-23-000206,0000875729,"BION ENVIRONMENTAL TECHNOLOGIES, INC.",0099
2505,http://www.sec.gov/Archives/edgar/data/1016178/000101617823000006/carv-20221231.htm,DQC.US.0099.9533,US GAAP 2022,10-Q,2023-02-14,2023-02-14 16:12:00,0001016178-23-000006,0001016178,"CARVER BANCORP, INC.",0099
2506,http://www.sec.gov/Archives/edgar/data/1488917/000089710123000085/elmd230174_10q.htm,DQC.US.0099.9533,US GAAP 2022,10-Q,2023-02-14,2023-02-14 16:10:00,0000897101-23-000085,0001488917,"ELECTROMED, INC.",0099
2507,http://www.sec.gov/Archives/edgar/data/1636051/000118518523000134/fusegroup20221231_10q.htm,DQC.US.0099.9533,US GAAP 2022,10-Q,2023-02-14,2023-02-14 16:06:00,0001185185-23-000134,0001636051,FUSE GROUP HOLDING INC,0099
2508,http://www.sec.gov/Archives/edgar/data/1442999/000166357723000080/abti10q.htm,DQC.US.0099.9533,US GAAP 2022,10-Q,2023-02-14,2023-02-14 15:51:00,0001663577-23-000080,0001442999,"Alterola Biotech, Inc.",0099
2509,http://www.sec.gov/Archives/edgar/data/1435812/000151597123000011/arem10q123122.htm,DQC.US.0099.9533,US GAAP 2022,10-Q,2023-02-14,2023-02-14 15:44:00,0001515971-23-000011,0001435812,Arem Pacific Corporation,0099
2510,http://www.sec.gov/Archives/edgar/data/1089297/000109690623000376/nvgt-20221231.htm,DQC.US.0099.9533,US GAAP 2022,10-Q,2023-02-14,2023-02-14 15:27:00,0001096906-23-000376,0001089297,NOVAGANT CORP.,0099
2511,http://www.sec.gov/Archives/edgar/data/26172/000002617223000005/cmi-20221231.htm,DQC.US.0099.9533,US GAAP 2022,10-K,2023-02-14,2023-02-14 15:15:00,0000026172-23-000005,0000026172,CUMMINS INC.,0099
2512,http://www.sec.gov/Archives/edgar/data/1616741/000161674123000019/patrdecq23.htm,DQC.US.0099.9533,US GAAP 2022,10-Q,2023-02-14,2023-02-14 15:08:00,0001616741-23-000019,0001616741,"PATRIOT
TRANSPORTATION HOLDING, INC.",0099
2513,http://www.sec.gov/Archives/edgar/data/1546853/000147793223000972/skky_10k.htm,DQC.US.0099.9533,US GAAP 2022,10-K/A,2023-02-14,2023-02-14 14:04:00,0001477932-23-000972,0001546853,"SKKYNET CLOUD SYSTEMS, INC.",0099
2514,http://www.sec.gov/Archives/edgar/data/1039466/000118518523000128/novaccess20221231_10q.htm,DQC.US.0099.9533,US GAAP 2022,10-Q,2023-02-14,2023-02-14 13:48:00,0001185185-23-000128,0001039466,NovAccess Global Inc.,0099
2515,http://www.sec.gov/Archives/edgar/data/1740797/000174079723000012/tren10qdec3122.htm,DQC.US.0099.9533,US GAAP 2022,10-Q,2023-02-14,2023-02-14 13:17:00,0001740797-23-000012,0001740797,AVANT TECHNOLOGIES INC.,0099
2516,http://www.sec.gov/Archives/edgar/data/1603345/000147793223000969/agtx_10q.htm,DQC.US.0099.9533,US GAAP 2022,10-Q,2023-02-14,2023-02-14 13:09:00,0001477932-23-000969,0001603345,AGENTIX CORP.,0099
2517,http://www.sec.gov/Archives/edgar/data/1888740/000119983523000096/lseb-10q.htm,DQC.US.0099.9533,US GAAP 2022,10-Q,2023-02-14,2023-02-14 11:21:00,0001199835-23-000096,0001888740,LSEB CREATIVE CORP.,0099
2518,http://www.sec.gov/Archives/edgar/data/1634293/000159991623000039/exceed_10q123o.htm,DQC.US.0099.9533,US GAAP 2022,10-Q,2023-02-14,2023-02-14 11:18:00,0001599916-23-000039,0001634293,"Exceed World, Inc.",0099
2519,http://www.sec.gov/Archives/edgar/data/1367408/000139390523000070/oily-20221231.htm,DQC.US.0099.9533,US GAAP 2022,10-Q,2023-02-14,2023-02-14 10:45:00,0001393905-23-000070,0001367408,Sino                                                American Oil Co,0099
2520,http://www.sec.gov/Archives/edgar/data/1067873/000139390523000065/iptk-20221231.htm,DQC.US.0099.9533,US GAAP 2022,10-Q,2023-02-14,2023-02-14 09:33:00,0001393905-23-000065,0001067873,"AS-IP TECH, INC.",0099
2521,http://www.sec.gov/Archives/edgar/data/1004724/000149315223004597/forms-4.htm,DQC.US.0099.9533,US GAAP 2022,S-4,2023-02-14,2023-02-14 07:41:00,0001493152-23-004597,0001004724,"Regional Health Properties, Inc.",0099
2522,http://www.sec.gov/Archives/edgar/data/1190370/000173112223000202/e4409_10k.htm,DQC.US.0099.9533,US GAAP 2022,10-K,2023-02-13,2023-02-13 17:28:00,0001731122-23-000202,0001190370,"Innovative Designs, Inc.",0099
2523,http://www.sec.gov/Archives/edgar/data/1412659/000166225223000012/rgin10q.htm,DQC.US.0099.9533,US GAAP 2022,10-Q,2023-02-13,2023-02-13 17:28:00,0001662252-23-000012,0001412659,"Regenicin, Inc.",0099
2524,http://www.sec.gov/Archives/edgar/data/1512228/000153949723000271/n2574_x85-10q.htm,DQC.US.0099.9533,US GAAP 2022,10-Q,2023-02-13,2023-02-13 17:20:00,0001539497-23-000271,0001512228,NioCorp Developments Ltd.,0099
2525,http://www.sec.gov/Archives/edgar/data/1502152/000116169723000103/form_10-q.htm,DQC.US.0099.9533,US GAAP 2022,10-Q,2023-02-13,2023-02-13 17:14:00,0001161697-23-000103,0001502152,GlobeStar Therapeutics Corp,0099
2526,http://www.sec.gov/Archives/edgar/data/1074871/000101905623000132/modular_3q23.htm,DQC.US.0099.9533,US GAAP 2022,10-Q,2023-02-13,2023-02-13 17:05:00,0001019056-23-000132,0001074871,"MODULAR MEDICAL, INC.",0099
2527,http://www.sec.gov/Archives/edgar/data/352991/000147793223000936/aoxy_10q.htm,DQC.US.0099.9533,US GAAP 2022,10-Q,2023-02-13,2023-02-13 17:04:00,0001477932-23-000936,0000352991,"ADVANCED OXYGEN TECHNOLOGIES, INC.",0099
2528,http://www.sec.gov/Archives/edgar/data/1610940/000121390023010776/f10q1222_etfmanagers1.htm,DQC.US.0099.9533,US GAAP 2022,10-Q,2023-02-13,2023-02-13 16:45:00,0001213900-23-010776,0001610940,Amplify Commodity Trust,0099
2529,http://www.sec.gov/Archives/edgar/data/7789/000000778923000013/asb-20221231.htm,DQC.US.0099.9533,US GAAP 2022,10-K,2023-02-13,2023-02-13 16:26:00,0000007789-23-000013,0000007789,Associated Banc-Corp,0099
2530,http://www.sec.gov/Archives/edgar/data/1701261/000147793223000928/fami_20f.htm,DQC.US.0099.9533,US GAAP 2022,20-F,2023-02-13,2023-02-13 16:06:00,0001477932-23-000928,0001701261,"Farmmi, Inc.",0099
2531,http://www.sec.gov/Archives/edgar/data/1822372/000182237223000003/ste10qdec312022.htm,DQC.US.0099.9533,US GAAP 2022,10-Q,2023-02-13,2023-02-13 14:03:00,0001822372-23-000003,0001822372,STREETEX CORP.,0099
2532,http://www.sec.gov/Archives/edgar/data/1696195/000147793223000921/knit_10q.htm,DQC.US.0099.9533,US GAAP 2022,10-Q,2023-02-13,2023-02-13 13:51:00,0001477932-23-000921,0001696195,Kinetic Group Inc.,0099
2533,http://www.sec.gov/Archives/edgar/data/1362516/000109181823000016/clri-20221231.htm.htm,DQC.US.0099.9533,US GAAP 2022,10-Q,2023-02-13,2023-02-13 12:06:00,0001091818-23-000016,0001362516,"Cleartronic, Inc.",0099
2534,http://www.sec.gov/Archives/edgar/data/925661/000109690623000327/seci-20221231.htm,DQC.US.0099.9533,US GAAP 2022,10-Q,2023-02-13,2023-02-13 11:51:00,0001096906-23-000327,0000925661,"SECTOR 10, Inc.",0099
2535,http://www.sec.gov/Archives/edgar/data/1011662/000152013823000090/gdsi-20220202_s1.htm,DQC.US.0099.9533,US GAAP 2022,S-1,2023-02-10,2023-02-10 17:30:00,0001520138-23-000090,0001011662,"GLOBAL DIGITAL SOLUTIONS, INC.",0099
2536,http://www.sec.gov/Archives/edgar/data/1527702/000166357723000070/iqst_s1a.htm,DQC.US.0099.9533,US GAAP 2022,S-1/A,2023-02-10,2023-02-10 17:17:00,0001663577-23-000070,0001527702,iQSTEL Inc.,0099
2537,http://www.sec.gov/Archives/edgar/data/1570937/000155479523000034/atao0214form10q.htm,DQC.US.0099.9533,US GAAP 2022,10-Q,2023-02-10,2023-02-10 17:01:00,0001554795-23-000034,0001570937,Altair International Corp.,0099
2538,http://www.sec.gov/Archives/edgar/data/1590715/000147793223000881/arec_10ka.htm,DQC.US.0099.9533,US GAAP 2022,10-K/A,2023-02-10,2023-02-10 17:01:00,0001477932-23-000881,0001590715,AMERICAN RESOURCES CORPORATION,0099
2539,http://www.sec.gov/Archives/edgar/data/1540159/000165495423001577/edsa_10q.htm,DQC.US.0099.9533,US GAAP 2022,10-Q,2023-02-10,2023-02-10 16:15:00,0001654954-23-001577,0001540159,"EDESA BIOTECH, INC.",0099
2540,http://www.sec.gov/Archives/edgar/data/1813744/000159991623000036/wsp_10k22o.htm,DQC.US.0099.9533,US GAAP 2022,10-K,2023-02-10,2023-02-10 15:54:00,0001599916-23-000036,0001813744,"World Scan Project, Inc.",0099
2541,http://www.sec.gov/Archives/edgar/data/1848334/000155335023000102/okmin_10q.htm,DQC.US.0099.9533,US GAAP 2022,10-Q,2023-02-10,2023-02-09 20:40:00,0001553350-23-000102,0001848334,OKMIN RESOURCES INC.,0099
2542,http://www.sec.gov/Archives/edgar/data/1452804/000119983523000089/pkph123122-10q.htm,DQC.US.0099.9533,US GAAP 2022,10-Q,2023-02-09,2023-02-09 17:11:00,0001199835-23-000089,0001452804,"PEAK PHARMACEUTICALS, INC.",0099
2543,http://www.sec.gov/Archives/edgar/data/1504461/000150446123000010/ngl-20221231.htm,DQC.US.0099.9533,US GAAP 2021,10-Q,2023-02-09,2023-02-09 16:49:00,0001504461-23-000010,0001504461,NGL Energy Partners LP,0099
2544,http://www.sec.gov/Archives/edgar/data/1882781/000159991623000032/c2blockq2o.htm,DQC.US.0099.9533,US GAAP 2022,10-Q,2023-02-09,2023-02-09 11:03:00,0001599916-23-000032,0001882781,"C2 Blockchain,Inc.",0099
2545,http://www.sec.gov/Archives/edgar/data/55785/000005578523000012/kmb-20221231.htm,DQC.US.0099.9533,US GAAP 2022,10-K,2023-02-09,2023-02-09 10:51:00,0000055785-23-000012,0000055785,KIMBERLY-CLARK CORPORATION,0099
2546,http://www.sec.gov/Archives/edgar/data/1755672/000175567223000005/ctva-20221231.htm,DQC.US.0099.9533,US GAAP 2022,10-K,2023-02-09,2023-02-09 10:33:00,0001755672-23-000005,0001755672,"Corteva, Inc.",0099
2547,http://www.sec.gov/Archives/edgar/data/1490349/000121390023009500/f10q1222_phenixfincorp.htm,DQC.US.0099.9533,US GAAP 2022,10-Q,2023-02-09,2023-02-09 06:04:00,0001213900-23-009500,0001490349,PHENIXFIN CORPORATION,0099
2548,http://www.sec.gov/Archives/edgar/data/1349706/000121465923001835/r1216221s1a1.htm,DQC.US.0099.9533,US GAAP 2022,S-1/A,2023-02-09,2023-02-08 19:26:00,0001214659-23-001835,0001349706,"TURNONGREEN, INC.",0099
2549,http://www.sec.gov/Archives/edgar/data/1603923/000160392323000068/wfrd-20221231.htm,DQC.US.0099.9533,US GAAP 2022,10-K,2023-02-08,2023-02-08 17:29:00,0001603923-23-000068,0001603923,Weatherford International plc,0099
2550,http://www.sec.gov/Archives/edgar/data/1862068/000182912623001389/rubicontech_s1.htm,DQC.US.0099.9533,US GAAP 2022,S-1,2023-02-08,2023-02-08 17:15:00,0001829126-23-001389,0001862068,"Rubicon Technologies, Inc.",0099
2551,http://www.sec.gov/Archives/edgar/data/1098009/000118518523000110/amgreat20220930_10q.htm,DQC.US.0099.9533,US GAAP 2022,10-Q,2023-02-08,2023-02-08 17:09:00,0001185185-23-000110,0001098009,America Great Health,0099
2552,http://www.sec.gov/Archives/edgar/data/1417398/000141739823000011/hi-20221231.htm,DQC.US.0099.9533,US GAAP 2022,10-Q,2023-02-08,2023-02-08 16:33:00,0001417398-23-000011,0001417398,"HILLENBRAND, INC.",0099
2553,http://www.sec.gov/Archives/edgar/data/34903/000003490323000020/frt-20221231.htm,DQC.US.0099.9533,US GAAP 2022,10-K,2023-02-08,2023-02-08 16:13:00,0000034903-23-000020,0000034903,Federal Realty Investment Trust,0099
2554,http://www.sec.gov/Archives/edgar/data/1575295/000147793223000829/alid_10ka.htm,DQC.US.0099.9533,US GAAP 2022,10-K/A,2023-02-08,2023-02-08 15:33:00,0001477932-23-000829,0001575295,Allied Corp.,0099
2555,http://www.sec.gov/Archives/edgar/data/1874138/000159991623000030/shgi_q223o.htm,DQC.US.0099.9533,US GAAP 2022,10-Q,2023-02-08,2023-02-08 15:25:00,0001599916-23-000030,0001874138,"Sparx     Holdings Group, Inc.",0099
2556,http://www.sec.gov/Archives/edgar/data/875729/000107997323000168/bion_10q.htm,DQC.US.0099.9533,US GAAP 2022,10-Q,2023-02-08,2023-02-08 14:53:00,0001079973-23-000168,0000875729,"BION ENVIRONMENTAL TECHNOLOGIES, INC.",0099
2557,http://www.sec.gov/Archives/edgar/data/55242/000005524223000014/kmt-20221231.htm,DQC.US.0099.9533,US GAAP 2022,10-Q,2023-02-08,2023-02-08 11:02:00,0000055242-23-000014,0000055242,KENNAMETAL INC.,0099
2558,http://www.sec.gov/Archives/edgar/data/1104280/000109690623000276/sgbi-20221231.htm,DQC.US.0099.9533,US GAAP 2022,10-Q,2023-02-07,2023-02-07 17:29:00,0001096906-23-000276,0001104280,SANGUI BIOTECH INTERNATIONAL INC,0099
2559,http://www.sec.gov/Archives/edgar/data/1314052/000173112223000152/e4385_10-q.htm,DQC.US.0099.9533,US GAAP 2022,10-Q,2023-02-07,2023-02-07 17:11:00,0001731122-23-000152,0001314052,"ANAVEX
LIFE SCIENCES CORP.",0099
2560,http://www.sec.gov/Archives/edgar/data/701288/000165495423001433/atri_10q.htm,DQC.US.0099.9533,US GAAP 2022,10-Q/A,2023-02-07,2023-02-07 16:30:00,0001654954-23-001433,0000701288,Atrion Corporation,0099
2561,http://www.sec.gov/Archives/edgar/data/921082/000092108223000006/hiw-20221231.htm,DQC.US.0099.9533,US GAAP 2022,10-K,2023-02-07,2023-02-07 16:05:00,0000921082-23-000006,0000921082,"HIGHWOODS PROPERTIES, INC.",0099
2562,http://www.sec.gov/Archives/edgar/data/45012/000004501223000011/hal-20221231.htm,DQC.US.0099.9533,US GAAP 2022,10-K,2023-02-07,2023-02-07 13:18:00,0000045012-23-000011,0000045012,HALLIBURTON COMPANY,0099
2563,http://www.sec.gov/Archives/edgar/data/1407573/000165495423001360/acru_10kta.htm,DQC.US.0099.9533,US GAAP 2022,10-KT/A,2023-02-07,2023-02-07 06:02:00,0001654954-23-001360,0001407573,"AMERICREW, INC.",0099
2564,http://www.sec.gov/Archives/edgar/data/101829/000010182923000009/rtx-20221231.htm,DQC.US.0099.9533,US GAAP 2022,10-K,2023-02-07,2023-02-06 17:32:00,0000101829-23-000009,0000101829,RTX CORPORATION,0099
2565,http://www.sec.gov/Archives/edgar/data/1572384/000164033423000162/prcx_10ka.htm,DQC.US.0099.9533,US GAAP 2022,10-K/A,2023-02-06,2023-02-06 14:02:00,0001640334-23-000162,0001572384,PHOENIX RISING COMPANIES,0099
2566,http://www.sec.gov/Archives/edgar/data/1026662/000165495423001295/lwt_20fa.htm,DQC.US.0099.9533,US GAAP 2022,20-F/A,2023-02-06,2023-02-06 07:48:00,0001654954-23-001295,0001026662,EURO TECH HOLDINGS COMPANY LIMITED,0099
2567,http://www.sec.gov/Archives/edgar/data/1892480/000147793223000749/hemp_s1.htm,DQC.US.0099.9533,US GAAP 2022,S-1,2023-02-04,2023-02-03 17:04:00,0001477932-23-000749,0001892480,"Hempacco Co., Inc.",0099
2568,http://www.sec.gov/Archives/edgar/data/704172/000149315223003538/form10-q.htm,DQC.US.0099.9533,US GAAP 2022,10-Q,2023-02-04,2023-02-03 16:45:00,0001493152-23-003538,0000704172,"PHI GROUP, INC.",0099
2569,http://www.sec.gov/Archives/edgar/data/1350593/000135059323000008/mwa-20221231.htm,DQC.US.0099.9533,US GAAP 2022,10-Q,2023-02-04,2023-02-03 16:15:00,0001350593-23-000008,0001350593,"MUELLER WATER PRODUCTS, INC.",0099
2570,http://www.sec.gov/Archives/edgar/data/1610718/000121390023007977/f10q1222_outdoor.htm,DQC.US.0099.9533,US GAAP 2022,10-Q,2023-02-03,2023-02-03 16:03:00,0001213900-23-007977,0001610718,"OUTDOOR SPECIALTY PRODUCTS, INC.",0099
2571,http://www.sec.gov/Archives/edgar/data/1837240/000183724023000056/sym-20221224.htm,DQC.US.0099.9533,US GAAP 2022,10-Q,2023-02-03,2023-02-03 16:02:00,0001837240-23-000056,0001837240,SYMBOTIC INC.,0099
2572,http://www.sec.gov/Archives/edgar/data/829224/000082922423000017/sbux-20230101.htm,DQC.US.0099.9533,US GAAP 2022,10-Q,2023-02-03,2023-02-02 16:31:00,0000829224-23-000017,0000829224,Starbucks Corporation,0099
2573,http://www.sec.gov/Archives/edgar/data/1604778/000160477823000034/rfmd-20221231.htm,DQC.US.0099.9533,US GAAP 2022,10-Q,2023-02-03,2023-02-02 16:10:00,0001604778-23-000034,0001604778,"Qorvo, Inc.",0099
2574,http://www.sec.gov/Archives/edgar/data/1776932/000177693223000005/mmen-20221224.htm,DQC.US.0099.9533,US GAAP 2022,10-Q,2023-02-02,2023-02-02 16:06:00,0001776932-23-000005,0001776932,MEDMEN ENTERPRISES INC.,0099
2575,http://www.sec.gov/Archives/edgar/data/1702015/000159991623000026/aisq3_23o.htm,DQC.US.0099.9533,US GAAP 2022,10-Q,2023-02-02,2023-02-02 10:37:00,0001599916-23-000026,0001702015,"AIS
HOLDINGS GROUP, INC.",0099
2576,http://www.sec.gov/Archives/edgar/data/1443611/000147793223000686/sing_s1.htm,DQC.US.0099.9533,US GAAP 2022,S-1,2023-02-02,2023-02-01 17:11:00,0001477932-23-000686,0001443611,Singlepoint Inc.,0099
2577,http://www.sec.gov/Archives/edgar/data/1005229/000100522923000021/cmco-20221231.htm,DQC.US.0099.9533,US GAAP 2022,10-Q,2023-02-02,2023-02-01 16:24:00,0001005229-23-000021,0001005229,Columbus McKinnon Corporation,0099
2578,http://www.sec.gov/Archives/edgar/data/1809750/000147793223000669/edbl_s1.htm,DQC.US.0099.9533,US GAAP 2022,S-1/A,2023-02-01,2023-02-01 12:25:00,0001477932-23-000669,0001809750,EDIBLE GARDEN AG INCORPORATED,0099
2579,http://www.sec.gov/Archives/edgar/data/34956/000165495423001107/tenx_s1.htm,DQC.US.0099.9533,US GAAP 2022,S-1/A,2023-01-31,2023-01-31 17:16:00,0001654954-23-001107,0000034956,"Tenax Therapeutics, Inc.",0099
2580,http://www.sec.gov/Archives/edgar/data/1730732/000109690623000237/live-20221231.htm,DQC.US.0099.9533,US GAAP 2022,10-K,2023-01-31,2023-01-31 15:17:00,0001096906-23-000237,0001730732,3FORCES INC.,0099
2581,http://www.sec.gov/Archives/edgar/data/1407573/000165495423001016/acru_10kt.htm,DQC.US.0099.9533,US GAAP 2022,10-KT,2023-01-30,2023-01-30 16:49:00,0001654954-23-001016,0001407573,"AMERICREW, INC.",0099
2582,http://www.sec.gov/Archives/edgar/data/1624140/000101738623000031/jmkj2022dec31-10q.htm,DQC.US.0099.9533,US GAAP 2022,10-Q,2023-01-30,2023-01-30 15:33:00,0001017386-23-000031,0001624140,"CORETAG, INC.",0099
2583,http://www.sec.gov/Archives/edgar/data/1789330/000190359623000080/sfsmjhi10q012823.htm,DQC.US.0099.9533,US GAAP 2022,10-Q,2023-01-30,2023-01-30 13:24:00,0001903596-23-000080,0001789330,"MJ Harvest, Inc.",0099
2584,http://www.sec.gov/Archives/edgar/data/38777/000003877723000009/ben-20221231.htm,DQC.US.0099.9533,US GAAP 2021,10-Q,2023-01-30,2023-01-30 08:46:00,0000038777-23-000009,0000038777,"FRANKLIN RESOURCES, INC.",0099
2585,http://www.sec.gov/Archives/edgar/data/1437925/000147793223000591/gmgi_10k.htm,DQC.US.0099.9533,US GAAP 2022,10-K,2023-01-30,2023-01-30 06:02:00,0001477932-23-000591,0001437925,"Golden Matrix Group, Inc.",0099
2586,http://www.sec.gov/Archives/edgar/data/1546853/000147793223000586/skky_10k.htm,DQC.US.0099.9533,US GAAP 2022,10-K,2023-01-27,2023-01-27 16:05:00,0001477932-23-000586,0001546853,"SKKYNET CLOUD SYSTEMS, INC.",0099
2587,http://www.sec.gov/Archives/edgar/data/1809750/000147793223000584/edbl_s1.htm,DQC.US.0099.9533,US GAAP 2022,S-1/A,2023-01-27,2023-01-27 15:04:00,0001477932-23-000584,0001809750,EDIBLE GARDEN AG INCORPORATED,0099
2588,http://www.sec.gov/Archives/edgar/data/36840/000117494723000058/frevsob-20221031.htm,DQC.US.0099.9533,US GAAP 2022,10-K,2023-01-27,2023-01-27 13:29:00,0001174947-23-000058,0000036840,"FIRST REAL ESTATE INVESTMENT TRUST OF NEW JERSEY, INC.",0099
2589,http://www.sec.gov/Archives/edgar/data/926844/000182912623001055/fussbrands_10k.htm,DQC.US.0099.9533,US GAAP 2022,10-K,2023-01-27,2023-01-27 12:12:00,0001829126-23-001055,0000926844,FUSS BRANDS CORP.,0099
2590,http://www.sec.gov/Archives/edgar/data/1883814/000182912623001050/legatomerger_s4a6.htm,DQC.US.0099.9533,US GAAP 2022,S-4/A,2023-01-27,2023-01-27 10:39:00,0001829126-23-001050,0001883814,"Southland Holdings, Inc.",0099
2591,http://www.sec.gov/Archives/edgar/data/1602409/000152013823000073/fngr-20230126_s1a2.htm,DQC.US.0099.9533,US GAAP 2022,S-1/A,2023-01-27,2023-01-26 18:35:00,0001520138-23-000073,0001602409,"FINGERMOTION, INC.",0099
2592,http://www.sec.gov/Archives/edgar/data/1862068/000182912623001016/rubicontech_s1a1.htm,DQC.US.0099.9533,US GAAP 2022,S-1/A,2023-01-26,2023-01-26 16:37:00,0001829126-23-001016,0001862068,"Rubicon Technologies, Inc.",0099
2593,http://www.sec.gov/Archives/edgar/data/1862068/000182912623001014/rubicontech_s1a3.htm,DQC.US.0099.9533,US GAAP 2022,S-1/A,2023-01-26,2023-01-26 16:34:00,0001829126-23-001014,0001862068,"Rubicon Technologies, Inc.",0099
2594,http://www.sec.gov/Archives/edgar/data/1609139/000155479523000020/innd0125form10q.htm,DQC.US.0099.9533,US GAAP 2021,10-Q,2023-01-26,2023-01-26 14:34:00,0001554795-23-000020,0001609139,"INNERSCOPE HEARING TECHNOLOGIES, INC.",0099
2595,http://www.sec.gov/Archives/edgar/data/1883083/000159991623000023/gplholdings_10q123o.htm,DQC.US.0099.9533,US GAAP 2021,10-Q,2023-01-26,2023-01-26 11:00:00,0001599916-23-000023,0001883083,"GPL HOLDINGS, INC.",0099
2596,http://www.sec.gov/Archives/edgar/data/1133421/000113342123000006/noc-20221231.htm,DQC.US.0099.9533,US GAAP 2022,10-K,2023-01-26,2023-01-26 08:32:00,0001133421-23-000006,0001133421,NORTHROP GRUMMAN CORP /DE/,0099
2597,http://www.sec.gov/Archives/edgar/data/1715611/000164033423000126/bmmj_10q.htm,DQC.US.0099.9533,US GAAP 2022,10-Q,2023-01-24,2023-01-24 17:27:00,0001640334-23-000126,0001715611,BODY AND MIND INC.,0099
2598,http://www.sec.gov/Archives/edgar/data/1357878/000147237523000024/ixform10q.htm,DQC.US.0099.9533,US GAAP 2022,10-Q,2023-01-24,2023-01-24 16:23:00,0001472375-23-000024,0001357878,"REGENEREX PHARMA, INC.",0099
2599,http://www.sec.gov/Archives/edgar/data/1575295/000147793223000480/alid_10q.htm,DQC.US.0099.9533,US GAAP 2022,10-Q,2023-01-24,2023-01-23 18:34:00,0001477932-23-000480,0001575295,Allied Corp.,0099
2600,http://www.sec.gov/Archives/edgar/data/1563298/000155335023000044/eawd_s1.htm,DQC.US.0099.9533,US GAAP 2022,S-1,2023-01-23,2023-01-23 17:23:00,0001553350-23-000044,0001563298,ENERGY AND WATER DEVELOPMENT CORP.,0099
2601,http://www.sec.gov/Archives/edgar/data/1765651/000164033423000116/pse_10q.htm,DQC.US.0099.9533,US GAAP 2022,10-Q,2023-01-23,2023-01-23 16:55:00,0001640334-23-000116,0001765651,PACIFIC SPORTS EXCHANGE INC.,0099
2602,http://www.sec.gov/Archives/edgar/data/34956/000165495423000693/tenx_s1.htm,DQC.US.0099.9533,US GAAP 2022,S-1,2023-01-23,2023-01-23 16:49:00,0001654954-23-000693,0000034956,"Tenax Therapeutics, Inc.",0099
2603,http://www.sec.gov/Archives/edgar/data/1442492/000119983523000037/lrdc-10q.htm,DQC.US.0099.9533,US GAAP 2022,10-Q,2023-01-23,2023-01-23 16:43:00,0001199835-23-000037,0001442492,"Laredo Oil, Inc.",0099
2604,http://www.sec.gov/Archives/edgar/data/1703625/000119983523000030/blis-10q.htm,DQC.US.0099.9533,US GAAP 2022,10-Q/A,2023-01-23,2023-01-23 14:58:00,0001199835-23-000030,0001703625,"NAPC Defense, Inc.",0099
2605,http://www.sec.gov/Archives/edgar/data/1487931/000147793223000456/fssn_10q.htm,DQC.US.0099.9533,US GAAP 2022,10-Q,2023-01-23,2023-01-23 13:27:00,0001477932-23-000456,0001487931,FISION Corporation,0099
2606,http://www.sec.gov/Archives/edgar/data/1498148/000116169723000080/form_10-q.htm,DQC.US.0099.9533,US GAAP 2022,10-Q,2023-01-20,2023-01-20 16:02:00,0001161697-23-000080,0001498148,ARTIFICIAL     INTELLIGENCE TECHNOLOGY SOLUTIONS INC.,0099
2607,http://www.sec.gov/Archives/edgar/data/1677897/000155278123000022/e23021-upyy_10q.htm,DQC.US.0099.9533,US GAAP 2022,10-Q,2023-01-20,2023-01-20 14:55:00,0001552781-23-000022,0001677897,"UPAY, Inc.",0099
2608,http://www.sec.gov/Archives/edgar/data/1811530/000159991623000021/nxmh10q223o.htm,DQC.US.0099.9533,US GAAP 2022,10-Q,2023-01-20,2023-01-20 12:21:00,0001599916-23-000021,0001811530,"Next Meats Holdings, Inc.",0099
2609,http://www.sec.gov/Archives/edgar/data/1806904/000121390023003910/f20f2022_ezgotech.htm,DQC.US.0099.9533,US GAAP 2022,20-F,2023-01-20,2023-01-20 08:25:00,0001213900-23-003910,0001806904,"EZGO
Technologies Ltd.",0099
2610,http://www.sec.gov/Archives/edgar/data/1883814/000182912623000896/legatomerger_s4a5.htm,DQC.US.0099.9533,US GAAP 2022,S-4/A,2023-01-19,2023-01-19 17:05:00,0001829126-23-000896,0001883814,"Southland Holdings, Inc.",0099
2611,http://www.sec.gov/Archives/edgar/data/1589150/000160706223000028/rgbp123122form10q.htm,DQC.US.0099.9533,US GAAP 2022,10-Q,2023-01-19,2023-01-19 15:41:00,0001607062-23-000028,0001589150,"REGEN BIOPHARMA, INC.",0099
2612,http://www.sec.gov/Archives/edgar/data/1650739/000147793223000380/ajia-20210630.xml,DQC.US.0099.9533,US GAAP 2022,10-K/A,2023-01-18,2023-01-18 16:02:00,0001477932-23-000380,0001650739,"AJIA INNOGROUP HOLDINGS, LTD.",0099
2613,http://www.sec.gov/Archives/edgar/data/1481504/000147793223000377/xeri_s1.htm,DQC.US.0099.9533,US GAAP 2022,S-1,2023-01-18,2023-01-18 15:34:00,0001477932-23-000377,0001481504,"XERIANT, INC.",0099
2614,http://www.sec.gov/Archives/edgar/data/1126162/000190359623000047/purt10k.htm,DQC.US.0099.9533,US GAAP 2022,10-K,2023-01-18,2023-01-18 10:37:00,0001903596-23-000047,0001126162,PURTHANOL RESOURCES LIMITED,0099
2615,http://www.sec.gov/Archives/edgar/data/91668/000165495423000512/sodi_8k.htm,DQC.US.0099.9533,US GAAP 2022,10-Q,2023-01-18,2023-01-17 17:53:00,0001654954-23-000512,0000091668,"SOLITRON DEVICES, INC.",0099
2616,http://www.sec.gov/Archives/edgar/data/806172/000117152023000029/eps10593.htm,DQC.US.0099.9533,US GAAP 2022,10-Q,2023-01-17,2023-01-17 16:45:00,0001171520-23-000029,0000806172,SONO TEK CORP,0099
2617,http://www.sec.gov/Archives/edgar/data/1605331/000166357723000014/abqq10q.htm,DQC.US.0099.9533,US GAAP 2022,10-Q,2023-01-17,2023-01-17 16:19:00,0001663577-23-000014,0001605331,AB International Group Corp.,0099
2618,http://www.sec.gov/Archives/edgar/data/1715611/000164033423000071/bmmj_10k.htm,DQC.US.0099.9533,US GAAP 2022,10-K,2023-01-17,2023-01-17 16:15:00,0001640334-23-000071,0001715611,BODY AND MIND INC.,0099
2619,http://www.sec.gov/Archives/edgar/data/1931055/000166357723000010/mdin10q.htm,DQC.US.0099.9533,US GAAP 2022,10-Q,2023-01-17,2023-01-17 15:05:00,0001663577-23-000010,0001931055,Medinotec Inc.,0099
2620,http://www.sec.gov/Archives/edgar/data/1350156/000126246323000006/paxh11302022q.htm,DQC.US.0099.9533,US GAAP 2022,10-Q,2023-01-17,2023-01-17 15:00:00,0001262463-23-000006,0001350156,PREAXIA HEALTH CARE PAYMENT SYSTEMS INC.,0099
2621,http://www.sec.gov/Archives/edgar/data/1231339/000147793223000322/astra_10q.htm,DQC.US.0099.9533,US GAAP 2022,10-Q,2023-01-17,2023-01-17 13:05:00,0001477932-23-000322,0001231339,"Astra Energy, Inc.",0099
2622,http://www.sec.gov/Archives/edgar/data/1624140/000101738623000022/jmkj2022sept30-10k.htm,DQC.US.0099.9533,US GAAP 2022,10-K,2023-01-17,2023-01-17 12:20:00,0001017386-23-000022,0001624140,"CORETAG, INC.",0099
2623,http://www.sec.gov/Archives/edgar/data/1680237/000147793223000313/cksg_10q.htm,DQC.US.0099.9533,US GAAP 2022,10-Q,2023-01-17,2023-01-17 12:10:00,0001477932-23-000313,0001680237,CHINA KING SPIRIT GROUP LTD.,0099
2624,http://www.sec.gov/Archives/edgar/data/1570132/000155335023000018/anvi_10q.htm,DQC.US.0099.9533,US GAAP 2022,10-Q,2023-01-17,2023-01-17 06:52:00,0001553350-23-000018,0001570132,"ANVI GLOBAL HOLDINGS, INC.",0099
2625,http://www.sec.gov/Archives/edgar/data/704172/000149315223001515/form10-ka.htm,DQC.US.0099.9533,US GAAP 2022,10-K/A,2023-01-17,2023-01-17 06:13:00,0001493152-23-001515,0000704172,"PHI GROUP, INC.",0099
2626,http://www.sec.gov/Archives/edgar/data/924515/000147793223000284/gthp_s1.htm,DQC.US.0099.9533,US GAAP 2022,S-1,2023-01-17,2023-01-13 17:01:00,0001477932-23-000284,0000924515,"GUIDED THERAPEUTICS, INC.",0099
2627,http://www.sec.gov/Archives/edgar/data/1870144/000113626123000014/cdio-jan122023s1a.htm,DQC.US.0099.9533,US GAAP 2022,S-1/A,2023-01-17,2023-01-13 16:36:00,0001136261-23-000014,0001870144,"CARDIO DIAGNOSTICS HOLDINGS, INC.",0099
2628,http://www.sec.gov/Archives/edgar/data/1500123/000155479523000012/inlb0113form10k.htm,DQC.US.0099.9533,US GAAP 2022,10-K,2023-01-17,2023-01-13 16:06:00,0001554795-23-000012,0001500123,ITEM 9 LABS CORP.,0099
2629,http://www.sec.gov/Archives/edgar/data/1367408/000139390523000019/oily-20220930.htm,DQC.US.0099.9533,US GAAP 2022,10-K,2023-01-17,2023-01-13 14:43:00,0001393905-23-000019,0001367408,Sino                                                American Oil Co,0099
2630,http://www.sec.gov/Archives/edgar/data/1412659/000166225223000007/rgin10k.htm,DQC.US.0099.9533,US GAAP 2022,10-K,2023-01-17,2023-01-13 14:36:00,0001662252-23-000007,0001412659,"Regenicin, Inc.",0099
2631,http://www.sec.gov/Archives/edgar/data/1673431/000109690623000105/iaec-20220930.htm,DQC.US.0099.9533,US GAAP 2022,10-Q,2023-01-17,2023-01-13 12:25:00,0001096906-23-000105,0001673431,SOUTH EAST ASIA DEVELOPMENT CORP.,0099
2632,http://www.sec.gov/Archives/edgar/data/1458023/000182912623000771/flowerkistskin_10q.htm,DQC.US.0099.9533,US GAAP 2022,10-Q,2023-01-17,2023-01-13 08:00:00,0001829126-23-000771,0001458023,"FLOWERKIST SKIN CARE AND COSMETICS, INC.",0099
2633,http://www.sec.gov/Archives/edgar/data/1891791/000182912623000766/transglobal_10q.htm,DQC.US.0099.9533,US GAAP 2022,10-Q,2023-01-17,2023-01-13 06:01:00,0001829126-23-000766,0001891791,Trans Global Group Inc.,0099
2634,http://www.sec.gov/Archives/edgar/data/1504678/000165495423000362/loop_10q.htm,DQC.US.0099.9533,US GAAP 2022,10-Q,2023-01-17,2023-01-12 16:16:00,0001654954-23-000362,0001504678,"Loop Industries, Inc.",0099
2635,http://www.sec.gov/Archives/edgar/data/1522222/000118518523000024/cls20221130_10q.htm,DQC.US.0099.9533,US GAAP 2022,10-Q,2023-01-17,2023-01-12 09:00:00,0001185185-23-000024,0001522222,"CLS HOLDINGS USA, INC.",0099
2636,http://www.sec.gov/Archives/edgar/data/806592/000080659223000008/suwn-20221031.htm,DQC.US.0099.9533,US GAAP 2022,10-Q,2023-01-17,2023-01-11 16:02:00,0000806592-23-000008,0000806592,"SUNWIN STEVIA INTERNATIONAL, INC.",0099
2637,http://www.sec.gov/Archives/edgar/data/1673431/000109690623000086/iaec-20220630.htm,DQC.US.0099.9533,US GAAP 2022,10-Q,2023-01-11,2023-01-11 14:29:00,0001096906-23-000086,0001673431,SOUTH EAST ASIA DEVELOPMENT CORP.,0099
2638,http://www.sec.gov/Archives/edgar/data/1357671/000121390023002078/ea171298-s1_creatdinc.htm,DQC.US.0099.9533,US GAAP 2022,S-1,2023-01-10,2023-01-10 17:13:00,0001213900-23-002078,0001357671,"Creatd, Inc.",0099
2639,http://www.sec.gov/Archives/edgar/data/1673431/000109690623000061/iaec-20220331.htm,DQC.US.0099.9533,US GAAP 2022,10-Q,2023-01-10,2023-01-09 19:30:00,0001096906-23-000061,0001673431,SOUTH EAST ASIA DEVELOPMENT CORP.,0099
2640,http://www.sec.gov/Archives/edgar/data/1438901/000116169723000052/form_10-q.htm,DQC.US.0099.9533,US GAAP 2022,10-Q/A,2023-01-09,2023-01-09 17:05:00,0001161697-23-000052,0001438901,"AUTO PARTS 4LESS GROUP, INC.",0099
2641,http://www.sec.gov/Archives/edgar/data/1634293/000159991623000009/exceed_10k22o.htm,DQC.US.0099.9533,US GAAP 2022,10-K,2023-01-09,2023-01-09 15:36:00,0001599916-23-000009,0001634293,"Exceed World, Inc.",0099
2642,http://www.sec.gov/Archives/edgar/data/1874440/000109690623000053/lvca-20220831.htm,DQC.US.0099.9533,US GAAP 2021,10-Q,2023-01-09,2023-01-09 15:17:00,0001096906-23-000053,0001874440,"VICTORIA LAKE, INC.",0099
2643,http://www.sec.gov/Archives/edgar/data/1502152/000116169723000049/form_10-k.htm,DQC.US.0099.9533,US GAAP 2022,10-K,2023-01-09,2023-01-09 13:46:00,0001161697-23-000049,0001502152,GlobeStar Therapeutics Corp,0099
2644,http://www.sec.gov/Archives/edgar/data/1517389/000147793223000181/jfil_10q.htm,DQC.US.0099.9533,US GAAP 2022,10-Q,2023-01-09,2023-01-09 13:43:00,0001477932-23-000181,0001517389,"Jubilant Flame International, LTD",0099
2645,http://www.sec.gov/Archives/edgar/data/31667/000118518523000013/edc20221130_10q.htm,DQC.US.0099.9533,US GAAP 2022,10-Q,2023-01-06,2023-01-06 16:01:00,0001185185-23-000013,0000031667,EDUCATIONAL DEVELOPMENT CORPORATION,0099
2646,http://www.sec.gov/Archives/edgar/data/1673431/000109690623000016/iaec-20211231.htm,DQC.US.0099.9533,US GAAP 2022,10-K,2023-01-05,2023-01-05 17:23:00,0001096906-23-000016,0001673431,SOUTH EAST ASIA DEVELOPMENT CORP.,0099
2647,http://www.sec.gov/Archives/edgar/data/1602409/000152013823000005/fngr-2023_s1a.htm,DQC.US.0099.9533,US GAAP 2022,S-1/A,2023-01-05,2023-01-04 21:56:00,0001520138-23-000005,0001602409,"FINGERMOTION, INC.",0099
2648,http://www.sec.gov/Archives/edgar/data/1809750/000147793223000104/edbl_s1.htm,DQC.US.0099.9533,US GAAP 2022,S-1/A,2023-01-05,2023-01-04 21:01:00,0001477932-23-000104,0001809750,EDIBLE GARDEN AG INCORPORATED,0099
2649,http://www.sec.gov/Archives/edgar/data/1883814/000182912623000082/legatomerger_s4a4.htm,DQC.US.0099.9533,US GAAP 2022,S-4/A,2023-01-05,2023-01-04 18:08:00,0001829126-23-000082,0001883814,"Southland Holdings, Inc.",0099
2650,http://www.sec.gov/Archives/edgar/data/1907730/000182912623000038/yottaacq_s4.htm,DQC.US.0099.9533,US GAAP 2022,S-4,2023-01-04,2023-01-04 16:07:00,0001829126-23-000038,0001907730,Yotta Acquisition Corporation,0099
2651,http://www.sec.gov/Archives/edgar/data/1862068/000182912623000011/rubicontech_s1a.htm,DQC.US.0099.9533,US GAAP 2022,S-1/A,2023-01-04,2023-01-03 17:45:00,0001829126-23-000011,0001862068,"Rubicon Technologies, Inc.",0099
2652,http://www.sec.gov/Archives/edgar/data/1673431/000109690623000005/iaec-20210930.htm,DQC.US.0099.9533,US GAAP 2022,10-Q,2023-01-03,2023-01-03 13:45:00,0001096906-23-000005,0001673431,SOUTH EAST ASIA DEVELOPMENT CORP.,0099
2653,http://www.sec.gov/Archives/edgar/data/1765826/000159991623000002/bzrd10q_q3o.htm,DQC.US.0099.9533,US GAAP 2022,10-Q,2023-01-03,2023-01-03 09:58:00,0001599916-23-000002,0001765826,"Blubuzzard, Inc.",0099
